idx_gk,timestamp_s,cabeca_0_x,cabeca_0_y,cabeca_0_z,cabeca_0_vis,braco_dir_ombro_x,braco_dir_ombro_y,braco_dir_ombro_z,braco_dir_ombro_vis,braco_dir_cotov_x,braco_dir_cotov_y,braco_dir_cotov_z,braco_dir_cotov_vis,braco_dir_pulso_x,braco_dir_pulso_y,braco_dir_pulso_z,braco_dir_pulso_vis,braco_esq_ombro_x,braco_esq_ombro_y,braco_esq_ombro_z,braco_esq_ombro_vis,braco_esq_cotov_x,braco_esq_cotov_y,braco_esq_cotov_z,braco_esq_cotov_vis,braco_esq_pulso_x,braco_esq_pulso_y,braco_esq_pulso_z,braco_esq_pulso_vis,perna_dir_anca_x,perna_dir_anca_y,perna_dir_anca_z,perna_dir_anca_vis,perna_dir_joelho_x,perna_dir_joelho_y,perna_dir_joelho_z,perna_dir_joelho_vis,perna_dir_tornoz_x,perna_dir_tornoz_y,perna_dir_tornoz_z,perna_dir_tornoz_vis,perna_esq_anca_x,perna_esq_anca_y,perna_esq_anca_z,perna_esq_anca_vis,perna_esq_joelho_x,perna_esq_joelho_y,perna_esq_joelho_z,perna_esq_joelho_vis,perna_esq_tornoz_x,perna_esq_tornoz_y,perna_esq_tornoz_z,perna_esq_tornoz_vis,resultado
shot_KS_25,524.0263113975525,0.18055443465709686,0.6504073739051819,-0.33381932973861694,0.9986554384231567,0.17606066167354584,0.6644150018692017,0.019431600347161293,0.9998171925544739,0.1856880635023117,0.6652442216873169,0.1543986052274704,0.046388350427150726,0.18523669242858887,0.6481261849403381,0.1071832999587059,0.128024622797966,0.1738099753856659,0.6682093143463135,-0.4568731188774109,0.9993858337402344,0.18359829485416412,0.6706670522689819,-0.6599826812744141,0.7735101580619812,0.18452060222625732,0.6495269536972046,-0.8001645803451538,0.6003477573394775,0.17839562892913818,0.7163178324699402,0.16395094990730286,0.9999834299087524,0.18021303415298462,0.7453946471214294,0.42848333716392517,0.09972526878118515,0.17608825862407684,0.7748167514801025,0.6823096871376038,0.4886910021305084,0.1771952509880066,0.7180835604667664,-0.16397058963775635,0.9999829530715942,0.17996737360954285,0.7499246001243591,-0.22897328436374664,0.9063079953193665,0.17353670299053192,0.7879716157913208,-0.16853363811969757,0.9528732299804688,golo
shot_KS_25,524.1119322776794,0.1805550903081894,0.650687575340271,-0.24960395693778992,0.9987619519233704,0.1754283756017685,0.6655844449996948,0.023447206243872643,0.9998197555541992,0.1733464002609253,0.6633443236351013,0.1272338181734085,0.04415084049105644,0.16918128728866577,0.6492276191711426,0.07553967088460922,0.11943882703781128,0.17424063384532928,0.6689932942390442,-0.4431997835636139,0.9994407892227173,0.1854948252439499,0.6702286005020142,-0.5935279130935669,0.794812798500061,0.18507051467895508,0.6508963108062744,-0.6742680668830872,0.636972188949585,0.1783091276884079,0.7153814435005188,0.16263501346111298,0.9999843835830688,0.1802072376012802,0.7453499436378479,0.43312159180641174,0.09904719889163971,0.1769506335258484,0.773625373840332,0.6891425251960754,0.4826134443283081,0.17687742412090302,0.7166842818260193,-0.1626245230436325,0.9999842643737793,0.17952971160411835,0.7496781349182129,-0.19068188965320587,0.9131583571434021,0.17355306446552277,0.7880057096481323,-0.17076575756072998,0.9558775424957275,golo
shot_KS_25,524.1682271957397,0.18061073124408722,0.6512386798858643,-0.2338019162416458,0.9988410472869873,0.17538928985595703,0.6659384369850159,0.0561787374317646,0.9998255372047424,0.17813290655612946,0.663745641708374,0.16798850893974304,0.04268495365977287,0.17252014577388763,0.6545826196670532,0.11569453775882721,0.11477332562208176,0.17422796785831451,0.669157862663269,-0.4062677025794983,0.9994816780090332,0.18538589775562286,0.6717086434364319,-0.5689077973365784,0.8112373948097229,0.1852031797170639,0.6542169451713562,-0.6721227765083313,0.6636511087417603,0.1779811680316925,0.7151413559913635,0.15784606337547302,0.999984622001648,0.18007242679595947,0.745369553565979,0.4162626564502716,0.09916955232620239,0.17703400552272797,0.7733242511749268,0.6692796945571899,0.4790940284729004,0.17627985775470734,0.7164087295532227,-0.15782345831394196,0.999984860420227,0.178814098238945,0.7495236396789551,-0.20202581584453583,0.9186968803405762,0.17356953024864197,0.7880058884620667,-0.1796036660671234,0.9583125710487366,golo
shot_KS_25,524.2233572006226,0.18056386709213257,0.6506685614585876,-0.15523703396320343,0.9989516139030457,0.1748371720314026,0.6659070253372192,0.10795317590236664,0.9998354315757751,0.17830391228199005,0.6781145334243774,0.17171892523765564,0.039949025958776474,0.17733097076416016,0.6823405027389526,0.07490617036819458,0.10569131374359131,0.17450855672359467,0.6691297292709351,-0.3668716549873352,0.999530017375946,0.18579359352588654,0.6760857105255127,-0.4815501272678375,0.8293798565864563,0.18544508516788483,0.6577468514442444,-0.5001140236854553,0.6957695484161377,0.17767460644245148,0.7150540947914124,0.15730908513069153,0.9999847412109375,0.17951633036136627,0.7455218434333801,0.41133585572242737,0.11732634156942368,0.177180215716362,0.7765163779258728,0.6461045145988464,0.5003633499145508,0.175668865442276,0.716421902179718,-0.15729142725467682,0.9999856948852539,0.1777046173810959,0.7495682239532471,-0.16738347709178925,0.9261849522590637,0.17346327006816864,0.7880605459213257,-0.12249541282653809,0.9618752002716064,golo
shot_KS_25,524.2865686416626,0.18042153120040894,0.6505821347236633,-0.16246306896209717,0.9990550875663757,0.1720496118068695,0.6653945446014404,0.10847876220941544,0.9998482465744019,0.177603080868721,0.6766157150268555,0.28473252058029175,0.042837150394916534,0.18167975544929504,0.6672421097755432,0.3415190875530243,0.1163121834397316,0.17489591240882874,0.6693195104598999,-0.3657371997833252,0.9995726943016052,0.18559986352920532,0.6800230741500854,-0.41377273201942444,0.8448134064674377,0.1860557347536087,0.6613723039627075,-0.33631911873817444,0.7234942317008972,0.17621158063411713,0.7150980234146118,0.16144776344299316,0.9999850988388062,0.1789664477109909,0.7456967234611511,0.414267361164093,0.1452612578868866,0.17719100415706635,0.7774320840835571,0.6543458104133606,0.5219031572341919,0.17548389732837677,0.7164608240127563,-0.16144011914730072,0.9999862909317017,0.17726226150989532,0.7500280141830444,-0.15826065838336945,0.933131217956543,0.17332206666469574,0.7882217764854431,-0.11766230314970016,0.9651326537132263,golo
shot_KS_25,524.3342649936676,0.18031524121761322,0.650442361831665,-0.15875835716724396,0.999147891998291,0.1721697598695755,0.6656059622764587,0.1246580109000206,0.999861478805542,0.17846521735191345,0.6735235452651978,0.30815771222114563,0.04961547628045082,0.1824772208929062,0.6667183637619019,0.3605000674724579,0.14829733967781067,0.1749698668718338,0.6692976951599121,-0.3607479929924011,0.9996110796928406,0.1843438595533371,0.6840608716011047,-0.40950649976730347,0.858248770236969,0.18653857707977295,0.6658976674079895,-0.33390775322914124,0.7468145489692688,0.17511416971683502,0.7152117490768433,0.167830690741539,0.9999856948852539,0.17851199209690094,0.7459812164306641,0.43048617243766785,0.168731689453125,0.17710423469543457,0.7775997519493103,0.6734427809715271,0.5451400876045227,0.17525695264339447,0.716563880443573,-0.1677851378917694,0.9999868869781494,0.17715086042881012,0.7501429319381714,-0.16902363300323486,0.9395114779472351,0.1732023060321808,0.7882300615310669,-0.12429926544427872,0.9682496190071106,golo
shot_KS_25,524.3978815078735,0.18031664192676544,0.650310754776001,-0.16019070148468018,0.999228835105896,0.17267318069934845,0.6664198637008667,0.13361741602420807,0.9998725056648254,0.178964763879776,0.6792801022529602,0.2701488733291626,0.05278754234313965,0.18391403555870056,0.6685973405838013,0.25753846764564514,0.17712470889091492,0.1749260425567627,0.669281542301178,-0.3563443124294281,0.9996433854103088,0.1826440840959549,0.6852746605873108,-0.38054564595222473,0.8691409230232239,0.18658104538917542,0.667631208896637,-0.2663843631744385,0.7628159523010254,0.17498181760311127,0.7155196070671082,0.17236639559268951,0.9999859929084778,0.1783122569322586,0.7457496523857117,0.45243629813194275,0.1728922575712204,0.17653177678585052,0.7746896147727966,0.7021068334579468,0.5607423782348633,0.1750599443912506,0.7166152000427246,-0.17229439318180084,0.9999871850013733,0.17708171904087067,0.7501149773597717,-0.17731449007987976,0.9451473355293274,0.17318220436573029,0.7882080674171448,-0.13258017599582672,0.9710199236869812,golo
shot_KS_25,524.4525637626648,0.18027432262897491,0.6502031683921814,-0.17826180160045624,0.999301552772522,0.17294670641422272,0.6668762564659119,0.11612271517515182,0.999882698059082,0.17925946414470673,0.6792388558387756,0.24692335724830627,0.0527479387819767,0.18458537757396698,0.6696927547454834,0.22839877009391785,0.19022928178310394,0.17474885284900665,0.6701508164405823,-0.35762691497802734,0.9996748566627502,0.18135817348957062,0.6890276074409485,-0.40926212072372437,0.8795909881591797,0.1871625930070877,0.6731423139572144,-0.30816036462783813,0.7823693156242371,0.17479145526885986,0.715537965297699,0.1713344007730484,0.9999851584434509,0.1778474599123001,0.7457554340362549,0.4636981785297394,0.16347524523735046,0.1754959672689438,0.7743147611618042,0.7218130826950073,0.5485191941261292,0.17485971748828888,0.7169309258460999,-0.1712716668844223,0.9999868273735046,0.17692294716835022,0.750074028968811,-0.1785896271467209,0.9497662782669067,0.17312678694725037,0.7880156636238098,-0.1580733060836792,0.9729902148246765,golo
shot_KS_25,524.5084366798401,0.180278018116951,0.650165319442749,-0.24232013523578644,0.999370276927948,0.17320281267166138,0.6667690277099609,0.06961365044116974,0.9998934864997864,0.1793140023946762,0.6770359873771667,0.28848809003829956,0.05975238233804703,0.18639002740383148,0.6671903729438782,0.39975491166114807,0.2372484803199768,0.1745329648256302,0.6712213754653931,-0.4060080349445343,0.9997048377990723,0.17987863719463348,0.6920188665390015,-0.422497034072876,0.8904382586479187,0.1877310574054718,0.676351010799408,-0.3142898380756378,0.8024526834487915,0.17463572323322296,0.7158294320106506,0.17066791653633118,0.9999837279319763,0.17755506932735443,0.745985746383667,0.4636402130126953,0.15449056029319763,0.1748557984828949,0.775526225566864,0.715171217918396,0.5332021117210388,0.1745927482843399,0.7178237438201904,-0.17061081528663635,0.99998539686203,0.17674531042575836,0.7501161098480225,-0.1701517552137375,0.9533239603042603,0.17312820255756378,0.7879019975662231,-0.1184469684958458,0.9738011360168457,golo
shot_KS_25,524.5556671619415,0.1804758459329605,0.6502345204353333,-0.2411167174577713,0.9994323253631592,0.17330887913703918,0.6667274832725525,0.04940851405262947,0.99990314245224,0.17938430607318878,0.6767304539680481,0.28113070130348206,0.06279812753200531,0.1862417310476303,0.6683675646781921,0.40621763467788696,0.26959213614463806,0.17440833151340485,0.6717746257781982,-0.40750929713249207,0.9997327327728271,0.1790044903755188,0.6948734521865845,-0.367238312959671,0.9004224538803101,0.18848635256290436,0.6833834648132324,-0.19634130597114563,0.8209798336029053,0.17435048520565033,0.7161393761634827,0.16488824784755707,0.9999827742576599,0.1773623526096344,0.7468020915985107,0.4774057865142822,0.15106849372386932,0.17420275509357452,0.7765430808067322,0.7385693192481995,0.5223283171653748,0.17471042275428772,0.719257116317749,-0.1648118942975998,0.999984622001648,0.1761959344148636,0.7519443035125732,-0.01733875833451748,0.955378532409668,0.1730845421552658,0.7879034280776978,0.11669590324163437,0.9735633134841919,golo
shot_KS_25,524.6191267967224,0.18054015934467316,0.6501858234405518,-0.28229111433029175,0.999488890171051,0.1723836064338684,0.6666762828826904,0.006397209130227566,0.9999123811721802,0.17857317626476288,0.6770930290222168,0.2653000056743622,0.0666811391711235,0.18610988557338715,0.6707834005355835,0.40843725204467773,0.30032020807266235,0.1744437962770462,0.6724056005477905,-0.43649497628211975,0.999758780002594,0.17854256927967072,0.6964974999427795,-0.3794870376586914,0.9096535444259644,0.18934394419193268,0.6874970197677612,-0.20655277371406555,0.8380869626998901,0.17306680977344513,0.7161387205123901,0.16043135523796082,0.9999820590019226,0.17704768478870392,0.7467789053916931,0.4760287404060364,0.14829663932323456,0.17312096059322357,0.7771840691566467,0.7349317669868469,0.506813645362854,0.17490611970424652,0.720385730266571,-0.16038237512111664,0.9999842643737793,0.1763175129890442,0.7524712085723877,0.011851758696138859,0.9562555551528931,0.1730741709470749,0.7880852818489075,0.14999689161777496,0.9727097153663635,golo
shot_KS_25,524.6686925888062,0.18059931695461273,0.6500452756881714,-0.35365965962409973,0.9995399117469788,0.17142696678638458,0.6665595173835754,-0.051719971001148224,0.9999207854270935,0.17667609453201294,0.6768203973770142,0.2484135627746582,0.07198813557624817,0.18582867085933685,0.6745576858520508,0.40990179777145386,0.3274793028831482,0.1745581179857254,0.6731831431388855,-0.4910314083099365,0.9997826218605042,0.17730866372585297,0.6977145671844482,-0.3926907479763031,0.9184178709983826,0.18907244503498077,0.6934333443641663,-0.3030811846256256,0.8539864420890808,0.17229534685611725,0.7156851887702942,0.15325097739696503,0.9999808073043823,0.17684362828731537,0.7474220395088196,0.3934817314147949,0.15348155796527863,0.1726064831018448,0.7794709801673889,0.600847065448761,0.49819037318229675,0.17548410594463348,0.7207183837890625,-0.1532861888408661,0.9999837279319763,0.17624162137508392,0.7528376579284668,0.019679294899106026,0.9539552330970764,0.17304134368896484,0.7884527444839478,0.17482830584049225,0.9700192809104919,golo
shot_KS_25,524.7300388813019,0.18069541454315186,0.6498597264289856,-0.4293413460254669,0.9995858669281006,0.17115743458271027,0.6661589741706848,-0.10519319772720337,0.9999284148216248,0.176019087433815,0.6764922738075256,0.1929490715265274,0.08203263580799103,0.1855933964252472,0.6748976111412048,0.36580631136894226,0.36179354786872864,0.17471833527088165,0.6733435392379761,-0.5355348587036133,0.9998041391372681,0.17703604698181152,0.6978541612625122,-0.4726581871509552,0.9263314008712769,0.18897709250450134,0.6972771286964417,-0.32942813634872437,0.868373453617096,0.17148558795452118,0.714006781578064,0.14693759381771088,0.999976396560669,0.1763666421175003,0.7480248212814331,0.3034505844116211,0.15219159424304962,0.17201758921146393,0.7820611596107483,0.4471207559108734,0.4846703112125397,0.17589105665683746,0.7205077409744263,-0.14708289504051208,0.9999810457229614,0.1761208027601242,0.7527574300765991,-0.03640827536582947,0.9440497159957886,0.1728050261735916,0.7885526418685913,0.10076960176229477,0.9611207246780396,golo
shot_KS_25,524.7778618335724,0.1808183342218399,0.6498581171035767,-0.3913867175579071,0.9996272325515747,0.17084427177906036,0.6658356785774231,-0.08408588916063309,0.9999352693557739,0.1749662607908249,0.6775127053260803,0.20763351023197174,0.08689973503351212,0.18543009459972382,0.6765690445899963,0.39819857478141785,0.3827451467514038,0.17493854463100433,0.6736698150634766,-0.5171924829483032,0.9998235106468201,0.17650409042835236,0.6990280747413635,-0.4715978801250458,0.9334993362426758,0.1887887865304947,0.7005723714828491,-0.34340551495552063,0.8813032507896423,0.17093054950237274,0.7141613364219666,0.146407812833786,0.9999741315841675,0.17583799362182617,0.7481293678283691,0.3320515751838684,0.1543916016817093,0.17074145376682281,0.7813670039176941,0.4928796589374542,0.4765549302101135,0.17598046362400055,0.7208376526832581,-0.14654889702796936,0.9999799132347107,0.17603959143161774,0.7528185844421387,0.010031729005277157,0.9357728958129883,0.17246034741401672,0.7886796593666077,0.17227520048618317,0.9545018076896667,golo
shot_KS_25,524.8415541648865,0.18084366619586945,0.6498727202415466,-0.3553551137447357,0.9996644258499146,0.17037414014339447,0.6657997965812683,-0.06611255556344986,0.9999414086341858,0.17466551065444946,0.6780000329017639,0.20895609259605408,0.08861611783504486,0.18506035208702087,0.6768405437469482,0.41226229071617126,0.3923261761665344,0.17516553401947021,0.6743665933609009,-0.4934544563293457,0.9998409748077393,0.17603246867656708,0.6992262601852417,-0.4694574773311615,0.939897358417511,0.18871824443340302,0.7032533288002014,-0.3487611413002014,0.8927900195121765,0.17110209167003632,0.7142738103866577,0.14402340352535248,0.9999723434448242,0.17537856101989746,0.7485989332199097,0.35120218992233276,0.15876571834087372,0.17029230296611786,0.7816652059555054,0.5263859629631042,0.4708380103111267,0.17604787647724152,0.7209911346435547,-0.144161656498909,0.9999790191650391,0.17586998641490936,0.7529367804527283,0.0755758062005043,0.9272440671920776,0.17212308943271637,0.7890864610671997,0.26210981607437134,0.9490361213684082,golo
shot_KS_25,524.88924741745,0.18084602057933807,0.6498972177505493,-0.34232014417648315,0.9996979236602783,0.1702239066362381,0.6655632257461548,-0.06877146661281586,0.9999470114707947,0.17495663464069366,0.6776441931724548,0.2147529274225235,0.0956641361117363,0.18474870920181274,0.6763914823532104,0.4070642590522766,0.41460028290748596,0.17531464993953705,0.674639105796814,-0.4820978343486786,0.99985671043396,0.17650514841079712,0.6996409296989441,-0.4249582588672638,0.9456394910812378,0.18770375847816467,0.7053882479667664,-0.28934425115585327,0.9031748175621033,0.1713199019432068,0.7143614888191223,0.14095203578472137,0.999971866607666,0.1749764084815979,0.7492650747299194,0.3549608588218689,0.16853968799114227,0.17012032866477966,0.7822291851043701,0.531539797782898,0.4744986891746521,0.17604468762874603,0.7210380434989929,-0.14108313620090485,0.9999788999557495,0.1755656599998474,0.7532510161399841,0.07446233928203583,0.9250543713569641,0.17177337408065796,0.7894555330276489,0.2530615031719208,0.9482167959213257,golo
shot_KS_25,524.9531629085541,0.18090258538722992,0.6498984098434448,-0.4117439389228821,0.9997280240058899,0.170042023062706,0.6651831269264221,-0.1201367899775505,0.9999520182609558,0.17495398223400116,0.6773867607116699,0.1855759173631668,0.09144258499145508,0.1838717758655548,0.6762639880180359,0.38304296135902405,0.40113598108291626,0.17535294592380524,0.6749750971794128,-0.5210731625556946,0.9998707175254822,0.17617574334144592,0.7015328407287598,-0.46196526288986206,0.9503148198127747,0.18637937307357788,0.7074134945869446,-0.3312293589115143,0.9114982485771179,0.17107395827770233,0.714438259601593,0.13754937052726746,0.999970555305481,0.17427371442317963,0.7498395442962646,0.38833528757095337,0.16319572925567627,0.16998060047626495,0.7825683951377869,0.6183361411094666,0.4639497995376587,0.17577891051769257,0.7212631702423096,-0.13767589628696442,0.9999781250953674,0.17529600858688354,0.7533329725265503,0.14091743528842926,0.9086383581161499,0.171518936753273,0.7894499897956848,0.3835648000240326,0.9408032298088074,golo
shot_KS_25,525.0011315345764,0.18092690408229828,0.6498510241508484,-0.38920265436172485,0.9997551441192627,0.16997361183166504,0.6650065183639526,-0.10196950286626816,0.9999565482139587,0.1747981756925583,0.6782509088516235,0.19566474854946136,0.08887659013271332,0.18346576392650604,0.6765480041503906,0.38422611355781555,0.3950440287590027,0.1753767877817154,0.6749144196510315,-0.5108598470687866,0.9998834133148193,0.17616908252239227,0.7012597322463989,-0.4614572525024414,0.9546852111816406,0.18588529527187347,0.7078829407691956,-0.3386061191558838,0.9193115830421448,0.17109346389770508,0.7146264910697937,0.1383419632911682,0.9999701976776123,0.17405061423778534,0.7502554059028625,0.40442362427711487,0.1631726771593094,0.17023999989032745,0.7828270792961121,0.6395501494407654,0.461002916097641,0.17568114399909973,0.7213352918624878,-0.138442724943161,0.9999780654907227,0.1750558316707611,0.7534467577934265,0.15210555493831635,0.900976300239563,0.17133241891860962,0.7894546389579773,0.3991799056529999,0.9373732209205627,golo
shot_KS_25,525.0636439323425,0.1809554249048233,0.6497974395751953,-0.3848034739494324,0.9997795224189758,0.16987839341163635,0.6652953624725342,-0.10962587594985962,0.9999606013298035,0.1743374615907669,0.6780516505241394,0.1920531541109085,0.08437252044677734,0.18317842483520508,0.6765942573547363,0.38768258690834045,0.37696918845176697,0.17542320489883423,0.675199031829834,-0.5067132711410522,0.9998948574066162,0.17570556700229645,0.7014418840408325,-0.45590466260910034,0.9584983587265015,0.18553391098976135,0.707970380783081,-0.3292747437953949,0.9260298609733582,0.17063893377780914,0.7146345376968384,0.13521811366081238,0.9999691247940063,0.17390459775924683,0.7503174543380737,0.39746132493019104,0.16044405102729797,0.17039765417575836,0.7831065654754639,0.607549786567688,0.45428547263145447,0.17564652860164642,0.7214153409004211,-0.13534152507781982,0.9999775290489197,0.17493760585784912,0.7534098029136658,0.16541454195976257,0.8839377760887146,0.17138797044754028,0.7894440293312073,0.40713509917259216,0.9294112324714661,golo
shot_KS_25,525.1113095283508,0.18101553618907928,0.6497949361801147,-0.38495633006095886,0.999801516532898,0.16923701763153076,0.6642215847969055,-0.11180371046066284,0.9999642968177795,0.17392030358314514,0.6772290468215942,0.19004440307617188,0.08169636130332947,0.18315818905830383,0.6765609979629517,0.38820818066596985,0.36302509903907776,0.17552299797534943,0.675512433052063,-0.5120164752006531,0.9999052286148071,0.1754644215106964,0.7014040946960449,-0.45706313848495483,0.9620884656906128,0.18539118766784668,0.7081826329231262,-0.3330802023410797,0.9323288202285767,0.17015142738819122,0.7146676778793335,0.13598354160785675,0.9999687075614929,0.17371411621570587,0.7501637935638428,0.3912372887134552,0.15883682668209076,0.1703590750694275,0.7832371592521667,0.5800232887268066,0.4482261836528778,0.17562010884284973,0.7215576171875,-0.1361139416694641,0.9999774694442749,0.17500539124011993,0.7533800601959229,0.14693070948123932,0.8700361847877502,0.17144392430782318,0.7894331812858582,0.36901092529296875,0.922042965888977,golo
shot_KS_25,525.174599647522,0.18106256425380707,0.6497823596000671,-0.37528321146965027,0.9998213052749634,0.1690991073846817,0.6637991666793823,-0.10088662058115005,0.999967634677887,0.17392779886722565,0.6771985292434692,0.1950145810842514,0.07957682013511658,0.18318994343280792,0.6768086552619934,0.39766815304756165,0.3501409888267517,0.17562587559223175,0.6755594611167908,-0.5063691735267639,0.9999145269393921,0.1756337434053421,0.7016706466674805,-0.4439656138420105,0.9652246832847595,0.1853903830051422,0.7086487412452698,-0.3024304509162903,0.9378297924995422,0.17002500593662262,0.7147349715232849,0.13728167116641998,0.9999688267707825,0.17360833287239075,0.7500801682472229,0.4192314147949219,0.15897291898727417,0.17028413712978363,0.7830960750579834,0.625424861907959,0.44765228033065796,0.1756247729063034,0.7217680215835571,-0.13740216195583344,0.9999777674674988,0.175138458609581,0.7533628940582275,0.15839776396751404,0.8638722896575928,0.17158766090869904,0.789376437664032,0.3811347484588623,0.9196087121963501,golo
shot_KS_25,525.2320206165314,0.18107706308364868,0.6497871279716492,-0.2983989119529724,0.9998391270637512,0.1692930907011032,0.6649231314659119,-0.022675758227705956,0.9999704957008362,0.17411738634109497,0.677019476890564,0.2506644129753113,0.0859404131770134,0.18324893712997437,0.6764854192733765,0.429838627576828,0.36651474237442017,0.17561495304107666,0.6746448278427124,-0.4631992280483246,0.9999228119850159,0.17577405273914337,0.7008457779884338,-0.43910130858421326,0.9682807922363281,0.18548738956451416,0.707656979560852,-0.31531772017478943,0.9432644248008728,0.17000900208950043,0.7146726250648499,0.14434842765331268,0.9999679923057556,0.17376774549484253,0.7498586773872375,0.33391842246055603,0.16642019152641296,0.17026947438716888,0.782976508140564,0.44213852286338806,0.4577499032020569,0.1755361557006836,0.7212496995925903,-0.14452828466892242,0.9999772906303406,0.1755126416683197,0.7526661157608032,-0.029905755072832108,0.8692236542701721,0.17180584371089935,0.7890785932540894,0.06508152186870575,0.9219256639480591,golo
shot_KS_25,525.2987976074219,0.18107983469963074,0.6497796773910522,-0.28184419870376587,0.9998552203178406,0.1693202406167984,0.6656509041786194,0.0007244149455800653,0.9999731183052063,0.17420955002307892,0.6765521168708801,0.27072417736053467,0.09585042297840118,0.18333561718463898,0.6762826442718506,0.4419313073158264,0.3998074531555176,0.17560552060604095,0.6742247343063354,-0.4411957263946533,0.9999303221702576,0.17590604722499847,0.6997151374816895,-0.43260258436203003,0.9710714221000671,0.18542777001857758,0.70643550157547,-0.32871487736701965,0.9485457539558411,0.17007605731487274,0.7146510481834412,0.14780569076538086,0.9999670386314392,0.1738765686750412,0.7497652173042297,0.30918624997138977,0.17112980782985687,0.1703009009361267,0.782867431640625,0.41182947158813477,0.464210569858551,0.17551103234291077,0.7208600044250488,-0.1479969471693039,0.999976634979248,0.17602992057800293,0.7524028420448303,-0.072088822722435,0.8745593428611755,0.17225153744220734,0.7888864278793335,0.012599078007042408,0.924257755279541,golo
shot_KS_25,525.362357378006,0.18112316727638245,0.6497562527656555,-0.2748678922653198,0.9998696446418762,0.16974912583827972,0.6661409735679626,0.021612970158457756,0.999975323677063,0.1745934635400772,0.6766214966773987,0.3016875386238098,0.0990341305732727,0.18428055942058563,0.676152229309082,0.48126718401908875,0.41985654830932617,0.1756007820367813,0.6738663911819458,-0.44015002250671387,0.9999370574951172,0.17586900293827057,0.6990552544593811,-0.4283182621002197,0.9737318754196167,0.1856786459684372,0.7055416107177734,-0.32419320940971375,0.9533010721206665,0.1701810508966446,0.7148056626319885,0.15387940406799316,0.9999668002128601,0.1739310324192047,0.7496989369392395,0.3259580135345459,0.1741122305393219,0.17034918069839478,0.782809317111969,0.44879966974258423,0.46403104066848755,0.17550872266292572,0.7207729816436768,-0.15403084456920624,0.999976634979248,0.17671383917331696,0.7521929144859314,-0.06672260165214539,0.8815322518348694,0.1725737601518631,0.788763701915741,0.01775536686182022,0.9271007180213928,golo
shot_KS_25,525.4099552631378,0.1811617910861969,0.649706244468689,-0.28753820061683655,0.9998826384544373,0.17003796994686127,0.6657746434211731,0.0042635067366063595,0.9999772906303406,0.1746908724308014,0.6769296526908875,0.29003995656967163,0.10089357197284698,0.18460233509540558,0.6761054992675781,0.4778148829936981,0.4341685473918915,0.175595223903656,0.6735355854034424,-0.45138460397720337,0.9999430775642395,0.17578794062137604,0.6988840699195862,-0.4307129979133606,0.9761638641357422,0.18637491762638092,0.7051124572753906,-0.31350305676460266,0.9576634168624878,0.17024295032024384,0.7152634263038635,0.15474997460842133,0.9999662637710571,0.17399320006370544,0.7496753931045532,0.3416444957256317,0.17534375190734863,0.17038825154304504,0.7827561497688293,0.4820447862148285,0.4608507752418518,0.17559610307216644,0.7208939790725708,-0.15489335358142853,0.9999765157699585,0.17725330591201782,0.7521592974662781,-0.028833044692873955,0.8861798048019409,0.17299434542655945,0.7885396480560303,0.08146252483129501,0.9283671975135803,golo
shot_KS_25,525.47367811203,0.18124675750732422,0.6497100591659546,-0.28090381622314453,0.9998943209648132,0.17029990255832672,0.6656337976455688,0.02747758850455284,0.9999791383743286,0.17469623684883118,0.6772287487983704,0.3099328577518463,0.10900962352752686,0.18470357358455658,0.6760884523391724,0.49019160866737366,0.46924713253974915,0.17556121945381165,0.6729069352149963,-0.44005027413368225,0.9999485015869141,0.17572645843029022,0.6980962753295898,-0.4392099976539612,0.9782254099845886,0.18681535124778748,0.7032006978988647,-0.3597802519798279,0.9617218375205994,0.17028455436229706,0.7154303193092346,0.15698835253715515,0.9999638795852661,0.17402341961860657,0.7496514320373535,0.2939850986003876,0.17420749366283417,0.17041657865047455,0.7827261090278625,0.3938814103603363,0.461738258600235,0.1756058782339096,0.7208759188652039,-0.15716834366321564,0.9999747276306152,0.17766548693180084,0.7520086169242859,-0.11340375989675522,0.8909700512886047,0.17321957647800446,0.7881754636764526,-0.056234974414110184,0.930846631526947,golo
shot_KS_25,525.5216314792633,0.18136297166347504,0.6497124433517456,-0.1902230978012085,0.9999048113822937,0.17061664164066315,0.6656237244606018,0.09713659435510635,0.9999807476997375,0.17512501776218414,0.6782575845718384,0.36649319529533386,0.11863166093826294,0.18466219305992126,0.67623370885849,0.5406612157821655,0.5031653046607971,0.1755804866552353,0.6720444560050964,-0.3768813908100128,0.9999533295631409,0.1763773411512375,0.6976755857467651,-0.3853227496147156,0.9801313281059265,0.18824128806591034,0.7013446688652039,-0.2903265953063965,0.9652254581451416,0.1702791154384613,0.7155293226242065,0.15910112857818604,0.9999635219573975,0.17404738068580627,0.7496680617332458,0.27752187848091125,0.1813262403011322,0.17042319476604462,0.7827674746513367,0.347608745098114,0.47056707739830017,0.17561186850070953,0.7206334471702576,-0.15926729142665863,0.9999741315841675,0.17801272869110107,0.7519139647483826,-0.13935677707195282,0.8985586762428284,0.17345573008060455,0.7878106236457825,-0.10208531469106674,0.9345254302024841,golo
shot_KS_25,525.5854971408844,0.1814742088317871,0.6497406959533691,-0.24613666534423828,0.999914288520813,0.17064915597438812,0.6653609871864319,0.046300265938043594,0.9999822378158569,0.17538507282733917,0.6781672835350037,0.3176725208759308,0.13157635927200317,0.1846591830253601,0.6762139797210693,0.49212199449539185,0.5287070274353027,0.1757742315530777,0.6720655560493469,-0.41198745369911194,0.9999575614929199,0.17759887874126434,0.6977069973945618,-0.4007721543312073,0.9817653894424438,0.18994316458702087,0.6983909606933594,-0.28276878595352173,0.968183159828186,0.1701638549566269,0.7155283689498901,0.1598358154296875,0.99996417760849,0.17407479882240295,0.7496791481971741,0.29651427268981934,0.1942467987537384,0.17042119801044464,0.7828131914138794,0.3970940411090851,0.4900816082954407,0.17565375566482544,0.720350444316864,-0.15998338162899017,0.9999744892120361,0.17900417745113373,0.7519100904464722,-0.18270525336265564,0.90714430809021,0.17371349036693573,0.7879014611244202,-0.15664711594581604,0.9394994378089905,golo
shot_KS_25,525.6332347393036,0.18158070743083954,0.649908185005188,-0.23933355510234833,0.9999226927757263,0.17067678272724152,0.6653492450714111,0.05375848338007927,0.9999830722808838,0.17549337446689606,0.6784930229187012,0.32365965843200684,0.13245819509029388,0.1846630573272705,0.6761905550956726,0.5051794052124023,0.5254518985748291,0.1759440004825592,0.672135591506958,-0.41659384965896606,0.9999609589576721,0.17831631004810333,0.6977294087409973,-0.3944449722766876,0.9831168055534363,0.1906600147485733,0.6963726282119751,-0.24453428387641907,0.9704211950302124,0.17015068233013153,0.7155708074569702,0.16321085393428802,0.9999645352363586,0.17414265871047974,0.7496806383132935,0.3029693067073822,0.20107603073120117,0.17042100429534912,0.7828381061553955,0.4297998547554016,0.5024219751358032,0.17575758695602417,0.7203312516212463,-0.16333496570587158,0.9999746084213257,0.1796887069940567,0.7519575357437134,-0.1759812980890274,0.9147143363952637,0.17402873933315277,0.7880222201347351,-0.1416589617729187,0.9434909820556641,golo
shot_KS_25,525.6967630386353,0.18175286054611206,0.6501331329345703,-0.23906780779361725,0.9999299645423889,0.17070971429347992,0.6653542518615723,0.04739827290177345,0.9999834895133972,0.17579849064350128,0.678471565246582,0.30971670150756836,0.12987446784973145,0.18519575893878937,0.6758249998092651,0.4897082448005676,0.5088862180709839,0.176182821393013,0.6721682548522949,-0.4176779091358185,0.9999632835388184,0.1790996938943863,0.6979652047157288,-0.3851361572742462,0.983723521232605,0.1912040114402771,0.694387674331665,-0.2162189930677414,0.9713965058326721,0.17012594640254974,0.7161794900894165,0.16420878469944,0.9999657273292542,0.1741565316915512,0.7496709227561951,0.4114721417427063,0.2052367627620697,0.17039033770561218,0.7827834486961365,0.5797902941703796,0.5253844857215881,0.1758885532617569,0.720638632774353,-0.16431792080402374,0.9999754428863525,0.18029437959194183,0.7520385980606079,-0.17647112905979156,0.9223160147666931,0.17437638342380524,0.7880331873893738,-0.13707572221755981,0.9481766819953918,golo
shot_KS_25,525.7606353759766,0.18185411393642426,0.6502559781074524,-0.19544672966003418,0.9999366998672485,0.17077656090259552,0.6655133962631226,0.08370283991098404,0.9999840259552002,0.1764707863330841,0.6784123778343201,0.3330938518047333,0.12759293615818024,0.18599151074886322,0.6749815940856934,0.4984176754951477,0.49555251002311707,0.1766301840543747,0.6723625063896179,-0.39272499084472656,0.9999657273292542,0.17981667816638947,0.6980456113815308,-0.35874104499816895,0.9843917489051819,0.19179220497608185,0.6922255158424377,-0.18093450367450714,0.9725921750068665,0.17011980712413788,0.7167826294898987,0.16742393374443054,0.9999672770500183,0.17417503893375397,0.7494917511940002,0.43545642495155334,0.21169526875019073,0.17019504308700562,0.7825279831886292,0.6033079028129578,0.5475730895996094,0.17619898915290833,0.7211861610412598,-0.16750559210777283,0.999976634979248,0.1806149184703827,0.7521382570266724,-0.16954292356967926,0.9294880628585815,0.17495353519916534,0.7883777618408203,-0.14453351497650146,0.9527202844619751,golo
shot_KS_25,525.8181400299072,0.1819593459367752,0.6506040692329407,-0.22244979441165924,0.9999425411224365,0.17093704640865326,0.6656194925308228,0.06671775877475739,0.9999843239784241,0.1770251840353012,0.6782734394073486,0.3209078311920166,0.12455233186483383,0.18662986159324646,0.674142599105835,0.4941363036632538,0.4795742332935333,0.1768435835838318,0.6726499795913696,-0.40590763092041016,0.9999673962593079,0.18007828295230865,0.6980495452880859,-0.37620702385902405,0.9842908382415771,0.19192035496234894,0.6910629272460938,-0.20966282486915588,0.9726642966270447,0.17012225091457367,0.7171440124511719,0.16906657814979553,0.9999684691429138,0.17435483634471893,0.7493625283241272,0.45952269434928894,0.20933116972446442,0.1701928824186325,0.7822322845458984,0.6521279215812683,0.5600255131721497,0.17635966837406158,0.7216902375221252,-0.1691439300775528,0.9999774098396301,0.18103550374507904,0.7522764801979065,-0.1879056692123413,0.9357895255088806,0.17569953203201294,0.7894583344459534,-0.16209569573402405,0.9565693736076355,golo
shot_KS_25,525.8722648620605,0.18207670748233795,0.6506470441818237,-0.30664151906967163,0.9999480247497559,0.17144469916820526,0.665668785572052,0.022600488737225533,0.999984860420227,0.17728444933891296,0.678260862827301,0.289195716381073,0.1234520673751831,0.18711374700069427,0.6738998293876648,0.4573080837726593,0.46998468041419983,0.17710916697978973,0.6737306118011475,-0.45496606826782227,0.9999691247940063,0.18001168966293335,0.6982423663139343,-0.41398200392723083,0.9846038222312927,0.19207876920700073,0.6907424926757812,-0.21479575335979462,0.973720133304596,0.17015744745731354,0.7171454429626465,0.17093436419963837,0.9999696016311646,0.17464099824428558,0.7493029832839966,0.47104278206825256,0.2037905901670456,0.17020283639431,0.7820417284965515,0.6905547380447388,0.569535493850708,0.17644548416137695,0.7220208048820496,-0.1709987074136734,0.999978244304657,0.18144123256206512,0.7523585557937622,-0.20740406215190887,0.9415295124053955,0.1766228824853897,0.7903108596801758,-0.1743248999118805,0.9601832032203674,golo
shot_KS_25,525.9199326038361,0.1821770966053009,0.6511309146881104,-0.2983231246471405,0.9999529719352722,0.17172496020793915,0.6658965349197388,0.02179199457168579,0.9999852180480957,0.17787300050258636,0.6782228350639343,0.281680703163147,0.12480425089597702,0.1876186579465866,0.6734051704406738,0.43838900327682495,0.46591857075691223,0.1772589236497879,0.6744614243507385,-0.44689297676086426,0.999970555305481,0.18075814843177795,0.6981326341629028,-0.40600520372390747,0.9848126769065857,0.19237476587295532,0.6896291971206665,-0.22908011078834534,0.9746991395950317,0.1703224629163742,0.7174215316772461,0.16969339549541473,0.999970555305481,0.17532587051391602,0.7494085431098938,0.44788816571235657,0.2037108689546585,0.1702054738998413,0.7816087007522583,0.6468537449836731,0.5824168920516968,0.1765434592962265,0.7224698662757874,-0.16976721584796906,0.9999789595603943,0.18188609182834625,0.7528550028800964,-0.215632826089859,0.9467236399650574,0.17771819233894348,0.7915313243865967,-0.19587364792823792,0.9635039567947388,golo
shot_KS_25,525.9832255840302,0.1823452115058899,0.651714563369751,-0.33342498540878296,0.9999575018882751,0.17179428040981293,0.666079580783844,-0.006414562929421663,0.9999857544898987,0.1783461719751358,0.6784128546714783,0.25074368715286255,0.13175617158412933,0.18805944919586182,0.6733523607254028,0.403932124376297,0.46434932947158813,0.1774773746728897,0.6752164959907532,-0.4700991213321686,0.9999722242355347,0.18116484582424164,0.6981595754623413,-0.41424769163131714,0.9852780103683472,0.192643404006958,0.6888962388038635,-0.23482978343963623,0.9759225249290466,0.1706390529870987,0.7176827788352966,0.17026564478874207,0.9999720454216003,0.17616386711597443,0.7493618726730347,0.47096753120422363,0.21166017651557922,0.17029745876789093,0.7811415791511536,0.7007536292076111,0.6018939018249512,0.17670592665672302,0.7228131294250488,-0.17033067345619202,0.9999801516532898,0.18232789635658264,0.7534176707267761,-0.21259547770023346,0.9517503380775452,0.17894266545772552,0.792288601398468,-0.18307825922966003,0.9668449759483337,golo
shot_KS_25,526.031247138977,0.1825583130121231,0.6521405577659607,-0.3296903967857361,0.9999616742134094,0.1725265234708786,0.6667147874832153,0.005012711975723505,0.9999865293502808,0.17958880960941315,0.6784601211547852,0.26586201786994934,0.13580474257469177,0.18981441855430603,0.673363208770752,0.41321617364883423,0.46747127175331116,0.17739997804164886,0.6754207015037537,-0.4756111800670624,0.9999737739562988,0.18146564066410065,0.6981586217880249,-0.4352840781211853,0.9856003522872925,0.19282759726047516,0.6874939203262329,-0.2654818594455719,0.9767130613327026,0.1712927371263504,0.718222975730896,0.1749320775270462,0.9999736547470093,0.17721576988697052,0.7493568062782288,0.47317513823509216,0.2106153815984726,0.1703006774187088,0.7811657786369324,0.7056205868721008,0.6116717457771301,0.17671175301074982,0.72300124168396,-0.17497622966766357,0.9999812841415405,0.1828678995370865,0.7537487149238586,-0.2101803719997406,0.9561589360237122,0.179950550198555,0.7931496500968933,-0.1784500628709793,0.9697085022926331,golo
shot_KS_25,526.0792334079742,0.18277110159397125,0.6531781554222107,-0.32599449157714844,0.999965250492096,0.1728868931531906,0.6678553223609924,0.022509777918457985,0.9999866485595703,0.17996591329574585,0.6808174848556519,0.26808688044548035,0.13050346076488495,0.18917274475097656,0.6749800443649292,0.3857238292694092,0.4410267472267151,0.17734499275684357,0.6755255460739136,-0.4646109640598297,0.9999743103981018,0.18377196788787842,0.6980639100074768,-0.4280238151550293,0.9841697216033936,0.1930517703294754,0.6848812699317932,-0.2610343098640442,0.9748347401618958,0.17217333614826202,0.7194540500640869,0.17588554322719574,0.9999750256538391,0.17778132855892181,0.7495027184486389,0.48981955647468567,0.20780307054519653,0.170535609126091,0.7813112735748291,0.737677276134491,0.6180764436721802,0.17687824368476868,0.7236495614051819,-0.17590446770191193,0.9999822974205017,0.18321093916893005,0.7546989917755127,-0.2023511677980423,0.9602310061454773,0.18090027570724487,0.7947356700897217,-0.17434632778167725,0.9723443388938904,golo
shot_KS_25,526.1432371139526,0.18296287953853607,0.6541382670402527,-0.26654374599456787,0.999968409538269,0.17317770421504974,0.6689900159835815,0.04926929250359535,0.9999865889549255,0.18049275875091553,0.6823828816413879,0.2675529718399048,0.12435226887464523,0.1892073005437851,0.676399290561676,0.35506394505500793,0.4140252470970154,0.1773279756307602,0.6759433150291443,-0.447661817073822,0.9999746084213257,0.18440945446491241,0.6980637311935425,-0.42106160521507263,0.9829620718955994,0.19316871464252472,0.6844351887702942,-0.2464163452386856,0.9729448556900024,0.17285361886024475,0.7203857898712158,0.176643505692482,0.9999762773513794,0.17827418446540833,0.7498608231544495,0.47851046919822693,0.2059655487537384,0.17074669897556305,0.7813370823860168,0.7083223462104797,0.6223530769348145,0.17700399458408356,0.7240440845489502,-0.17665047943592072,0.9999831914901733,0.18364404141902924,0.7556335926055908,-0.19438549876213074,0.9638193845748901,0.18170516192913055,0.7956298589706421,-0.16096463799476624,0.9745733141899109,golo
shot_KS_25,526.1912589073181,0.1830887645483017,0.655217707157135,-0.22039438784122467,0.9999700784683228,0.1735646277666092,0.6708995699882507,0.07421799749135971,0.9999846816062927,0.18177130818367004,0.6865054368972778,0.17036685347557068,0.11504334211349487,0.18987402319908142,0.6784399151802063,0.09284693747758865,0.3781605362892151,0.17744821310043335,0.6760392189025879,-0.413665235042572,0.9999740123748779,0.18530458211898804,0.698073148727417,-0.3861905038356781,0.9799754619598389,0.19332781434059143,0.6836979985237122,-0.20140063762664795,0.9660925269126892,0.17321129143238068,0.7214296460151672,0.17564263939857483,0.9999779462814331,0.17911066114902496,0.7502106428146362,0.4560852646827698,0.19925066828727722,0.17075224220752716,0.7818586230278015,0.6819676756858826,0.6124461889266968,0.17708750069141388,0.7242783904075623,-0.17566503584384918,0.9999844431877136,0.18418310582637787,0.7556371092796326,-0.2290918529033661,0.9670576453208923,0.18264684081077576,0.7957561016082764,-0.2283170074224472,0.9765364527702332,golo
shot_KS_25,526.2549033164978,0.18327276408672333,0.6567153334617615,-0.2052515745162964,0.9999692440032959,0.17389848828315735,0.6725401282310486,0.08384872227907181,0.9999811053276062,0.18221630156040192,0.6904866099357605,0.11264543235301971,0.10606572777032852,0.1899813562631607,0.6807925701141357,-0.04946122691035271,0.3439573049545288,0.17749039828777313,0.6763790249824524,-0.3983742296695709,0.9999706745147705,0.18667033314704895,0.6981226801872253,-0.3834029734134674,0.9720300436019897,0.19318492710590363,0.6823301315307617,-0.21192792057991028,0.9458141326904297,0.17351408302783966,0.7226114273071289,0.17503322660923004,0.9999797344207764,0.17953793704509735,0.7513300180435181,0.45413756370544434,0.19116128981113434,0.17077501118183136,0.7820398807525635,0.6689869165420532,0.5984664559364319,0.17733234167099,0.7248344421386719,-0.17506173253059387,0.9999857544898987,0.18473634123802185,0.7561464309692383,-0.24541546404361725,0.9700148701667786,0.18378420174121857,0.796760082244873,-0.2812117040157318,0.9783594608306885,golo
shot_KS_25,526.3027482032776,0.1834128051996231,0.6575457453727722,-0.17794303596019745,0.9999669790267944,0.17447274923324585,0.674291729927063,0.09971996396780014,0.9999759793281555,0.18259306252002716,0.6915441751480103,0.1062161922454834,0.09777642041444778,0.1904173344373703,0.6819365620613098,-0.0767177864909172,0.31291890144348145,0.17746813595294952,0.6770300269126892,-0.3708450496196747,0.9999667406082153,0.18730734288692474,0.6981266736984253,-0.3616103529930115,0.9651721119880676,0.19305963814258575,0.6818718910217285,-0.19783316552639008,0.9277235865592957,0.17398500442504883,0.7235349416732788,0.1719677597284317,0.9999814033508301,0.18013200163841248,0.7522502541542053,0.4337420165538788,0.1871616393327713,0.17081451416015625,0.7820955514907837,0.6427947878837585,0.5925325155258179,0.1775917410850525,0.7255426645278931,-0.1719917356967926,0.999987006187439,0.18510769307613373,0.7566869258880615,-0.2517127990722656,0.9727621674537659,0.18456192314624786,0.7974849939346313,-0.2869875431060791,0.9801628589630127,golo
shot_KS_25,526.3658080101013,0.18342749774456024,0.6590030193328857,-0.14976294338703156,0.9999685883522034,0.1746702641248703,0.6752946376800537,0.1179182305932045,0.99997478723526,0.18331430852413177,0.6909292936325073,0.17081166803836823,0.09040746092796326,0.19068561494350433,0.6817219853401184,0.11303705722093582,0.2859363555908203,0.1775837391614914,0.6784351468086243,-0.34268584847450256,0.9999647736549377,0.1879163235425949,0.6977682709693909,-0.3343624770641327,0.9560417532920837,0.19299867749214172,0.6813468337059021,-0.16565382480621338,0.9063753485679626,0.17443729937076569,0.7248647809028625,0.1688302457332611,0.999983012676239,0.18073825538158417,0.7532756328582764,0.4391418993473053,0.186777263879776,0.1708245724439621,0.7821018099784851,0.6434444785118103,0.5959088802337646,0.17806929349899292,0.727043867111206,-0.1688416451215744,0.9999881386756897,0.18600775301456451,0.75847989320755,-0.2413046658039093,0.9752982258796692,0.18469329178333282,0.7989683747291565,-0.26279497146606445,0.9818907380104065,golo
shot_KS_25,526.413238286972,0.1833934634923935,0.659808337688446,-0.0950184017419815,0.9999703764915466,0.17503495514392853,0.6757707595825195,0.15246005356311798,0.9999748468399048,0.18394453823566437,0.6895027756690979,0.27823638916015625,0.08776026219129562,0.1906786561012268,0.6814563274383545,0.2856198847293854,0.26981452107429504,0.1778368353843689,0.6790966987609863,-0.3073621094226837,0.9999638795852661,0.18929727375507355,0.6968501806259155,-0.30409005284309387,0.9530728459358215,0.19296438992023468,0.6793127655982971,-0.14597785472869873,0.9032285213470459,0.17507986724376678,0.7256664633750916,0.1684153974056244,0.9999843239784241,0.18131926655769348,0.7541427612304688,0.4377245604991913,0.18893757462501526,0.170883908867836,0.7819287776947021,0.6304203271865845,0.5962556004524231,0.17857559025287628,0.728085458278656,-0.1684177964925766,0.9999890327453613,0.18634767830371857,0.7597237825393677,-0.23295827209949493,0.9775616526603699,0.18450617790222168,0.8004505038261414,-0.25977471470832825,0.9834111928939819,golo
shot_KS_25,526.4768390655518,0.1833873838186264,0.6601482629776001,-0.1011396050453186,0.9999707341194153,0.1757015734910965,0.676347553730011,0.13916254043579102,0.9999748468399048,0.18498992919921875,0.6892998814582825,0.25387486815452576,0.0828045904636383,0.19133944809436798,0.6809396743774414,0.19792290031909943,0.2501835823059082,0.17809797823429108,0.6793826222419739,-0.31623682379722595,0.9999634027481079,0.19012369215488434,0.6952013969421387,-0.3110220730304718,0.9487282633781433,0.19303375482559204,0.6776320934295654,-0.1585610955953598,0.8970798254013062,0.1758299171924591,0.7262916564941406,0.16740579903125763,0.9999854564666748,0.18156678974628448,0.7543666958808899,0.44634148478507996,0.17744947969913483,0.17114020884037018,0.7815513610839844,0.6360576748847961,0.5709478855133057,0.17911972105503082,0.7288906574249268,-0.1674051582813263,0.9999898672103882,0.1867397427558899,0.7612411975860596,-0.22932983934879303,0.9793680906295776,0.18419335782527924,0.8021109700202942,-0.2625778317451477,0.9844685196876526,golo
shot_KS_25,526.5246515274048,0.1833624690771103,0.660768449306488,-0.10280978679656982,0.9999715089797974,0.1764892190694809,0.6770558953285217,0.1399480551481247,0.9999756217002869,0.1872805804014206,0.6889411807060242,0.1701507866382599,0.08038069307804108,0.19249361753463745,0.6758599877357483,0.013401529751718044,0.237422913312912,0.1782391220331192,0.6797285079956055,-0.31566616892814636,0.9999627470970154,0.19140610098838806,0.6923053860664368,-0.30902740359306335,0.9463142156600952,0.19301427900791168,0.6752075552940369,-0.15931200981140137,0.8828815221786499,0.17691779136657715,0.7270127534866333,0.16625310480594635,0.9999865293502808,0.1819416731595993,0.7546872496604919,0.4361346364021301,0.16548781096935272,0.17135657370090485,0.7811636328697205,0.6292504072189331,0.5386545062065125,0.1793503612279892,0.7293198108673096,-0.1662827432155609,0.9999905824661255,0.18704508244991302,0.7618922591209412,-0.24574609100818634,0.9809600114822388,0.18410594761371613,0.8031514286994934,-0.3009400963783264,0.985361635684967,golo
shot_KS_25,526.5778210163116,0.18339303135871887,0.6611424088478088,-0.11785630881786346,0.9999734163284302,0.17602460086345673,0.6773933172225952,0.13886746764183044,0.9999762773513794,0.18811142444610596,0.6875293850898743,0.15047326683998108,0.08017407357692719,0.1922197937965393,0.6718969941139221,-0.02583191730082035,0.23021291196346283,0.17824044823646545,0.6800085306167603,-0.31844207644462585,0.9999624490737915,0.19163848459720612,0.6884212493896484,-0.3273029625415802,0.9480833411216736,0.19298915565013885,0.6697546243667603,-0.21192900836467743,0.8824515342712402,0.17730219662189484,0.7270147800445557,0.16472232341766357,0.9999874234199524,0.18257269263267517,0.7546914219856262,0.4169408679008484,0.1599806845188141,0.1715509444475174,0.7810993790626526,0.616355836391449,0.5208970308303833,0.1795559525489807,0.729287326335907,-0.1647695004940033,0.9999911785125732,0.18702073395252228,0.7614070773124695,-0.2611704170703888,0.9826274514198303,0.1840914636850357,0.8030628561973572,-0.3164862096309662,0.9864715337753296,golo
shot_KS_25,526.6416866779327,0.18358340859413147,0.6609883308410645,-0.1367412507534027,0.9999735355377197,0.1769416779279709,0.6769233345985413,0.1294935792684555,0.99997478723526,0.18847604095935822,0.6819949150085449,0.12430597096681595,0.07856785506010056,0.1921820044517517,0.6686151623725891,-0.0795980840921402,0.2211560755968094,0.17844101786613464,0.6798973679542542,-0.3350602686405182,0.9999610185623169,0.19313965737819672,0.6854537129402161,-0.3452118933200836,0.9514443278312683,0.1929490566253662,0.6684282422065735,-0.24909479916095734,0.8888473510742188,0.1777539998292923,0.726864218711853,0.16405226290225983,0.9999879598617554,0.18297339975833893,0.7544519901275635,0.4084000587463379,0.15345370769500732,0.1718396693468094,0.7803536653518677,0.609540581703186,0.5000289678573608,0.179840549826622,0.7291393876075745,-0.16410067677497864,0.9999915957450867,0.1869545429944992,0.7608761787414551,-0.2537321150302887,0.984006941318512,0.18409539759159088,0.8031196594238281,-0.29027366638183594,0.9872931241989136,golo
shot_KS_25,526.7048242092133,0.1835688203573227,0.6605685949325562,-0.12038005143404007,0.9999728798866272,0.17654594779014587,0.67645263671875,0.13781805336475372,0.9999729990959167,0.18853294849395752,0.6788153052330017,0.10603546351194382,0.07558485120534897,0.19240474700927734,0.6642206907272339,-0.12274973094463348,0.2083302140235901,0.17889165878295898,0.6797240972518921,-0.32986289262771606,0.9999606609344482,0.19415299594402313,0.682083249092102,-0.3363055884838104,0.9552242755889893,0.1929330676794052,0.6639834642410278,-0.24269939959049225,0.8957721590995789,0.17764918506145477,0.7267175912857056,0.16371497511863708,0.9999887943267822,0.18289948999881744,0.7535677552223206,0.406864732503891,0.1513831913471222,0.17206229269504547,0.7798949480056763,0.5963271856307983,0.4946480095386505,0.1800227016210556,0.728971540927887,-0.16376204788684845,0.9999922513961792,0.18697328865528107,0.7606093883514404,-0.24697597324848175,0.9854674339294434,0.1839778870344162,0.8031272888183594,-0.2996976673603058,0.9883435964584351,golo
shot_KS_25,526.7713611125946,0.18360941112041473,0.6604366898536682,-0.15228040516376495,0.999975323677063,0.17757254838943481,0.6761057376861572,0.1375182569026947,0.9999739527702332,0.18467362225055695,0.6882347464561462,0.17349527776241302,0.0707738995552063,0.18103715777397156,0.7048797011375427,0.09912998229265213,0.19027137756347656,0.17880871891975403,0.6785497665405273,-0.31324514746665955,0.9999635219573975,0.1930025964975357,0.6765798926353455,-0.40642163157463074,0.9596075415611267,0.19258461892604828,0.6598860025405884,-0.41920986771583557,0.9059964418411255,0.17869539558887482,0.7263839244842529,0.1462414562702179,0.9999895691871643,0.18292184174060822,0.753560483455658,0.33338722586631775,0.20412684977054596,0.1720874160528183,0.7795417308807373,0.5021339058876038,0.5377002954483032,0.17987282574176788,0.7283105850219727,-0.1463230401277542,0.9999929070472717,0.18684512376785278,0.759122908115387,-0.23024120926856995,0.9868819117546082,0.18389630317687988,0.8030459880828857,-0.2853023111820221,0.9894680976867676,golo
shot_KS_25,526.8211386203766,0.18359652161598206,0.6602473258972168,-0.1524174064397812,0.9999736547470093,0.17737996578216553,0.6742837429046631,0.1311759054660797,0.9999715089797974,0.18701322376728058,0.671403706073761,0.1382622867822647,0.07597900927066803,0.18715310096740723,0.6589573621749878,-0.05254516750574112,0.2117568850517273,0.17880003154277802,0.677094578742981,-0.32089295983314514,0.9999597072601318,0.19294781982898712,0.6715695261955261,-0.4244086444377899,0.9621867537498474,0.19258518517017365,0.6556426286697388,-0.4554271399974823,0.9136753678321838,0.17869387567043304,0.725602924823761,0.15017272531986237,0.9999902248382568,0.18280498683452606,0.753172755241394,0.33857011795043945,0.22216041386127472,0.1721082478761673,0.7791740298271179,0.5234622955322266,0.5549473166465759,0.18002177774906158,0.7274491190910339,-0.1502183973789215,0.9999933838844299,0.1867361068725586,0.7583439350128174,-0.2528737485408783,0.9880399107933044,0.18385957181453705,0.8030815124511719,-0.2898221015930176,0.9903124570846558,golo
shot_KS_25,526.8851413726807,0.18348677456378937,0.6591962575912476,-0.14115026593208313,0.9999711513519287,0.17910747230052948,0.6717163324356079,0.14614643156528473,0.9999688863754272,0.1916668564081192,0.6673732399940491,0.1435743272304535,0.08968935161828995,0.19050149619579315,0.6497950553894043,-0.06235705688595772,0.24770373106002808,0.17798249423503876,0.6755772829055786,-0.2922762334346771,0.9999553561210632,0.19235308468341827,0.6672962307929993,-0.40464088320732117,0.964333713054657,0.1921410858631134,0.6509914994239807,-0.44545358419418335,0.9202845096588135,0.17936491966247559,0.7237095832824707,0.14760206639766693,0.9999908208847046,0.18261291086673737,0.7531688213348389,0.29463768005371094,0.24594107270240784,0.17207755148410797,0.7789283990859985,0.45739367604255676,0.5741557478904724,0.1794852316379547,0.7248817682266235,-0.14761438965797424,0.9999936819076538,0.18593299388885498,0.7553929686546326,-0.25610530376434326,0.9889438152313232,0.1839701533317566,0.8030176162719727,-0.28248658776283264,0.9908882975578308,golo
shot_KS_25,526.9321391582489,0.18331502377986908,0.6578694581985474,-0.1430870145559311,0.9999644160270691,0.17999742925167084,0.6698760986328125,0.13809067010879517,0.9999663233757019,0.19064386188983917,0.6608452200889587,0.1278882622718811,0.09765199571847916,0.19122792780399323,0.6420791745185852,-0.0638393685221672,0.26432156562805176,0.17737437784671783,0.6743733286857605,-0.3074986934661865,0.9999498724937439,0.19228698313236237,0.6639030575752258,-0.4365444779396057,0.9652916789054871,0.19181619584560394,0.6451177000999451,-0.49379709362983704,0.9248966574668884,0.17944085597991943,0.722307026386261,0.1490870863199234,0.9999914765357971,0.1817300170660019,0.7527769804000854,0.3397822678089142,0.258212685585022,0.17205974459648132,0.7788629531860352,0.5203304886817932,0.5909623503684998,0.17943301796913147,0.7239608764648438,-0.14908425509929657,0.9999940991401672,0.1852763444185257,0.7558818459510803,-0.2542232871055603,0.9898033738136292,0.18422724306583405,0.8029102683067322,-0.2817807197570801,0.9915241599082947,golo
shot_KS_25,526.9957132339478,0.18261836469173431,0.6527987122535706,-0.1560991257429123,0.9999476075172424,0.1793898493051529,0.6678422689437866,0.12804566323757172,0.9999589323997498,0.18929629027843475,0.656242311000824,0.11634346097707748,0.09906325489282608,0.1910608857870102,0.6379764676094055,-0.08389149606227875,0.2739017605781555,0.17776252329349518,0.6716868877410889,-0.3380829989910126,0.9999426007270813,0.192328080534935,0.6592038869857788,-0.46103182435035706,0.9671052098274231,0.19178234040737152,0.6398354172706604,-0.4953765869140625,0.9306300282478333,0.17899976670742035,0.7207436561584473,0.15262910723686218,0.9999920725822449,0.180873304605484,0.7514525651931763,0.3738216757774353,0.2748781144618988,0.17204493284225464,0.7787294983863831,0.6024165749549866,0.6101877093315125,0.17951886355876923,0.7223910093307495,-0.15259012579917908,0.9999945163726807,0.18450377881526947,0.7556396126747131,-0.2516285479068756,0.9907149076461792,0.18456609547138214,0.8014306426048279,-0.27837780117988586,0.9922236800193787,golo
shot_KS_25,527.0595743656158,0.18144434690475464,0.6512053608894348,-0.2841946482658386,0.9999527335166931,0.17476873099803925,0.6666948199272156,0.007235114462673664,0.9999606013298035,0.17192821204662323,0.6497719883918762,0.07186992466449738,0.15987521409988403,0.16768094897270203,0.6359071135520935,-0.03062780573964119,0.3399237096309662,0.1779584288597107,0.6701342463493347,-0.4223548471927643,0.9999465346336365,0.19109779596328735,0.6557919979095459,-0.6144521832466125,0.9702566862106323,0.19123448431491852,0.6347432136535645,-0.7529922723770142,0.9375094175338745,0.17692266404628754,0.7197992205619812,0.15297675132751465,0.9999927282333374,0.17952550947666168,0.7502854466438293,0.4013068377971649,0.34393879771232605,0.17201995849609375,0.7787935733795166,0.6613820195198059,0.6486397981643677,0.17962025105953217,0.7205387949943542,-0.15302853286266327,0.9999949932098389,0.1835269033908844,0.7548348307609558,-0.2456504851579666,0.9916406273841858,0.18496307730674744,0.8001996874809265,-0.2436807006597519,0.9929977059364319,golo
shot_KS_25,527.1070444583893,0.18137747049331665,0.6507340669631958,-0.2507075071334839,0.9999299049377441,0.17758645117282867,0.6657614707946777,0.05887477472424507,0.9999492764472961,0.18097031116485596,0.6496350169181824,0.10429645329713821,0.16052331030368805,0.18172283470630646,0.6287916898727417,-0.03852338716387749,0.3553381562232971,0.17796052992343903,0.6694657802581787,-0.4011630117893219,0.9999306201934814,0.19033582508563995,0.6533045172691345,-0.5682466626167297,0.9688716530799866,0.19078826904296875,0.631084680557251,-0.6668252944946289,0.9399535059928894,0.1776539832353592,0.7178518772125244,0.1576191484928131,0.9999927878379822,0.1793237179517746,0.7496570944786072,0.3874441981315613,0.3508598208427429,0.17173416912555695,0.7788437008857727,0.6086314916610718,0.6636724472045898,0.1794499009847641,0.7187212109565735,-0.1576651781797409,0.9999949932098389,0.182839497923851,0.7535193562507629,-0.26474055647850037,0.9921236038208008,0.1854160875082016,0.7990790605545044,-0.2582267224788666,0.9933344721794128,golo
shot_KS_25,527.1721608638763,0.1807989627122879,0.6484233140945435,-0.24882827699184418,0.9999364018440247,0.1748957484960556,0.6638876795768738,0.04080800339579582,0.999951183795929,0.16691270470619202,0.6472916603088379,0.08861687034368515,0.2109455019235611,0.158271923661232,0.633634090423584,-0.031109029427170753,0.4154244065284729,0.17819304764270782,0.6692022681236267,-0.3871913552284241,0.9999344944953918,0.1871107518672943,0.6538904309272766,-0.5816249847412109,0.971724271774292,0.1900874823331833,0.6321198344230652,-0.7319773435592651,0.9457747936248779,0.17762084305286407,0.7160927653312683,0.15749943256378174,0.9999931454658508,0.17886225879192352,0.7487642168998718,0.34489789605140686,0.3992829918861389,0.1712806075811386,0.7788836359977722,0.5517676472663879,0.6941605806350708,0.1793692260980606,0.7166824340820312,-0.15757659077644348,0.9999952912330627,0.1823640763759613,0.7522678375244141,-0.24212290346622467,0.9928600192070007,0.18575328588485718,0.7973815202713013,-0.2390839159488678,0.9939518570899963,golo
shot_KS_25,527.2342894077301,0.18099939823150635,0.64838045835495,-0.29148030281066895,0.999941885471344,0.17225997149944305,0.6631324887275696,-0.00992252491414547,0.99995356798172,0.16168464720249176,0.6475624442100525,0.036509882658720016,0.2655852735042572,0.15478897094726562,0.6337544322013855,-0.08316438645124435,0.47143062949180603,0.1787952333688736,0.6690980792045593,-0.42453545331954956,0.9999380111694336,0.18517941236495972,0.6531655788421631,-0.648138701915741,0.974206268787384,0.18920870125293732,0.6316377520561218,-0.832222580909729,0.9510625600814819,0.17605231702327728,0.7145529389381409,0.15655292570590973,0.9999932646751404,0.1781717985868454,0.7473740577697754,0.3145807087421417,0.4452562928199768,0.17099009454250336,0.77874755859375,0.4905368685722351,0.7225372195243835,0.17921710014343262,0.7153882384300232,-0.15672121942043304,0.9999953508377075,0.18210828304290771,0.7512864470481873,-0.24205009639263153,0.9934704899787903,0.18601994216442108,0.7964150905609131,-0.24386557936668396,0.9944895505905151,golo
shot_KS_25,527.281988620758,0.18034549057483673,0.6462693214416504,-0.27304819226264954,0.9999459981918335,0.17035232484340668,0.6614996790885925,-0.04319259896874428,0.9999539256095886,0.1607055962085724,0.6444516777992249,-0.04586315527558327,0.32482975721359253,0.15411587059497833,0.6320886015892029,-0.21995411813259125,0.521064817905426,0.1799442023038864,0.667735755443573,-0.4137205481529236,0.9999387264251709,0.18455173075199127,0.6469883918762207,-0.559226393699646,0.9766346216201782,0.18763887882232666,0.6285889148712158,-0.6449469327926636,0.9555328488349915,0.17495782673358917,0.7135334014892578,0.1434486210346222,0.9999936819076538,0.177461639046669,0.7468255162239075,0.3018689453601837,0.49243590235710144,0.17054735124111176,0.778748095035553,0.4889034330844879,0.7486786246299744,0.17921538650989532,0.7145459055900574,-0.1437305063009262,0.9999956488609314,0.18196000158786774,0.7512410879135132,-0.2119896560907364,0.9940831661224365,0.18621446192264557,0.7962143421173096,-0.2227441519498825,0.9950041770935059,golo
shot_KS_25,527.3452560901642,0.1804284304380417,0.6472092866897583,-0.27337199449539185,0.9999226331710815,0.17176227271556854,0.6622540950775146,0.0032365326769649982,0.9999297857284546,0.17278601229190826,0.6471132636070251,0.03545568510890007,0.3081957995891571,0.17983455955982208,0.6338121294975281,-0.11860327422618866,0.5249353051185608,0.17986346781253815,0.6673348546028137,-0.4022887051105499,0.9999082088470459,0.18379512429237366,0.6511709094047546,-0.5412223935127258,0.9768851399421692,0.18615350127220154,0.6300921440124512,-0.6072080731391907,0.9557901620864868,0.17527614533901215,0.7133696675300598,0.15057088434696198,0.9999934434890747,0.17709191143512726,0.7470476031303406,0.32368674874305725,0.5116692185401917,0.1703890562057495,0.7787978649139404,0.5100305080413818,0.7683231234550476,0.1788630187511444,0.7142831683158875,-0.15084753930568695,0.9999954104423523,0.181829571723938,0.7513258457183838,-0.22659847140312195,0.9944270849227905,0.18624435365200043,0.7960337400436401,-0.2281523048877716,0.9953283071517944,golo
shot_KS_25,527.3926239013672,0.17893706262111664,0.6461129188537598,-0.3646607995033264,0.9999289512634277,0.17136786878108978,0.662862241268158,-0.1022711992263794,0.9999300241470337,0.16185621917247772,0.6454978585243225,-0.08465337008237839,0.3623204529285431,0.15691477060317993,0.6331586837768555,-0.24834220111370087,0.5696163773536682,0.1812470406293869,0.6671956777572632,-0.42792007327079773,0.999907374382019,0.18426570296287537,0.6486448645591736,-0.5326157808303833,0.9787085056304932,0.18499280512332916,0.6303126215934753,-0.5822907090187073,0.9591430425643921,0.1741906702518463,0.713670551776886,0.13423359394073486,0.9999938607215881,0.17618140578269958,0.7472872734069824,0.3296813666820526,0.5517855882644653,0.17038357257843018,0.7797796726226807,0.554282546043396,0.7902654409408569,0.178936168551445,0.7147667407989502,-0.1345691978931427,0.9999957084655762,0.18204358220100403,0.7516695261001587,-0.20947472751140594,0.9949564337730408,0.18629004061222076,0.7960857152938843,-0.2341686636209488,0.9957735538482666,golo
shot_KS_25,527.4558000564575,0.17792300879955292,0.646766185760498,-0.4204760491847992,0.9999319911003113,0.17042584717273712,0.663143515586853,-0.1776355504989624,0.9999302625656128,0.16312174499034882,0.6460164189338684,-0.14355409145355225,0.41248559951782227,0.1551452875137329,0.6334395408630371,-0.2815217673778534,0.6103556156158447,0.182260662317276,0.6675934791564941,-0.4696388244628906,0.9999070763587952,0.18420960009098053,0.6508941054344177,-0.5553340315818787,0.9794424176216125,0.18331514298915863,0.6331906318664551,-0.6153931021690369,0.961879551410675,0.17333795130252838,0.7137699127197266,0.1277747005224228,0.999994158744812,0.17551414668560028,0.747475802898407,0.3310230076313019,0.5827726125717163,0.17030824720859528,0.7810084819793701,0.5544865131378174,0.8093916177749634,0.17902947962284088,0.7149940729141235,-0.12808631360530853,0.9999959468841553,0.1821821630001068,0.7518987059593201,-0.21560250222682953,0.9953817129135132,0.18633009493350983,0.7959702014923096,-0.2778272330760956,0.9961510896682739,golo
shot_KS_25,527.5033965110779,0.17782388627529144,0.6494476795196533,-0.21805493533611298,0.999928891658783,0.1707777976989746,0.663425862789154,0.0047376700676977634,0.9999229311943054,0.1668575257062912,0.6489070057868958,0.08775285631418228,0.40223532915115356,0.16217128932476044,0.6431058645248413,0.02150510437786579,0.6195787191390991,0.18189795315265656,0.6676639914512634,-0.35708755254745483,0.9999071359634399,0.1834447681903839,0.6511964797973633,-0.49600860476493835,0.9795563817024231,0.18154649436473846,0.6370294094085693,-0.5854173898696899,0.9641456604003906,0.17322444915771484,0.7142278552055359,0.13124994933605194,0.9999940991401672,0.17511554062366486,0.7475758194923401,0.311891108751297,0.6065449714660645,0.17033033072948456,0.782031238079071,0.4621197581291199,0.8264815807342529,0.17903906106948853,0.7154924273490906,-0.1314040869474411,0.9999960064888,0.1822720170021057,0.7519606351852417,-0.22695229947566986,0.9957241415977478,0.18633721768856049,0.7955980896949768,-0.3138134181499481,0.9964814186096191,golo
shot_KS_25,527.5671353340149,0.17838184535503387,0.65397047996521,0.0004661201674025506,0.9997782707214355,0.17030750215053558,0.6625017523765564,0.12919960916042328,0.9999013543128967,0.1655784696340561,0.6544223427772522,0.19385047256946564,0.3869331479072571,0.16353364288806915,0.6468690633773804,0.15976665914058685,0.5987734198570251,0.18257661163806915,0.6679443120956421,-0.21943005919456482,0.9998656511306763,0.18401409685611725,0.6620753407478333,-0.36764129996299744,0.9673464298248291,0.17990471422672272,0.6439025402069092,-0.4233846366405487,0.9351771473884583,0.1733808070421219,0.7145057916641235,0.13514119386672974,0.9999938607215881,0.17484024167060852,0.7477394342422485,0.2841445505619049,0.6147842407226562,0.17030753195285797,0.7837197780609131,0.37841591238975525,0.8380500674247742,0.17911730706691742,0.7157958149909973,-0.13533525168895721,0.9999957084655762,0.18230821192264557,0.752189576625824,-0.2257370948791504,0.995693027973175,0.18630966544151306,0.7954670786857605,-0.31162595748901367,0.9965653419494629,golo
shot_KS_25,527.6243827342987,0.17791399359703064,0.6486451625823975,-0.08893487602472305,0.9997838735580444,0.16961324214935303,0.6609565019607544,0.06373143941164017,0.9999037384986877,0.16245558857917786,0.6518810987472534,0.09625869244337082,0.4136509299278259,0.156460702419281,0.6404590010643005,0.10454326122999191,0.6154058575630188,0.18213923275470734,0.6665489077568054,-0.24404621124267578,0.9998531937599182,0.18309059739112854,0.6673862934112549,-0.3346559703350067,0.9467858672142029,0.17993317544460297,0.6630091667175293,-0.3482028543949127,0.8712887763977051,0.17337997257709503,0.7145028114318848,0.13002528250217438,0.9999940991401672,0.1747199445962906,0.7480044960975647,0.2734721004962921,0.6161255240440369,0.17032039165496826,0.783942461013794,0.377620130777359,0.8460385203361511,0.17941784858703613,0.7156931757926941,-0.13034935295581818,0.999995768070221,0.18269605934619904,0.7530472874641418,-0.2266877442598343,0.9956147074699402,0.18634478747844696,0.7954670190811157,-0.3332488536834717,0.9965941309928894,golo
shot_KS_25,527.6818618774414,0.1782284826040268,0.6499186754226685,-0.11515112221240997,0.9997361302375793,0.16919100284576416,0.6614213585853577,0.0136581901460886,0.9999001026153564,0.1623462438583374,0.6547985076904297,0.08121728152036667,0.4056854546070099,0.16000907123088837,0.6483539342880249,0.07549884170293808,0.580828845500946,0.18192194402217865,0.6673539280891418,-0.27186211943626404,0.9998420476913452,0.1828298419713974,0.6828170418739319,-0.28764820098876953,0.8912874460220337,0.18068364262580872,0.6918475031852722,-0.21395130455493927,0.7896727323532104,0.1728290170431137,0.7145982384681702,0.12228764593601227,0.9999940395355225,0.17460115253925323,0.7481586337089539,0.24759343266487122,0.6174740195274353,0.17032985389232635,0.7839847207069397,0.31522586941719055,0.8531023859977722,0.179485484957695,0.7158392071723938,-0.12266737222671509,0.9999955296516418,0.18306952714920044,0.754234790802002,-0.24145160615444183,0.9949806332588196,0.1863304227590561,0.7954434156417847,-0.35660117864608765,0.9963284730911255,golo
shot_KS_26,0.24180221557617188,0.19581429660320282,0.6695684194564819,-0.37159380316734314,0.9999909400939941,0.19080542027950287,0.6833901405334473,-0.012903104536235332,0.9999954700469971,0.19304339587688446,0.700668215751648,0.2650526165962219,0.209676131606102,0.20128251612186432,0.7054909467697144,0.40770235657691956,0.5325052738189697,0.18809738755226135,0.688429057598114,-0.48940473794937134,0.9999914169311523,0.1871180385351181,0.7103676795959473,-0.6504758596420288,0.9486085772514343,0.19157618284225464,0.7210298776626587,-0.7803494334220886,0.8655961155891418,0.18630175292491913,0.7368829250335693,0.17094025015830994,0.9999932050704956,0.18731048703193665,0.7603849768638611,0.6190627217292786,0.3278326690196991,0.18279863893985748,0.7844550013542175,0.9634658694267273,0.7867387533187866,0.18854214251041412,0.7419633865356445,-0.17086346447467804,0.9999954700469971,0.19527339935302734,0.7719894051551819,-0.17805412411689758,0.9970518350601196,0.18767541646957397,0.8105161786079407,-0.11339128762483597,0.9975569248199463,golo
shot_KS_26,0.3107032775878906,0.19606928527355194,0.6693305969238281,-0.39640870690345764,0.9999917149543762,0.19162534177303314,0.6850463151931763,-0.037447888404130936,0.9999958276748657,0.19342762231826782,0.7032581567764282,0.2643904387950897,0.224051371216774,0.20162811875343323,0.7098896503448486,0.4457668364048004,0.5582448840141296,0.18761380016803741,0.6892882585525513,-0.5005415678024292,0.9999921917915344,0.18536131083965302,0.7104699015617371,-0.7142685651779175,0.9531480073928833,0.18926143646240234,0.7238003611564636,-0.9579625725746155,0.8788771033287048,0.1871090680360794,0.7357528209686279,0.16442953050136566,0.9999933838844299,0.18725790083408356,0.7587653994560242,0.5766252875328064,0.302854984998703,0.18273423612117767,0.7844528555870056,0.9309825301170349,0.7595531344413757,0.188420370221138,0.7411791682243347,-0.16429272294044495,0.9999956488609314,0.19519077241420746,0.7717421054840088,-0.16066874563694,0.9964497089385986,0.18767760694026947,0.80991131067276,-0.09588449448347092,0.9973466396331787,golo
shot_KS_26,0.35781168937683105,0.19628866016864777,0.6687495112419128,-0.4859975278377533,0.9999924302101135,0.1919374316930771,0.6849690675735474,-0.10039559751749039,0.9999961853027344,0.19342009723186493,0.7036674618721008,0.22358952462673187,0.22351834177970886,0.20103193819522858,0.7123767733573914,0.43357062339782715,0.5656971335411072,0.18756158649921417,0.6896923780441284,-0.5552200675010681,0.9999929070472717,0.18489228188991547,0.7111016511917114,-0.7433759570121765,0.9571064114570618,0.18876340985298157,0.7280387878417969,-0.9614702463150024,0.8906830549240112,0.18742452561855316,0.732764720916748,0.1598079949617386,0.999993622303009,0.18732811510562897,0.7574051022529602,0.5353375673294067,0.27683672308921814,0.1827334761619568,0.7844523787498474,0.8800739049911499,0.719423770904541,0.18809445202350616,0.7379216551780701,-0.15968966484069824,0.9999958872795105,0.19497612118721008,0.7711583971977234,-0.16764461994171143,0.9950989484786987,0.18762575089931488,0.8098732829093933,-0.1258704513311386,0.9968857765197754,golo
shot_KS_26,0.4329721927642822,0.1966167539358139,0.667907178401947,-0.4585805833339691,0.9999930262565613,0.19219189882278442,0.684810996055603,-0.08157695829868317,0.9999964833259583,0.19334818422794342,0.704436182975769,0.22957412898540497,0.22583849728107452,0.20043344795703888,0.714519739151001,0.4133572578430176,0.5769107937812805,0.18741591274738312,0.690410315990448,-0.5449193716049194,0.9999935626983643,0.18450398743152618,0.7131111025810242,-0.714155375957489,0.9610415101051331,0.18895600736141205,0.7311329245567322,-0.9066590666770935,0.9013673067092896,0.18751753866672516,0.7332626581192017,0.16003479063510895,0.9999939203262329,0.18740053474903107,0.7574833631515503,0.5616172552108765,0.2583237290382385,0.18264085054397583,0.7848997712135315,0.9117801785469055,0.7028656601905823,0.1878884881734848,0.7383331656455994,-0.15989327430725098,0.9999961853027344,0.19462502002716064,0.7711539268493652,-0.14307035505771637,0.9949754476547241,0.18762506544589996,0.8098621964454651,-0.06357230991125107,0.9968210458755493,golo
shot_KS_26,0.4843912124633789,0.1968444585800171,0.6670413017272949,-0.42750781774520874,0.9999935030937195,0.19229364395141602,0.6847606301307678,-0.07190209627151489,0.9999967217445374,0.1930357962846756,0.7055162191390991,0.22942635416984558,0.23046550154685974,0.19965055584907532,0.716394305229187,0.3644823133945465,0.5914695858955383,0.18728943169116974,0.6903789043426514,-0.5368865132331848,0.999994158744812,0.1842278689146042,0.7140411138534546,-0.6372738480567932,0.9648053050041199,0.1889425814151764,0.734351634979248,-0.7597567439079285,0.9110613465309143,0.18760831654071808,0.7334736585617065,0.16083845496177673,0.9999942779541016,0.1878775805234909,0.7576469779014587,0.5505160093307495,0.25062355399131775,0.1826126128435135,0.7853689193725586,0.8847197890281677,0.7041609883308411,0.18762868642807007,0.7381646633148193,-0.16071359813213348,0.9999964833259583,0.19442328810691833,0.7710040211677551,-0.15020692348480225,0.9952556490898132,0.18759752810001373,0.8098178505897522,-0.07238514721393585,0.9969736337661743,golo
shot_KS_26,0.5472238063812256,0.19712544977664948,0.6661573648452759,-0.40358930826187134,0.9999935626983643,0.1922285407781601,0.6840911507606506,-0.07024635374546051,0.9999967813491821,0.19274894893169403,0.7050353288650513,0.22581498324871063,0.2194451093673706,0.1987582892179489,0.7164427638053894,0.35139694809913635,0.5754892230033875,0.1873074322938919,0.690174400806427,-0.5319144129753113,0.999994695186615,0.18446321785449982,0.7145574688911438,-0.608332633972168,0.9681459069252014,0.18909700214862823,0.7366933226585388,-0.7038632035255432,0.919720470905304,0.1875659078359604,0.7333778738975525,0.16135121881961823,0.9999944567680359,0.18889957666397095,0.7577936053276062,0.5485919713973999,0.23772595822811127,0.1826305389404297,0.7862574458122253,0.8794647455215454,0.6947365403175354,0.1874476671218872,0.737606942653656,-0.16121764481067657,0.9999967217445374,0.19409812986850739,0.7705693244934082,-0.14354346692562103,0.9954299330711365,0.18753021955490112,0.8097009658813477,-0.06265734136104584,0.9970346689224243,golo
shot_KS_26,0.5948591232299805,0.19744284451007843,0.6657094359397888,-0.4412984549999237,0.9999939203262329,0.19223369657993317,0.6833839416503906,-0.08264462649822235,0.9999969601631165,0.19251586496829987,0.7046841979026794,0.19996964931488037,0.20754508674144745,0.19791902601718903,0.7163015007972717,0.3301483988761902,0.5574180483818054,0.1873229444026947,0.6902425289154053,-0.5424922704696655,0.9999951720237732,0.1846245974302292,0.7162588834762573,-0.6152424216270447,0.9711580872535706,0.18994712829589844,0.739178478717804,-0.6960758566856384,0.9275232553482056,0.1876937299966812,0.73265141248703,0.1609937846660614,0.999994695186615,0.18934021890163422,0.7578420639038086,0.5488375425338745,0.22059811651706696,0.1827324777841568,0.7870051860809326,0.8855746984481812,0.6725068092346191,0.18732033669948578,0.7371580600738525,-0.16084136068820953,0.9999969601631165,0.1939193308353424,0.7701848149299622,-0.12860029935836792,0.9952653050422668,0.18752732872962952,0.8096448183059692,-0.03639533370733261,0.9969136118888855,golo
shot_KS_26,0.658029317855835,0.19769661128520966,0.6656214594841003,-0.4782910645008087,0.9999942779541016,0.19179509580135345,0.682415246963501,-0.10364685207605362,0.9999971389770508,0.19189845025539398,0.7021382451057434,0.1745302379131317,0.19281311333179474,0.19737188518047333,0.7158204317092896,0.29531580209732056,0.5258358120918274,0.1877196729183197,0.6910974979400635,-0.5582066178321838,0.9999955892562866,0.1849127560853958,0.7191283702850342,-0.6161900758743286,0.9736779928207397,0.19110523164272308,0.7407301664352417,-0.6773982048034668,0.9342794418334961,0.1874544471502304,0.7313678860664368,0.16085051000118256,0.9999947547912598,0.18940423429012299,0.7574483752250671,0.535007894039154,0.20023643970489502,0.1829538494348526,0.7875175476074219,0.862449049949646,0.6214689612388611,0.18687660992145538,0.7366793155670166,-0.16071422398090363,0.999997079372406,0.1936265081167221,0.7692502737045288,-0.13798485696315765,0.9929133057594299,0.1875007301568985,0.8096635937690735,-0.04812753200531006,0.9953747391700745,golo
shot_KS_26,0.7077112197875977,0.1978134959936142,0.6655251383781433,-0.5119556784629822,0.9999942779541016,0.19148707389831543,0.6818922162055969,-0.12254505604505539,0.9999972581863403,0.19123737514019012,0.7021751999855042,0.1521463692188263,0.17675261199474335,0.1972224861383438,0.7155807018280029,0.26324769854545593,0.4854464530944824,0.18813644349575043,0.6917737722396851,-0.5752607583999634,0.9999959468841553,0.185194194316864,0.7207062840461731,-0.617409884929657,0.9754182696342468,0.19213946163654327,0.7410662174224854,-0.6654477715492249,0.9396914839744568,0.1871408224105835,0.7310084700584412,0.16105534136295319,0.9999945759773254,0.18935741484165192,0.757483184337616,0.547143280506134,0.18111860752105713,0.18300855159759521,0.7880208492279053,0.8816146850585938,0.5725030899047852,0.18666942417621613,0.7367402911186218,-0.1609186977148056,0.9999971389770508,0.19320593774318695,0.7686988711357117,-0.14053040742874146,0.9888878464698792,0.18749593198299408,0.8096559643745422,-0.040905680507421494,0.9928448796272278,golo
shot_KS_26,0.769171953201294,0.19791992008686066,0.6654419898986816,-0.5428867936134338,0.9999945163726807,0.19100183248519897,0.6816520094871521,-0.14289335906505585,0.9999974370002747,0.19072486460208893,0.7021390795707703,0.133713036775589,0.16134501993656158,0.1972884237766266,0.7152833938598633,0.24352993071079254,0.4454195499420166,0.18867190182209015,0.692344605922699,-0.5872067809104919,0.9999963045120239,0.1860211342573166,0.7217657566070557,-0.616546630859375,0.9754301905632019,0.19314713776111603,0.7410372495651245,-0.6497582197189331,0.9428038597106934,0.1867341548204422,0.7306626439094543,0.16119691729545593,0.9999942779541016,0.1893729269504547,0.7575410604476929,0.5513570308685303,0.16327056288719177,0.1830838918685913,0.7884081602096558,0.8861600756645203,0.5197032690048218,0.1866532564163208,0.7367453575134277,-0.16106845438480377,0.999997079372406,0.19293096661567688,0.7679483890533447,-0.1591559201478958,0.9754765629768372,0.1874931901693344,0.8095791935920715,-0.06614946573972702,0.9846181869506836,golo
shot_KS_26,0.8167552947998047,0.19801710546016693,0.6654082536697388,-0.520967960357666,0.999994695186615,0.19019253551959991,0.6826127767562866,-0.13631007075309753,0.9999975562095642,0.1903640627861023,0.7020352482795715,0.14007507264614105,0.14692926406860352,0.1970919519662857,0.7150388360023499,0.25616681575775146,0.40625694394111633,0.18889926373958588,0.6924353837966919,-0.5849015116691589,0.9999966025352478,0.18707424402236938,0.7208430171012878,-0.6193782687187195,0.9752494692802429,0.19384856522083282,0.7403776049613953,-0.6476373672485352,0.9440534114837646,0.18634386360645294,0.730929970741272,0.1612611711025238,0.9999940991401672,0.18931199610233307,0.7583442330360413,0.565332293510437,0.1473686397075653,0.18327568471431732,0.7892682552337646,0.9091178178787231,0.47516751289367676,0.18682034313678741,0.7368961572647095,-0.16111811995506287,0.999997079372406,0.19274373352527618,0.7679828405380249,-0.14258484542369843,0.9684549570083618,0.18748606741428375,0.8095590472221375,-0.04876960441470146,0.9806987047195435,golo
shot_KS_26,0.8807530403137207,0.19805358350276947,0.6653074622154236,-0.5074082016944885,0.9999942183494568,0.18962767720222473,0.6823664903640747,-0.11923416703939438,0.9999974370002747,0.19026592373847961,0.7042838335037231,0.16166722774505615,0.1335253268480301,0.19717715680599213,0.7149437069892883,0.28643131256103516,0.36951902508735657,0.18904553353786469,0.6918928623199463,-0.5717788338661194,0.9999967813491821,0.18833620846271515,0.7207950949668884,-0.6062704920768738,0.975735604763031,0.19501151144504547,0.7393037676811218,-0.6213959455490112,0.9459640979766846,0.18600113689899445,0.7311221957206726,0.16358396410942078,0.9999940395355225,0.18934763967990875,0.7592639923095703,0.575674831867218,0.13334661722183228,0.18338614702224731,0.7895180583000183,0.923062801361084,0.43963727355003357,0.18706054985523224,0.7367189526557922,-0.16347531974315643,0.9999971389770508,0.19231514632701874,0.7679018378257751,-0.1280895620584488,0.9674716591835022,0.18746957182884216,0.8095164895057678,-0.03816469386219978,0.9801281094551086,golo
shot_KS_26,0.9279320240020752,0.19802241027355194,0.6648262143135071,-0.47436192631721497,0.9999923706054688,0.18970584869384766,0.682384729385376,-0.09737952053546906,0.9999971389770508,0.19044584035873413,0.7047390341758728,0.17007769644260406,0.12138495594263077,0.19730471074581146,0.7149937152862549,0.2767646014690399,0.33523428440093994,0.18901628255844116,0.691088080406189,-0.5680466890335083,0.9999969005584717,0.18895703554153442,0.7191150784492493,-0.6120621562004089,0.9753673076629639,0.195988267660141,0.7363407015800476,-0.6332363486289978,0.9454790949821472,0.1860605925321579,0.7310366034507751,0.16713452339172363,0.9999937415122986,0.1893504112958908,0.7597562074661255,0.5649572014808655,0.1206132099032402,0.18342678248882294,0.7895395755767822,0.8990715146064758,0.40407851338386536,0.18710002303123474,0.7358893752098083,-0.1670517772436142,0.9999971389770508,0.19215290248394012,0.7677246332168579,-0.14972926676273346,0.9664273858070374,0.18745876848697662,0.8093700408935547,-0.07493817806243896,0.9788822531700134,golo
shot_KS_26,0.9918212890625,0.19800682365894318,0.6647186279296875,-0.44559353590011597,0.9999919533729553,0.18945248425006866,0.6823775768280029,-0.08264343440532684,0.9999970197677612,0.18987391889095306,0.7045514583587646,0.1729472428560257,0.11013860255479813,0.1974220871925354,0.7147566080093384,0.2850135564804077,0.30459490418434143,0.18920491635799408,0.6910861730575562,-0.5668947100639343,0.9999970197677612,0.1897551566362381,0.718798816204071,-0.5844626426696777,0.9746763706207275,0.19740314781665802,0.7353261113166809,-0.5656726956367493,0.9462618231773376,0.1856241524219513,0.7305969595909119,0.16907773911952972,0.9999934434890747,0.1892722100019455,0.7596921920776367,0.5688531994819641,0.10906869918107986,0.18342050909996033,0.7893942594528198,0.8992698788642883,0.3717601001262665,0.18711377680301666,0.7358844876289368,-0.16902883350849152,0.999997079372406,0.1920093595981598,0.7676608562469482,-0.15173207223415375,0.9647068977355957,0.18744681775569916,0.8092260360717773,-0.0754646435379982,0.9771311283111572,golo
shot_KS_26,1.043086051940918,0.19801241159439087,0.664751410484314,-0.4035363793373108,0.9999918937683105,0.18868741393089294,0.6823779344558716,-0.06634239852428436,0.9999969601631165,0.18935702741146088,0.7048439383506775,0.18999552726745605,0.10018111020326614,0.19717338681221008,0.7144078016281128,0.30842381715774536,0.27698686718940735,0.18943946063518524,0.6911105513572693,-0.5468555688858032,0.9999971389770508,0.18991683423519135,0.7186102271080017,-0.5255246758460999,0.973709762096405,0.19866228103637695,0.7313125729560852,-0.43601804971694946,0.9455606937408447,0.1854778528213501,0.7304947376251221,0.1703176647424698,0.9999933242797852,0.18921959400177002,0.7596545815467834,0.5692071318626404,0.09925612062215805,0.18342113494873047,0.7893482446670532,0.897076427936554,0.3472628593444824,0.18719132244586945,0.7357128262519836,-0.1702726036310196,0.999997079372406,0.19197680056095123,0.7673336863517761,-0.1521444320678711,0.9657991528511047,0.1874345988035202,0.8091758489608765,-0.08034831285476685,0.9772523045539856,golo
shot_KS_26,1.1026227474212646,0.1980203539133072,0.6647812128067017,-0.4186626970767975,0.9999924898147583,0.18817587196826935,0.6823358535766602,-0.0688091367483139,0.999997079372406,0.18736428022384644,0.7046718001365662,0.1956036239862442,0.09131920337677002,0.19723208248615265,0.7101471424102783,0.33057573437690735,0.254529744386673,0.1897895783185959,0.6916344165802002,-0.5572579503059387,0.9999973177909851,0.18978150188922882,0.7195369601249695,-0.5407611727714539,0.9738198518753052,0.19953902065753937,0.7303970456123352,-0.45707517862319946,0.947882890701294,0.18483677506446838,0.7301595211029053,0.17166733741760254,0.9999932050704956,0.18889588117599487,0.7587178349494934,0.5785282850265503,0.08990614116191864,0.1834179311990738,0.7889149785041809,0.919981837272644,0.3196280300617218,0.1871759295463562,0.735762894153595,-0.1716250479221344,0.999997079372406,0.19189298152923584,0.7668670415878296,-0.1516067087650299,0.9645761847496033,0.1874324530363083,0.8091069459915161,-0.07698798924684525,0.9753318428993225,golo
shot_KS_26,1.1504302024841309,0.19801738858222961,0.6646171808242798,-0.42989498376846313,0.9999931454658508,0.1874636709690094,0.6821765303611755,-0.07268407195806503,0.9999971985816956,0.18680889904499054,0.7027580738067627,0.20279338955879211,0.08436433225870132,0.19709211587905884,0.7061451077461243,0.34838658571243286,0.23677046597003937,0.19066332280635834,0.6917474865913391,-0.5587593913078308,0.9999974966049194,0.19103749096393585,0.7198180556297302,-0.5231186747550964,0.9750572443008423,0.2003643959760666,0.7282763719558716,-0.40180954337120056,0.9511925578117371,0.18410804867744446,0.7298408150672913,0.17435947060585022,0.9999934434890747,0.1888066977262497,0.7569960355758667,0.5767494440078735,0.08266561478376389,0.18330255150794983,0.7877398729324341,0.9168693423271179,0.3045929968357086,0.18715350329875946,0.7357318997383118,-0.17431916296482086,0.9999971985816956,0.19189515709877014,0.7666003108024597,-0.15698395669460297,0.9668764472007751,0.18743129074573517,0.8090940713882446,-0.09404147416353226,0.976733386516571,golo
shot_KS_26,1.213984727859497,0.1980292946100235,0.664633572101593,-0.3551505506038666,0.999993622303009,0.18728794157505035,0.682079553604126,-0.031360261142253876,0.9999971389770508,0.18700002133846283,0.7022601962089539,0.23666739463806152,0.07871024310588837,0.19668272137641907,0.7056809067726135,0.3881968855857849,0.22024691104888916,0.19113531708717346,0.6915879845619202,-0.516823410987854,0.9999975562095642,0.19183048605918884,0.7193232774734497,-0.4684631824493408,0.9762125015258789,0.2008749097585678,0.7261276245117188,-0.3191034495830536,0.9537957310676575,0.1839231699705124,0.7299358248710632,0.1751459389925003,0.9999935030937195,0.18868233263492584,0.7570362687110901,0.5534960031509399,0.07752814888954163,0.18312065303325653,0.7875936627388,0.8628526926040649,0.2988108694553375,0.18715757131576538,0.7356768846511841,-0.17510509490966797,0.9999972581863403,0.1918860673904419,0.7666841149330139,-0.16888435184955597,0.969422459602356,0.1874280422925949,0.8091151714324951,-0.11986349523067474,0.9783027172088623,golo
shot_KS_26,1.261423110961914,0.19805409014225006,0.6641976237297058,-0.3267020881175995,0.9999939799308777,0.18584240972995758,0.6819643378257751,-0.013927513733506203,0.9999970197677612,0.18640632927417755,0.7020246386528015,0.2531057298183441,0.07247038185596466,0.19602830708026886,0.7052260041236877,0.4029616415500641,0.20288902521133423,0.19144916534423828,0.6913073658943176,-0.4993111491203308,0.999997615814209,0.1921311765909195,0.7184956669807434,-0.45619651675224304,0.9773133993148804,0.20163248479366302,0.7239066958427429,-0.3081285357475281,0.9559726119041443,0.1832905411720276,0.7298110127449036,0.1756146103143692,0.9999934434890747,0.18807880580425262,0.7565935850143433,0.5843182802200317,0.07247310876846313,0.1824076771736145,0.7872195243835449,0.9112038016319275,0.2958698570728302,0.18732181191444397,0.7357111573219299,-0.17556749284267426,0.9999972581863403,0.19168196618556976,0.7667293548583984,-0.10619629919528961,0.9715671539306641,0.18741512298583984,0.8091952800750732,-0.0249769426882267,0.9795958995819092,golo
shot_KS_26,1.3248496055603027,0.19806747138500214,0.6637128591537476,-0.35117530822753906,0.9999943971633911,0.185616597533226,0.6818174123764038,-0.023723280057311058,0.9999970197677612,0.18621565401554108,0.701384425163269,0.24657335877418518,0.06700299680233002,0.1961856633424759,0.7037952542304993,0.3888531029224396,0.18841032683849335,0.1915235072374344,0.6908100843429565,-0.5124857425689697,0.9999976754188538,0.19243068993091583,0.7179771661758423,-0.4702253043651581,0.978371798992157,0.20256131887435913,0.722183108329773,-0.3244147300720215,0.9579901099205017,0.1828388124704361,0.729782223701477,0.176385298371315,0.9999933242797852,0.18732360005378723,0.7564477324485779,0.5921609997749329,0.0678168535232544,0.18191523849964142,0.7870646119117737,0.9322558641433716,0.2921494245529175,0.18733929097652435,0.73573237657547,-0.17633269727230072,0.9999972581863403,0.1915365755558014,0.7669993042945862,-0.09196925163269043,0.9733068346977234,0.18741010129451752,0.8091722726821899,0.009063495323061943,0.9805420637130737,golo
shot_KS_26,1.3727643489837646,0.1980651617050171,0.6633855700492859,-0.37327077984809875,0.9999948143959045,0.18546536564826965,0.6816193461418152,-0.03616601228713989,0.9999970197677612,0.1859137862920761,0.7009413242340088,0.23980677127838135,0.062304653227329254,0.1960558295249939,0.703342854976654,0.3884631097316742,0.17501063644886017,0.19159340858459473,0.690690815448761,-0.5132350325584412,0.9999977350234985,0.19242218136787415,0.7175427079200745,-0.489536315202713,0.9793270826339722,0.20290394127368927,0.7213675379753113,-0.34789571166038513,0.9594364762306213,0.18256108462810516,0.7298088669776917,0.17787384986877441,0.9999933838844299,0.18708808720111847,0.756394624710083,0.5918208956718445,0.0641997829079628,0.18160003423690796,0.7870776653289795,0.9356545209884644,0.2947964072227478,0.18741030991077423,0.735752522945404,-0.1778370440006256,0.9999973177909851,0.19149476289749146,0.7670581936836243,-0.10530116409063339,0.9750611782073975,0.1874905675649643,0.809080183506012,-0.006660830229520798,0.981672465801239,golo
shot_KS_26,1.4364352226257324,0.19795569777488708,0.6630258560180664,-0.37528690695762634,0.999995231628418,0.1854962706565857,0.6815386414527893,-0.030982062220573425,0.999997079372406,0.18543709814548492,0.7009990215301514,0.24686352908611298,0.05923113226890564,0.1952797919511795,0.7034712433815002,0.39999932050704956,0.16495028138160706,0.1916237622499466,0.6904689073562622,-0.520628035068512,0.9999977350234985,0.19274654984474182,0.7173572778701782,-0.4889566898345947,0.9797852635383606,0.20276041328907013,0.719702959060669,-0.34639278054237366,0.9591959118843079,0.18247868120670319,0.7296415567398071,0.17948974668979645,0.9999935626983643,0.18688538670539856,0.7564166188240051,0.5507046580314636,0.06232614070177078,0.18124693632125854,0.787299394607544,0.8588128685951233,0.30041220784187317,0.18735845386981964,0.7356129288673401,-0.17947733402252197,0.9999973773956299,0.19138140976428986,0.767065167427063,-0.17668581008911133,0.9769701361656189,0.18758028745651245,0.8090807795524597,-0.13570798933506012,0.9829689264297485,golo
shot_KS_26,1.5001802444458008,0.19780951738357544,0.6630856394767761,-0.37834301590919495,0.9999956488609314,0.18529146909713745,0.6815210580825806,-0.03398376330733299,0.9999971389770508,0.1849137246608734,0.7008517980575562,0.24294103682041168,0.05644731968641281,0.19501067698001862,0.7031557559967041,0.39322081208229065,0.15580888092517853,0.1915067583322525,0.690255343914032,-0.5242182016372681,0.9999977350234985,0.19298039376735687,0.7167753577232361,-0.49693623185157776,0.9800419211387634,0.20285506546497345,0.7192732691764832,-0.3659483790397644,0.9584550857543945,0.1824883222579956,0.7295512557029724,0.1797672063112259,0.999993622303009,0.185647115111351,0.7604417204856873,0.5488330125808716,0.059393566101789474,0.18103179335594177,0.7872893810272217,0.8596404194831848,0.297158420085907,0.187322735786438,0.735596776008606,-0.17976918816566467,0.9999973773956299,0.1912618726491928,0.7675094604492188,-0.17905965447425842,0.9783537983894348,0.1875949501991272,0.8090820908546448,-0.1340586096048355,0.9837930202484131,golo
shot_KS_26,1.5484554767608643,0.1976209580898285,0.6631513833999634,-0.3481226861476898,0.9999958872795105,0.18475207686424255,0.6814630031585693,-0.022156724706292152,0.999997079372406,0.18432043492794037,0.7009182572364807,0.25152286887168884,0.05387597158551216,0.19448167085647583,0.7034366130828857,0.4056982100009918,0.1460944414138794,0.19144219160079956,0.6898326277732849,-0.512152373790741,0.999997615814209,0.19288378953933716,0.715844452381134,-0.4844047427177429,0.9797163009643555,0.20270851254463196,0.7189181447029114,-0.34720584750175476,0.9560047388076782,0.18245041370391846,0.7294444441795349,0.17931237816810608,0.9999935030937195,0.1857147216796875,0.7602484822273254,0.513583779335022,0.05665576457977295,0.18067850172519684,0.787624180316925,0.7990571856498718,0.28997308015823364,0.18730559945106506,0.735428512096405,-0.17931000888347626,0.9999973177909851,0.1910400241613388,0.7678395509719849,-0.20344969630241394,0.9792203307151794,0.18758195638656616,0.8091543912887573,-0.17753173410892487,0.9841471910476685,golo
shot_KS_26,1.6121556758880615,0.1974407583475113,0.6630727052688599,-0.34262412786483765,0.9999960064888,0.18442566692829132,0.6814285516738892,-0.015034898184239864,0.9999969601631165,0.18403004109859467,0.7009530663490295,0.2595202326774597,0.05031441152095795,0.19440676271915436,0.7036346197128296,0.41137638688087463,0.13492490351200104,0.19119323790073395,0.6894943118095398,-0.5103837251663208,0.9999974966049194,0.19267861545085907,0.715410590171814,-0.4934023320674896,0.979093611240387,0.2026461511850357,0.7183193564414978,-0.37366390228271484,0.9533731937408447,0.18233074247837067,0.7293869256973267,0.17914627492427826,0.999993085861206,0.1852022260427475,0.7599822282791138,0.5277093648910522,0.05289169028401375,0.18028885126113892,0.7882636189460754,0.8238874077796936,0.27710023522377014,0.1871560662984848,0.7353798747062683,-0.1791505664587021,0.9999971389770508,0.19072860479354858,0.7679821848869324,-0.18188761174678802,0.9788548946380615,0.18756592273712158,0.809103786945343,-0.13305146992206573,0.9833604693412781,golo
shot_KS_26,1.6758015155792236,0.197222501039505,0.6626464128494263,-0.29867440462112427,0.9999958276748657,0.1840025931596756,0.6812956929206848,0.007054110523313284,0.9999966025352478,0.1840047389268875,0.7009906768798828,0.2658187747001648,0.04764338955283165,0.19405792653560638,0.7038697004318237,0.4081270694732666,0.125010147690773,0.19090890884399414,0.6887418627738953,-0.48538467288017273,0.9999972581863403,0.1925513595342636,0.7146928906440735,-0.4855670928955078,0.9781756401062012,0.20253007113933563,0.7176094055175781,-0.375444620847702,0.949921190738678,0.18127594888210297,0.7298455238342285,0.17870400846004486,0.9999925494194031,0.18482625484466553,0.7596912980079651,0.49001431465148926,0.051385749131441116,0.18021142482757568,0.7890400886535645,0.7434293031692505,0.27232980728149414,0.18707212805747986,0.734979510307312,-0.17872168123722076,0.9999968409538269,0.19041961431503296,0.7680411338806152,-0.18605980277061462,0.9792057871818542,0.1875647008419037,0.8088839650154114,-0.1477804034948349,0.9829510450363159,golo
shot_KS_26,1.7238175868988037,0.19693373143672943,0.6624948382377625,-0.29488426446914673,0.9999957084655762,0.18368801474571228,0.6810753345489502,0.008105569519102573,0.9999963641166687,0.18385501205921173,0.7008854150772095,0.2734394371509552,0.04519466683268547,0.19387434422969818,0.7038294672966003,0.42229291796684265,0.11692870408296585,0.19070367515087128,0.6882968544960022,-0.48237234354019165,0.9999971389770508,0.19241289794445038,0.7145195603370667,-0.48644205927848816,0.9779221415519714,0.20234368741512299,0.7173735499382019,-0.382102906703949,0.9492101669311523,0.18078720569610596,0.7299569249153137,0.1783943921327591,0.9999921321868896,0.18414419889450073,0.7618457078933716,0.4966121017932892,0.048845380544662476,0.18021129071712494,0.7892711758613586,0.7654953598976135,0.26189693808555603,0.1868235319852829,0.734502375125885,-0.1784197837114334,0.9999966621398926,0.1901838332414627,0.7680026888847351,-0.18105998635292053,0.979163646697998,0.18761120736598969,0.8084566593170166,-0.13798394799232483,0.9821613430976868,golo
shot_KS_26,1.7871670722961426,0.1964515596628189,0.661857008934021,-0.30468907952308655,0.9999954700469971,0.18343715369701385,0.6806608438491821,-0.00086614751489833,0.9999960660934448,0.1838943511247635,0.7007250189781189,0.2640109360218048,0.042499180883169174,0.19378148019313812,0.7039519548416138,0.41191917657852173,0.10789213329553604,0.19040372967720032,0.6878789663314819,-0.490374356508255,0.9999969601631165,0.1922261118888855,0.7143264412879944,-0.48199018836021423,0.9765990972518921,0.2022908627986908,0.7166090607643127,-0.3638758361339569,0.9454996585845947,0.18058562278747559,0.7299567461013794,0.17815187573432922,0.9999918341636658,0.18396766483783722,0.7611761689186096,0.5100595951080322,0.04670816659927368,0.18031583726406097,0.7893804907798767,0.8010199666023254,0.25554487109184265,0.18674662709236145,0.7342192530632019,-0.1781778484582901,0.999996542930603,0.18971207737922668,0.7679607272148132,-0.15823408961296082,0.979077160358429,0.1876518875360489,0.8077870011329651,-0.09269874542951584,0.9815592169761658,golo
shot_KS_26,1.8500916957855225,0.19608312845230103,0.6611586809158325,-0.28664493560791016,0.9999949336051941,0.18309210240840912,0.6803250312805176,0.00017457241483498365,0.9999956488609314,0.18404443562030792,0.700930118560791,0.260143518447876,0.04018837958574295,0.19392235577106476,0.7038429379463196,0.40712398290634155,0.09988826513290405,0.1899188905954361,0.6872828006744385,-0.4785788357257843,0.9999967217445374,0.19136789441108704,0.7142882347106934,-0.4696837067604065,0.975676953792572,0.2021207958459854,0.715765118598938,-0.35590600967407227,0.9441214799880981,0.18041716516017914,0.7299497723579407,0.1746715009212494,0.9999910593032837,0.1839451640844345,0.7610515356063843,0.5162168145179749,0.0456409752368927,0.18037064373493195,0.7895066142082214,0.7977871894836426,0.25240838527679443,0.18669478595256805,0.7337191104888916,-0.17467963695526123,0.9999961853027344,0.1896265149116516,0.7678665518760681,-0.11458634585142136,0.9786851406097412,0.18770857155323029,0.8067002892494202,-0.02951272763311863,0.9805315136909485,golo
shot_KS_26,1.8984906673431396,0.19593997299671173,0.6607195734977722,-0.2948930263519287,0.9999942779541016,0.18332695960998535,0.6792290806770325,-0.002792941639199853,0.9999953508377075,0.18405239284038544,0.7009284496307373,0.2584671676158905,0.0381646566092968,0.19357740879058838,0.7035333514213562,0.40400734543800354,0.09298431128263474,0.18961329758167267,0.6861644983291626,-0.48481860756874084,0.9999964833259583,0.1908453106880188,0.7141220569610596,-0.4773575961589813,0.974737823009491,0.2019505351781845,0.7150660157203674,-0.3564144968986511,0.9425237774848938,0.18014107644557953,0.7298152446746826,0.17429745197296143,0.9999901652336121,0.18344014883041382,0.7613033056259155,0.5179632306098938,0.044267233461141586,0.18042173981666565,0.7893729209899902,0.8073858618736267,0.24860499799251556,0.18657702207565308,0.7329029440879822,-0.17431078851222992,0.999995768070221,0.1896815150976181,0.7674396634101868,-0.11646870523691177,0.9781630039215088,0.18772593140602112,0.8052753210067749,-0.03365471586585045,0.9793367385864258,golo
shot_KS_26,1.9611670970916748,0.19580426812171936,0.66058748960495,-0.30364423990249634,0.9999939203262329,0.18351374566555023,0.6782419085502625,-0.0055312542244791985,0.9999951720237732,0.18415723741054535,0.7001779079437256,0.25368937849998474,0.03816096857190132,0.19364747405052185,0.7024855613708496,0.3905349671840668,0.08961832523345947,0.1891009360551834,0.6852521300315857,-0.4875337481498718,0.9999962449073792,0.19019415974617004,0.7128384709358215,-0.4783172309398651,0.9738157391548157,0.2012587934732437,0.7142471671104431,-0.36243924498558044,0.9409738183021545,0.17973461747169495,0.7286508083343506,0.17359766364097595,0.9999895691871643,0.1836520880460739,0.7578559517860413,0.486776202917099,0.043803732842206955,0.180448517203331,0.7893341183662415,0.740580677986145,0.24766214191913605,0.18623709678649902,0.731448769569397,-0.17362847924232483,0.9999954104423523,0.18973387777805328,0.7653455138206482,-0.1714150458574295,0.9778800010681152,0.18772518634796143,0.8039007186889648,-0.11403951793909073,0.9784759879112244,golo
shot_KS_26,2.0252187252044678,0.19548280537128448,0.659919798374176,-0.3197467029094696,0.999993622303009,0.18359297513961792,0.6775498986244202,-0.018157901242375374,0.9999948740005493,0.18317581713199615,0.6991676092147827,0.2536056637763977,0.03737442567944527,0.19322919845581055,0.7013742923736572,0.40422654151916504,0.08562005311250687,0.18890462815761566,0.6852080225944519,-0.4948265552520752,0.9999959468841553,0.18925590813159943,0.7125001549720764,-0.4787049889564514,0.9734258651733398,0.20079465210437775,0.7140583395957947,-0.35199427604675293,0.940014660358429,0.1797899454832077,0.7261348366737366,0.1729869395494461,0.9999882578849792,0.18357086181640625,0.7560421824455261,0.49095863103866577,0.043277304619550705,0.18035991489887238,0.7892346382141113,0.7451264262199402,0.24768733978271484,0.18592900037765503,0.7311564683914185,-0.17302928864955902,0.999994695186615,0.1901656985282898,0.7642315626144409,-0.14379848539829254,0.9760799407958984,0.18771903216838837,0.8031499981880188,-0.05522727966308594,0.9764924645423889,golo
shot_KS_26,2.0730884075164795,0.1954186111688614,0.6594342589378357,-0.293109655380249,0.9999936819076538,0.18270812928676605,0.6774025559425354,0.004833982791751623,0.9999946355819702,0.18338364362716675,0.6988291144371033,0.27070337533950806,0.039251573383808136,0.1932738870382309,0.7011368274688721,0.425027072429657,0.0874359980225563,0.18877087533473969,0.6843489408493042,-0.47175049781799316,0.9999957084655762,0.18929116427898407,0.7113935351371765,-0.4606401324272156,0.9743384718894958,0.20065398514270782,0.7135932445526123,-0.33891695737838745,0.9421159029006958,0.1799744963645935,0.7254108190536499,0.17208556830883026,0.9999868273735046,0.18355561792850494,0.7560619711875916,0.4553670883178711,0.046125974506139755,0.180379256606102,0.789210855960846,0.6796551942825317,0.25663337111473083,0.18595236539840698,0.7308043241500854,-0.17214445769786835,0.9999938607215881,0.1905202716588974,0.7641414999961853,-0.1455262154340744,0.9757580161094666,0.18756581842899323,0.8026155829429626,-0.06597313284873962,0.9754829406738281,golo
shot_KS_26,2.1365277767181396,0.1954880654811859,0.6593160033226013,-0.28745338320732117,0.9999938607215881,0.18235404789447784,0.6770445704460144,0.008552172221243382,0.9999945163726807,0.18342626094818115,0.6979959607124329,0.2740996181964874,0.04089152812957764,0.19334061443805695,0.7011240720748901,0.43296289443969727,0.08816618472337723,0.188629150390625,0.6834604144096375,-0.4671781361103058,0.9999955296516418,0.18942807614803314,0.7106974720954895,-0.4471289813518524,0.9751761555671692,0.20059120655059814,0.7131803035736084,-0.30827251076698303,0.9433951377868652,0.18001699447631836,0.7250016331672668,0.17121510207653046,0.9999860525131226,0.18356885015964508,0.7554080486297607,0.4633868634700775,0.05069555342197418,0.18039700388908386,0.7890352606773376,0.690202534198761,0.274456262588501,0.1859835535287857,0.730656623840332,-0.17128728330135345,0.9999933242797852,0.19100259244441986,0.7635467648506165,-0.134473517537117,0.9761404395103455,0.1875079721212387,0.8014096617698669,-0.05509738251566887,0.9756837487220764,golo
shot_KS_26,2.1845054626464844,0.1955348700284958,0.6590856313705444,-0.2785533368587494,0.999994158744812,0.18290042877197266,0.6754169464111328,0.027626557275652885,0.9999943971633911,0.1834840178489685,0.6970350742340088,0.28746846318244934,0.04580245539546013,0.1933630257844925,0.7005518674850464,0.43487057089805603,0.09942621737718582,0.1886620670557022,0.6820939183235168,-0.45365673303604126,0.9999953508377075,0.18951848149299622,0.7093085646629333,-0.4475224018096924,0.976611852645874,0.20057755708694458,0.7123371958732605,-0.3258063793182373,0.9466106295585632,0.17997488379478455,0.7243871688842773,0.17125236988067627,0.9999849796295166,0.18357844650745392,0.7547791004180908,0.42911598086357117,0.06060977652668953,0.1804092675447464,0.7889796495437622,0.6238151788711548,0.30282166600227356,0.18584059178829193,0.7297419309616089,-0.17132703959941864,0.9999925494194031,0.1914880871772766,0.7623517513275146,-0.14031869173049927,0.9768324494361877,0.18745385110378265,0.8008205890655518,-0.07293739169836044,0.9761301279067993,golo
shot_KS_26,2.244541645050049,0.1954609602689743,0.6589069366455078,-0.24821673333644867,0.9999944567680359,0.1830810010433197,0.6746791005134583,0.05449313670396805,0.9999942779541016,0.18349279463291168,0.6965299844741821,0.3121354877948761,0.05079512670636177,0.1934100240468979,0.6998116970062256,0.4586264491081238,0.1113467887043953,0.18869931995868683,0.6811648011207581,-0.4305538535118103,0.999995231628418,0.18954621255397797,0.7084429860115051,-0.42916494607925415,0.978000819683075,0.2005995362997055,0.7113048434257507,-0.3102547228336334,0.9497017860412598,0.17984113097190857,0.7238528728485107,0.1713028997182846,0.9999840259552002,0.18350151181221008,0.7542974948883057,0.4278269112110138,0.07104597985744476,0.180415540933609,0.788896918296814,0.6194696426391602,0.32973217964172363,0.18573309481143951,0.7290854454040527,-0.17138905823230743,0.9999918937683105,0.19169111549854279,0.761573851108551,-0.143426775932312,0.9778509140014648,0.18740026652812958,0.8002012968063354,-0.0863504484295845,0.9767746925354004,golo
shot_KS_26,2.2953546047210693,0.19547821581363678,0.6583549380302429,-0.259460985660553,0.9999948740005493,0.18314187228679657,0.6741562485694885,0.04300306364893913,0.9999943375587463,0.18370859324932098,0.6958591341972351,0.2997237741947174,0.05743939429521561,0.19356131553649902,0.6991395950317383,0.44777342677116394,0.1272900551557541,0.1887107491493225,0.6810716986656189,-0.43575555086135864,0.9999951720237732,0.18961724638938904,0.708807110786438,-0.4138350486755371,0.979367733001709,0.20065881311893463,0.7102594971656799,-0.26696592569351196,0.9529726505279541,0.179754838347435,0.7232481837272644,0.17093004286289215,0.9999837875366211,0.18326199054718018,0.7541931867599487,0.4287678599357605,0.08916610479354858,0.180400088429451,0.78887540102005,0.6203712821006775,0.3700486123561859,0.18562506139278412,0.728475034236908,-0.17101320624351501,0.9999915957450867,0.19189193844795227,0.7605536580085754,-0.14390899240970612,0.9792682528495789,0.18726442754268646,0.7993276715278625,-0.08466766774654388,0.9781452417373657,golo
shot_KS_26,2.344874858856201,0.19549134373664856,0.6579935550689697,-0.2202357053756714,0.9999951720237732,0.18321500718593597,0.6731290817260742,0.0623670257627964,0.9999942779541016,0.18419186770915985,0.6945778131484985,0.31159529089927673,0.06705101579427719,0.19367484748363495,0.6982170939445496,0.4619084894657135,0.1457781344652176,0.18873339891433716,0.6803123950958252,-0.40690845251083374,0.9999949932098389,0.18965983390808105,0.7084321975708008,-0.38716575503349304,0.9807184934616089,0.20071889460086823,0.7091467380523682,-0.23728302121162415,0.9562785029411316,0.17960146069526672,0.7223546504974365,0.16795563697814941,0.9999833106994629,0.18304826319217682,0.7539650797843933,0.3792036175727844,0.12466850876808167,0.18046565353870392,0.7888821363449097,0.5196115374565125,0.4167419373989105,0.1854306161403656,0.7273831367492676,-0.16805914044380188,0.9999909996986389,0.191944882273674,0.759997546672821,-0.1513887196779251,0.9806910753250122,0.18726573884487152,0.7988956570625305,-0.10877113789319992,0.9795420169830322,golo
shot_KS_26,2.406982898712158,0.19545768201351166,0.6577250957489014,-0.21343109011650085,0.9999954700469971,0.18326793611049652,0.6729991436004639,0.07216208428144455,0.9999940991401672,0.18417565524578094,0.6950262188911438,0.3131880462169647,0.07451976090669632,0.19396893680095673,0.6985501050949097,0.45309072732925415,0.16000626981258392,0.1887151449918747,0.6794888973236084,-0.3978634476661682,0.9999947547912598,0.189779594540596,0.7079143524169922,-0.399039089679718,0.9820560812950134,0.20072422921657562,0.7082721590995789,-0.2721487581729889,0.9594011306762695,0.17960220575332642,0.7228392362594604,0.1660093367099762,0.999983012676239,0.18297477066516876,0.7542023658752441,0.4103762209415436,0.1664843112230301,0.18056939542293549,0.7888656258583069,0.5851284861564636,0.46573618054389954,0.18538890779018402,0.7277168035507202,-0.1661052256822586,0.9999906420707703,0.19205015897750854,0.7594261169433594,-0.1124577522277832,0.9822590351104736,0.18729268014431,0.7984968423843384,-0.0412384569644928,0.9811621308326721,golo
shot_KS_26,2.4622514247894287,0.19544215500354767,0.6573300361633301,-0.2325424998998642,0.999995768070221,0.18330489099025726,0.6730281114578247,0.06036201864480972,0.9999940395355225,0.1841602921485901,0.6949615478515625,0.30502456426620483,0.0818876400589943,0.19421513378620148,0.697669267654419,0.4478147327899933,0.1763891577720642,0.18872343003749847,0.6794191598892212,-0.4123342037200928,0.9999945759773254,0.18992595374584198,0.707790732383728,-0.39516523480415344,0.9832127690315247,0.2008744180202484,0.7067850232124329,-0.24430586397647858,0.9622359275817871,0.17959031462669373,0.7228004336357117,0.16613729298114777,0.9999827742576599,0.18290774524211884,0.7543225884437561,0.41663268208503723,0.19758844375610352,0.18058434128761292,0.7887978553771973,0.5907169580459595,0.5078743696212769,0.1853204369544983,0.7275384068489075,-0.16622798144817352,0.9999902844429016,0.19226156175136566,0.7591084241867065,-0.1233256384730339,0.9836264252662659,0.18733103573322296,0.7978646755218506,-0.05360898748040199,0.9825418591499329,golo
shot_KS_26,2.518350124359131,0.19537311792373657,0.6570209264755249,-0.2420029491186142,0.9999960660934448,0.18332131206989288,0.6729792356491089,0.05170130729675293,0.9999940395355225,0.18418100476264954,0.6942995190620422,0.29644909501075745,0.08935929834842682,0.19439560174942017,0.6963945627212524,0.4204268157482147,0.19168777763843536,0.1887310892343521,0.6791827082633972,-0.4131581485271454,0.9999945163726807,0.19009172916412354,0.7074495553970337,-0.4086032211780548,0.9842520356178284,0.20098735392093658,0.7059221863746643,-0.2589414715766907,0.9649059176445007,0.17960789799690247,0.722506582736969,0.16704131662845612,0.9999827742576599,0.1829199194908142,0.7543759942054749,0.40929868817329407,0.22367766499519348,0.18061800301074982,0.7888464331626892,0.5791457891464233,0.5455753207206726,0.18527966737747192,0.7269506454467773,-0.16714094579219818,0.9999901652336121,0.19240252673625946,0.7588213682174683,-0.1518375128507614,0.9848769903182983,0.18749944865703583,0.7978259325027466,-0.08990145474672318,0.9837744832038879,golo
shot_KS_26,2.567619800567627,0.1953428089618683,0.6568406224250793,-0.24794261157512665,0.9999963045120239,0.1833951622247696,0.6730186343193054,0.055575523525476456,0.9999937415122986,0.18418347835540771,0.6945731043815613,0.2787588834762573,0.09386830776929855,0.19444328546524048,0.6963731050491333,0.36483997106552124,0.200127974152565,0.18869592249393463,0.6790880560874939,-0.4204251766204834,0.9999942779541016,0.19015474617481232,0.7072499394416809,-0.413667231798172,0.9853476285934448,0.20098933577537537,0.7045786380767822,-0.26842182874679565,0.9673821330070496,0.1797192394733429,0.7226426005363464,0.1697452813386917,0.9999828338623047,0.18293549120426178,0.754387378692627,0.41598251461982727,0.2508704960346222,0.18070730566978455,0.7888968586921692,0.6025429368019104,0.5817295908927917,0.1852966994047165,0.7269746661186218,-0.1698257029056549,0.9999902248382568,0.19255881011486053,0.7587231397628784,-0.15292327105998993,0.9861873984336853,0.1876402646303177,0.7979972958564758,-0.08691632002592087,0.9850513339042664,golo
shot_KS_26,2.6124179363250732,0.1953490823507309,0.6566974520683289,-0.23802326619625092,0.9999964237213135,0.18340876698493958,0.6730453968048096,0.06208677217364311,0.999993622303009,0.1842549741268158,0.6940508484840393,0.3038599193096161,0.09714106470346451,0.1944899559020996,0.6956048607826233,0.43658438324928284,0.20902548730373383,0.18869920074939728,0.6791648268699646,-0.41821321845054626,0.9999940395355225,0.19027291238307953,0.7067461609840393,-0.4073716104030609,0.9862604737281799,0.20115365087985992,0.7035892009735107,-0.26235324144363403,0.9697399735450745,0.1798177808523178,0.722783088684082,0.16973674297332764,0.9999825358390808,0.18294084072113037,0.7545115351676941,0.4356040060520172,0.27216628193855286,0.18076883256435394,0.7889078855514526,0.6315582990646362,0.614306628704071,0.1853090077638626,0.727127194404602,-0.16981570422649384,0.9999899864196777,0.19271616637706757,0.7587417960166931,-0.12151939421892166,0.9872955083847046,0.1878075897693634,0.7977926135063171,-0.0422154925763607,0.986180305480957,golo
shot_KS_26,2.6818456649780273,0.19535233080387115,0.6562556028366089,-0.2650427520275116,0.9999966025352478,0.18347884714603424,0.6731031537055969,0.039195992052555084,0.999993622303009,0.18429362773895264,0.6940420269966125,0.28990134596824646,0.09856575727462769,0.19458149373531342,0.694770336151123,0.43339040875434875,0.21378804743289948,0.18871818482875824,0.6793761849403381,-0.4368266463279724,0.9999939203262329,0.1903415471315384,0.7068169713020325,-0.414799302816391,0.9868027567863464,0.20119456946849823,0.7027490139007568,-0.2662575840950012,0.9717274904251099,0.17995324730873108,0.7227935791015625,0.16967569291591644,0.9999824166297913,0.18294794857501984,0.7547330856323242,0.4474899470806122,0.2803681492805481,0.18080419301986694,0.7889468669891357,0.6537817120552063,0.6404741406440735,0.1853446215391159,0.7271239757537842,-0.16974996030330658,0.9999898672103882,0.1927318572998047,0.7586458921432495,-0.12372546643018723,0.9881828427314758,0.18801027536392212,0.7976307272911072,-0.04244731739163399,0.9870980978012085,golo
shot_KS_26,2.7237110137939453,0.19533254206180573,0.6561183333396912,-0.2293502539396286,0.9999967813491821,0.18371205031871796,0.6730995774269104,0.061874862760305405,0.9999932050704956,0.18530045449733734,0.6941868662834167,0.2840750515460968,0.10074473917484283,0.19521181285381317,0.6945669054985046,0.3835006058216095,0.2157212495803833,0.18868373334407806,0.6791852116584778,-0.4138357639312744,0.999993622303009,0.1905948668718338,0.7061898112297058,-0.38885921239852905,0.987663984298706,0.20121152698993683,0.7024009823799133,-0.22850069403648376,0.9735528230667114,0.18036948144435883,0.7228471040725708,0.1686675250530243,0.9999825954437256,0.18295849859714508,0.7550740838050842,0.4471559524536133,0.31088143587112427,0.18089039623737335,0.7889822125434875,0.6463738679885864,0.669536828994751,0.18547965586185455,0.7272262573242188,-0.16871023178100586,0.999989926815033,0.19272367656230927,0.7585756182670593,-0.0990934893488884,0.9892168045043945,0.18824243545532227,0.7973856925964355,-0.005233353935182095,0.9881468415260315,golo
shot_KS_26,2.7876405715942383,0.195320263504982,0.6562332510948181,-0.21518351137638092,0.9999969005584717,0.1838647872209549,0.6731003522872925,0.08393295854330063,0.9999929070472717,0.18581034243106842,0.6942629218101501,0.3060351014137268,0.1008363738656044,0.19572749733924866,0.6942655444145203,0.40725547075271606,0.21635089814662933,0.18865202367305756,0.6786538362503052,-0.40149807929992676,0.9999931454658508,0.1906605362892151,0.7058718204498291,-0.3938761055469513,0.9882431626319885,0.20129846036434174,0.7015658020973206,-0.24470891058444977,0.9745339155197144,0.1806865632534027,0.723051905632019,0.1695706844329834,0.9999827742576599,0.18315660953521729,0.7552618980407715,0.45745351910591125,0.32560718059539795,0.1809612214565277,0.7889841198921204,0.6631808280944824,0.6935248970985413,0.185783252120018,0.7273051142692566,-0.1696055680513382,0.9999899864196777,0.19269411265850067,0.7586028575897217,-0.10876060277223587,0.9901187419891357,0.18872541189193726,0.7975015640258789,-0.028689730912446976,0.9890623092651367,golo
shot_KS_26,2.8452117443084717,0.19531922042369843,0.6562901735305786,-0.1992669254541397,0.9999970197677612,0.18403442203998566,0.6731090545654297,0.10106636583805084,0.9999926090240479,0.1861456334590912,0.694296658039093,0.3150009512901306,0.10315752774477005,0.19612529873847961,0.6939740777015686,0.40990620851516724,0.22528180480003357,0.1886550635099411,0.6782106757164001,-0.389869749546051,0.9999927878379822,0.19075186550617218,0.7050651907920837,-0.38928550481796265,0.9889355897903442,0.20134395360946655,0.7008507251739502,-0.24514058232307434,0.9761235117912292,0.18109571933746338,0.7230952978134155,0.17047862708568573,0.9999826550483704,0.18355512619018555,0.7552168369293213,0.4468904435634613,0.3404785394668579,0.1809835284948349,0.7889427542686462,0.6294918656349182,0.7151621580123901,0.18594734370708466,0.7273244857788086,-0.17051246762275696,0.9999898672103882,0.19260896742343903,0.758706271648407,-0.11050514131784439,0.9909024834632874,0.18915463984012604,0.7975711226463318,-0.03706776723265648,0.9898727536201477,golo
shot_KS_26,2.8986265659332275,0.1953202188014984,0.6563439965248108,-0.18834547698497772,0.9999971389770508,0.1841202974319458,0.6731396317481995,0.09895449131727219,0.9999920129776001,0.18666020035743713,0.6946436166763306,0.31041860580444336,0.10497935116291046,0.19628095626831055,0.6938495635986328,0.3878009021282196,0.22660502791404724,0.18875247240066528,0.6782496571540833,-0.38304591178894043,0.9999923706054688,0.1910073310136795,0.7050872445106506,-0.37147197127342224,0.989592969417572,0.20149512588977814,0.7006203532218933,-0.21357682347297668,0.9774160981178284,0.1814037412405014,0.7231267690658569,0.16980576515197754,0.9999827742576599,0.18395106494426727,0.7552940845489502,0.4286268651485443,0.3669879138469696,0.18102696537971497,0.7890093326568604,0.6043621301651001,0.7367358803749084,0.18616169691085815,0.7273461222648621,-0.1698257476091385,0.999989926815033,0.19249506294727325,0.7587652802467346,-0.09981956332921982,0.9916651248931885,0.18934553861618042,0.7978062629699707,-0.025402994826436043,0.9906503558158875,golo
shot_KS_26,2.9467580318450928,0.1953238844871521,0.6563565731048584,-0.20360367000102997,0.9999969005584717,0.18423135578632355,0.6731630563735962,0.08563915640115738,0.9999904632568359,0.18699903786182404,0.6947529911994934,0.2439430058002472,0.10129308700561523,0.19648469984531403,0.693484902381897,0.2791891396045685,0.21636751294136047,0.189051553606987,0.6783512234687805,-0.3845207393169403,0.9999915957450867,0.19160528481006622,0.7052724361419678,-0.3723297119140625,0.9899392127990723,0.20169775187969208,0.7008145451545715,-0.19368234276771545,0.9784635305404663,0.1816813349723816,0.7231354117393494,0.16937656700611115,0.9999822378158569,0.18418915569782257,0.7555558681488037,0.4369334280490875,0.3741760551929474,0.18102408945560455,0.7890315055847168,0.6297121047973633,0.7508208155632019,0.1864098161458969,0.7273733615875244,-0.16937708854675293,0.9999897480010986,0.19225339591503143,0.7590851187705994,-0.08538253605365753,0.9922398924827576,0.18928860127925873,0.7981271147727966,0.009212950244545937,0.9911351203918457,golo
shot_KS_26,3.0101006031036377,0.19533564150333405,0.6563593149185181,-0.21421775221824646,0.9999969601631165,0.18425916135311127,0.6731799840927124,0.05909981578588486,0.9999905228614807,0.18694134056568146,0.6945499181747437,0.2644871175289154,0.10079418867826462,0.19647972285747528,0.6930693984031677,0.3146006166934967,0.2156394124031067,0.18938390910625458,0.6788130402565002,-0.39793846011161804,0.9999915361404419,0.1918083280324936,0.7053678631782532,-0.3777431845664978,0.9899808168411255,0.20211981236934662,0.7008451223373413,-0.2075669914484024,0.9795188307762146,0.18176506459712982,0.7231324315071106,0.1683877557516098,0.9999818801879883,0.1845685988664627,0.755632758140564,0.45001083612442017,0.3744296133518219,0.18102456629276276,0.7889935970306396,0.658379852771759,0.7623922228813171,0.18669763207435608,0.7273954749107361,-0.16837970912456512,0.9999895691871643,0.19175894558429718,0.7593264579772949,-0.08289221674203873,0.992650032043457,0.1892157942056656,0.7985085248947144,0.01012240070849657,0.9915096163749695,golo
shot_KS_26,3.058074474334717,0.19537560641765594,0.6563188433647156,-0.2083960622549057,0.999997079372406,0.1844319850206375,0.6731935143470764,0.06626411527395248,0.9999904036521912,0.1868833601474762,0.6946229934692383,0.2709422707557678,0.10024508833885193,0.1967204064130783,0.69306480884552,0.3532581925392151,0.21885482966899872,0.1896323412656784,0.6789475679397583,-0.3959084451198578,0.9999915361404419,0.19209565222263336,0.7054172158241272,-0.3632960319519043,0.9904270172119141,0.20265501737594604,0.7009217143058777,-0.1943049132823944,0.9809973835945129,0.1819535344839096,0.7231485843658447,0.16708014905452728,0.9999816417694092,0.18508927524089813,0.7555243968963623,0.42597705125808716,0.38345617055892944,0.18096742033958435,0.7886281609535217,0.6068763136863708,0.7749317288398743,0.18691737949848175,0.7274123430252075,-0.16706760227680206,0.9999894499778748,0.19141755998134613,0.7597615718841553,-0.09000841528177261,0.9930990934371948,0.18917344510555267,0.7988569140434265,-0.004788823425769806,0.9919297695159912,golo
shot_KS_26,3.1220498085021973,0.1954376995563507,0.6561557054519653,-0.19229458272457123,0.999997079372406,0.18480335175991058,0.6732365489006042,0.07546498626470566,0.9999896287918091,0.18787018954753876,0.6951400637626648,0.2574416399002075,0.09622432291507721,0.19753701984882355,0.6930773854255676,0.31203964352607727,0.2091330736875534,0.18969295918941498,0.6789860129356384,-0.3824923038482666,0.9999911785125732,0.19208304584026337,0.7055020332336426,-0.336578905582428,0.9907901883125305,0.20280681550502777,0.7008242011070251,-0.15039202570915222,0.9817694425582886,0.18244725465774536,0.7234429717063904,0.16412727534770966,0.999981701374054,0.1857379972934723,0.7557644248008728,0.42830538749694824,0.3842395842075348,0.18100662529468536,0.7885236144065857,0.6141590476036072,0.7785258293151855,0.1871204525232315,0.7276210784912109,-0.1640750914812088,0.9999895691871643,0.19097457826137543,0.7608428001403809,-0.06093098968267441,0.993466317653656,0.18902422487735748,0.7993612885475159,0.04796286299824715,0.9921717643737793,golo
shot_KS_26,3.1695048809051514,0.19549472630023956,0.6561473608016968,-0.1778680831193924,0.9999971389770508,0.18491944670677185,0.6732456684112549,0.08272771537303925,0.9999894499778748,0.18809331953525543,0.6950967907905579,0.26471012830734253,0.09603157639503479,0.19791094958782196,0.6928166747093201,0.3407592475414276,0.2107648402452469,0.18987329304218292,0.6790149807929993,-0.3699321150779724,0.9999910593032837,0.1923229992389679,0.7055270075798035,-0.32424473762512207,0.991168200969696,0.20307229459285736,0.7004418969154358,-0.14050063490867615,0.9828919768333435,0.182575061917305,0.7234869599342346,0.16209928691387177,0.9999815225601196,0.1866494119167328,0.7556330561637878,0.4162505269050598,0.38527506589889526,0.18100790679454803,0.7878279089927673,0.6015057563781738,0.7823233008384705,0.18745358288288116,0.7277206778526306,-0.16206078231334686,0.9999895095825195,0.19085253775119781,0.7610619068145752,-0.06849519163370132,0.9937520027160645,0.18886908888816833,0.7997598052024841,0.02276773191988468,0.9924103021621704,golo
shot_KS_26,3.2331326007843018,0.19554512202739716,0.6561790704727173,-0.14841675758361816,0.999997079372406,0.18522916734218597,0.6731775403022766,0.10722069442272186,0.9999889135360718,0.18967199325561523,0.6944376230239868,0.23455779254436493,0.09350866079330444,0.19906865060329437,0.6925984621047974,0.21413160860538483,0.20723116397857666,0.19015543162822723,0.6790374517440796,-0.3505006432533264,0.999990701675415,0.1928516924381256,0.7054926753044128,-0.31197214126586914,0.9914010167121887,0.2031780332326889,0.6993572115898132,-0.1320100575685501,0.9833101630210876,0.18299849331378937,0.7234368920326233,0.162251815199852,0.9999821186065674,0.18737037479877472,0.7549077272415161,0.38869786262512207,0.3713976740837097,0.18113982677459717,0.7868223786354065,0.5510181188583374,0.7694519758224487,0.18778274953365326,0.7276226282119751,-0.1622287780046463,0.9999898672103882,0.19091421365737915,0.7608779072761536,-0.12798714637756348,0.9939684271812439,0.1888629049062729,0.7998828887939453,-0.08758596330881119,0.9924538731575012,golo
shot_KS_26,3.281212568283081,0.1956663280725479,0.6562502384185791,-0.1308048814535141,0.9999969601631165,0.18549425899982452,0.673181414604187,0.11827795207500458,0.9999886155128479,0.19054056704044342,0.694105327129364,0.24995315074920654,0.09502825140953064,0.19968879222869873,0.6924187541007996,0.29154685139656067,0.2125236839056015,0.19079889357089996,0.6790817379951477,-0.3377503454685211,0.9999902248382568,0.1935674399137497,0.7054315805435181,-0.2959115207195282,0.9914024472236633,0.20346541702747345,0.6985788345336914,-0.10991619527339935,0.9833984375,0.18321175873279572,0.7234143614768982,0.1624925583600998,0.9999826550483704,0.1881895214319229,0.7533536553382874,0.3964701294898987,0.36011841893196106,0.18136675655841827,0.7854451537132263,0.5653030276298523,0.7618722915649414,0.18806496262550354,0.7276232838630676,-0.16247721016407013,0.9999901056289673,0.19103653728961945,0.7602291703224182,-0.14029884338378906,0.994203507900238,0.18885086476802826,0.7998751401901245,-0.10580503940582275,0.992645263671875,golo
shot_KS_26,3.345832347869873,0.1958465427160263,0.6563495993614197,-0.09489858895540237,0.9999966025352478,0.18568111956119537,0.6732198596000671,0.1412944495677948,0.9999881386756897,0.19101868569850922,0.6939888000488281,0.2940601706504822,0.09631962329149246,0.20009249448776245,0.692215621471405,0.3397769629955292,0.21606607735157013,0.19108708202838898,0.6790974140167236,-0.31314560770988464,0.9999893307685852,0.19387462735176086,0.705224871635437,-0.2734467685222626,0.9911440014839172,0.20369113981723785,0.6978265643119812,-0.08335278183221817,0.9829451441764832,0.18334542214870453,0.7233738303184509,0.16264256834983826,0.9999833106994629,0.18867351114749908,0.7516216039657593,0.40263909101486206,0.3529742360115051,0.18178503215312958,0.7836510539054871,0.5769279599189758,0.759951651096344,0.1881723254919052,0.7276135683059692,-0.16263078153133392,0.9999904036521912,0.19107381999492645,0.7594717144966125,-0.14103922247886658,0.9945045709609985,0.18881039321422577,0.7998687624931335,-0.10880231112241745,0.9929888844490051,golo
shot_KS_26,3.392225503921509,0.1960497796535492,0.6564571261405945,-0.10853178054094315,0.9999960064888,0.18585145473480225,0.6732723116874695,0.1302080750465393,0.9999877214431763,0.1912083774805069,0.6938799619674683,0.2591695487499237,0.09537109732627869,0.20048904418945312,0.6921945810317993,0.25041261315345764,0.21684503555297852,0.19132724404335022,0.6791101098060608,-0.3229784071445465,0.9999881386756897,0.19408132135868073,0.7046184539794922,-0.283982515335083,0.990127682685852,0.20370866358280182,0.696992039680481,-0.09696023911237717,0.9807180762290955,0.18360204994678497,0.7233748435974121,0.16272900998592377,0.9999837875366211,0.1888958364725113,0.7507940530776978,0.4047253727912903,0.3335227370262146,0.18209245800971985,0.7825362086296082,0.5847299695014954,0.7392427325248718,0.18816809356212616,0.727608859539032,-0.16271933913230896,0.9999906420707703,0.1910877525806427,0.7591595649719238,-0.154389888048172,0.9946345090866089,0.18862353265285492,0.7998602390289307,-0.12621423602104187,0.9930394291877747,golo
shot_KS_26,3.4612462520599365,0.19620966911315918,0.6564617156982422,-0.1346377283334732,0.9999935030937195,0.1861070692539215,0.6733827590942383,0.11886724084615707,0.9999858736991882,0.1912778615951538,0.6940772533416748,0.17061053216457367,0.08837797492742538,0.20075935125350952,0.6920191645622253,0.07198695093393326,0.19967937469482422,0.19148050248622894,0.6791196465492249,-0.33667463064193726,0.9999865889549255,0.1944795399904251,0.7043718099594116,-0.30046847462654114,0.9865535497665405,0.20390354096889496,0.6958088278770447,-0.12186296284198761,0.9718411564826965,0.18401184678077698,0.7233844995498657,0.16442029178142548,0.999984622001648,0.1890150010585785,0.7501490712165833,0.4264140725135803,0.30739879608154297,0.18216557800769806,0.7812672853469849,0.629245936870575,0.7018719911575317,0.1882365494966507,0.7276025414466858,-0.16440539062023163,0.9999911785125732,0.19120188057422638,0.7590343952178955,-0.19817090034484863,0.9948307275772095,0.18851792812347412,0.7999834418296814,-0.19609999656677246,0.9931349158287048,golo
shot_KS_26,3.503187656402588,0.1963258683681488,0.6564660668373108,-0.14068560302257538,0.9999907612800598,0.1862335354089737,0.6734377145767212,0.11540408432483673,0.9999837279319763,0.19116942584514618,0.6941092014312744,0.16682134568691254,0.08167903870344162,0.20061670243740082,0.6917978525161743,0.08165039867162704,0.18318109214305878,0.19168105721473694,0.6791642904281616,-0.34387221932411194,0.9999846816062927,0.19457915425300598,0.7042472958564758,-0.3095068633556366,0.983181357383728,0.20401674509048462,0.6952117681503296,-0.12156824767589569,0.9632147550582886,0.18412147462368011,0.723540723323822,0.16520486772060394,0.9999853372573853,0.18882815539836884,0.7499527335166931,0.4620005488395691,0.2847032845020294,0.1823439747095108,0.7810526490211487,0.6832560896873474,0.6732061505317688,0.18846045434474945,0.7277098894119263,-0.16518475115299225,0.9999916553497314,0.19123069941997528,0.7590600848197937,-0.17256109416484833,0.9950481653213501,0.18840256333351135,0.8003785014152527,-0.14689235389232635,0.9932723045349121,golo
shot_KS_26,3.567303419113159,0.19634820520877838,0.6564698219299316,-0.1450352668762207,0.9999881386756897,0.18622523546218872,0.6734214425086975,0.10376755893230438,0.9999813437461853,0.19146046042442322,0.6941224932670593,0.1417885273694992,0.0754980519413948,0.20053808391094208,0.6908801794052124,0.04074529930949211,0.16747640073299408,0.19165879487991333,0.6792082786560059,-0.34721142053604126,0.9999834299087524,0.19467948377132416,0.7039754986763,-0.31358471512794495,0.981182873249054,0.2039802223443985,0.6944023370742798,-0.11801128089427948,0.9563419222831726,0.18426750600337982,0.7236087322235107,0.1654270738363266,0.9999861717224121,0.18887309730052948,0.7502054572105408,0.4661777913570404,0.2651786804199219,0.18260864913463593,0.7811700701713562,0.6853675842285156,0.6506485342979431,0.1886693388223648,0.7278825640678406,-0.16540102660655975,0.9999922513961792,0.19132740795612335,0.7591454982757568,-0.17264580726623535,0.9953731298446655,0.1883533000946045,0.800650417804718,-0.1629791110754013,0.9936299324035645,golo
shot_KS_26,3.6152398586273193,0.19637969136238098,0.6565235257148743,-0.13053065538406372,0.9999862313270569,0.18617898225784302,0.6734233498573303,0.10593421012163162,0.9999793767929077,0.1913820058107376,0.694028377532959,0.17525389790534973,0.06974083185195923,0.20035651326179504,0.6908002495765686,0.1165798157453537,0.1531475931406021,0.1917489916086197,0.6792502403259277,-0.34460726380348206,0.9999809861183167,0.19484639167785645,0.7036834955215454,-0.3000960052013397,0.9773096442222595,0.20395979285240173,0.6935158967971802,-0.08339250832796097,0.9415059685707092,0.18431757390499115,0.7237839102745056,0.1653452217578888,0.9999868273735046,0.18878984451293945,0.7504153251647949,0.4758876860141754,0.24869433045387268,0.18300622701644897,0.7809736132621765,0.7013438940048218,0.6313581466674805,0.18891970813274384,0.7281948328018188,-0.1653139591217041,0.9999926686286926,0.19141259789466858,0.7595148086547852,-0.15445956587791443,0.9956367611885071,0.18835414946079254,0.8006448149681091,-0.1365002989768982,0.9939077496528625,golo
shot_KS_26,3.6792149543762207,0.19637148082256317,0.6562209129333496,-0.1526334434747696,0.9999834895133972,0.18639345467090607,0.673533022403717,0.100086510181427,0.9999768137931824,0.19158099591732025,0.6941768527030945,0.14558148384094238,0.06408963352441788,0.20058569312095642,0.6899937391281128,0.04234326630830765,0.13996058702468872,0.19169248640537262,0.6792563796043396,-0.3606356084346771,0.9999797344207764,0.19545935094356537,0.7034018635749817,-0.3193824887275696,0.9755282402038574,0.2041124850511551,0.6915156841278076,-0.10199422389268875,0.93623286485672,0.18496853113174438,0.7239652872085571,0.16603370010852814,0.9999876022338867,0.188803032040596,0.7505926489830017,0.49234849214553833,0.22999314963817596,0.18346960842609406,0.7803013920783997,0.7471293807029724,0.603774905204773,0.1889301985502243,0.7283695936203003,-0.16597606241703033,0.9999931454658508,0.19160470366477966,0.7597996592521667,-0.16779688000679016,0.99592125415802,0.1883554607629776,0.8006395101547241,-0.14275269210338593,0.9941898584365845,golo
shot_KS_26,3.727091073989868,0.19635632634162903,0.6561812162399292,-0.16930809617042542,0.9999807476997375,0.18635320663452148,0.6735358238220215,0.0867285504937172,0.9999740123748779,0.19152016937732697,0.6941819787025452,0.17005078494548798,0.058961171656847,0.2003941386938095,0.6898502111434937,0.15100650489330292,0.12780439853668213,0.19178716838359833,0.6793319582939148,-0.37243029475212097,0.9999763369560242,0.19564591348171234,0.7031922936439514,-0.32277920842170715,0.9697321653366089,0.2042675018310547,0.6901573538780212,-0.1082191988825798,0.9195260405540466,0.1847945898771286,0.7239715456962585,0.16637969017028809,0.9999879598617554,0.18879680335521698,0.7506016492843628,0.50834721326828,0.21296954154968262,0.18413889408111572,0.7800884246826172,0.7759085893630981,0.5800759792327881,0.18900351226329803,0.7284089922904968,-0.16630961000919342,0.9999933838844299,0.1917259246110916,0.759881854057312,-0.15373875200748444,0.9960507750511169,0.18838803470134735,0.8005553483963013,-0.10374344885349274,0.9942513108253479,golo
shot_KS_26,3.7905995845794678,0.19635120034217834,0.6561269760131836,-0.18836498260498047,0.9999670386314392,0.18662230670452118,0.6737015843391418,0.07627977430820465,0.9999696016311646,0.19262033700942993,0.6941593885421753,0.04680468514561653,0.053882207721471786,0.20077458024024963,0.6880808472633362,-0.17249765992164612,0.1160893589258194,0.19155478477478027,0.6790503859519958,-0.38793569803237915,0.9999715089797974,0.19683673977851868,0.7016459703445435,-0.34474605321884155,0.965315580368042,0.20411978662014008,0.6879260540008545,-0.13604192435741425,0.890703022480011,0.1850789189338684,0.7239768505096436,0.1662878841161728,0.9999887943267822,0.18875543773174286,0.750671923160553,0.4857591986656189,0.1943800449371338,0.18435870110988617,0.7799423336982727,0.7284021973609924,0.5378553867340088,0.18895427882671356,0.7283169627189636,-0.16622188687324524,0.9999938607215881,0.19210554659366608,0.7599093914031982,-0.1654433012008667,0.9960160851478577,0.18849198520183563,0.8004910945892334,-0.16499517858028412,0.9940239191055298,golo
shot_KS_26,3.8465919494628906,0.19634893536567688,0.6563757658004761,-0.2058161348104477,0.9999585151672363,0.1871790885925293,0.6739381551742554,0.06710867583751678,0.9999679327011108,0.19440869987010956,0.6939090490341187,-0.003763015614822507,0.049568112939596176,0.20168502628803253,0.6850734949111938,-0.276112824678421,0.106134794652462,0.19113095104694366,0.6786981225013733,-0.39210107922554016,0.9999679923057556,0.19825632870197296,0.7003530263900757,-0.3605189621448517,0.9615240097045898,0.20405389368534088,0.6846438646316528,-0.17034944891929626,0.859917163848877,0.185368612408638,0.7240678071975708,0.16569818556308746,0.9999896287918091,0.18878339231014252,0.7512231469154358,0.4799824059009552,0.1773296296596527,0.1846160888671875,0.7799497246742249,0.7229660153388977,0.4960407018661499,0.18892447650432587,0.7281230688095093,-0.16565491259098053,0.9999943375587463,0.1924000233411789,0.7599557638168335,-0.19142627716064453,0.9959990382194519,0.18863652646541595,0.8004576563835144,-0.20471370220184326,0.9938405752182007,golo
shot_KS_26,3.9017372131347656,0.19625888764858246,0.6564280986785889,-0.203090637922287,0.9999607801437378,0.18733389675617218,0.6740840077400208,0.0698879137635231,0.9999685883522034,0.1940489411354065,0.6927615404129028,0.08184117823839188,0.047953393310308456,0.20202860236167908,0.6830200552940369,-0.07421988248825073,0.10309987515211105,0.19094222784042358,0.6785703897476196,-0.387927383184433,0.9999678730964661,0.19890159368515015,0.6989917159080505,-0.3566437065601349,0.9614992141723633,0.20395465195178986,0.6825231313705444,-0.17964795231819153,0.8619486689567566,0.18573565781116486,0.7242980599403381,0.1653480976819992,0.9999904036521912,0.18888576328754425,0.7515584230422974,0.4769923686981201,0.16959895193576813,0.1844249814748764,0.7797618508338928,0.7144405245780945,0.4908493459224701,0.18889154493808746,0.7281050682067871,-0.16530407965183258,0.9999947547912598,0.1929515302181244,0.7599563002586365,-0.2002122551202774,0.9963102340698242,0.18878614902496338,0.800330638885498,-0.21383537352085114,0.9942719340324402,golo
shot_KS_26,3.949718952178955,0.19567613303661346,0.6572375893592834,-0.18084236979484558,0.999957799911499,0.18754449486732483,0.6744253635406494,0.08634986728429794,0.9999682903289795,0.1953795999288559,0.6913042664527893,0.05250490456819534,0.04561740159988403,0.2021753340959549,0.680873453617096,-0.18443140387535095,0.09865349531173706,0.1903686672449112,0.6784767508506775,-0.3710985481739044,0.9999678134918213,0.1993759572505951,0.6969521641731262,-0.34382250905036926,0.9628694653511047,0.20371921360492706,0.6810235381126404,-0.165405735373497,0.8669891357421875,0.1861441731452942,0.7246986031532288,0.1652839481830597,0.9999910593032837,0.18895091116428375,0.7515811920166016,0.47472137212753296,0.15751609206199646,0.18435367941856384,0.7791356444358826,0.7005187273025513,0.46646276116371155,0.188847616314888,0.7280698418617249,-0.16524358093738556,0.9999951124191284,0.19357585906982422,0.7599473595619202,-0.21830065548419952,0.9965219497680664,0.18891417980194092,0.8000395894050598,-0.24327775835990906,0.9945161938667297,golo
shot_KS_26,4.01322865486145,0.19542184472084045,0.6578465104103088,-0.18959644436836243,0.9999584555625916,0.18757757544517517,0.6752074956893921,0.0822409987449646,0.9999697208404541,0.19614136219024658,0.6915594935417175,0.0017106259474530816,0.04483065381646156,0.20193876326084137,0.681038498878479,-0.2716585695743561,0.09637123346328735,0.19014637172222137,0.6784890294075012,-0.3711242377758026,0.9999696016311646,0.20024871826171875,0.696137547492981,-0.33698204159736633,0.9657037258148193,0.2032455950975418,0.6798989772796631,-0.14645390212535858,0.8744641542434692,0.18593794107437134,0.7249769568443298,0.16442082822322845,0.9999918341636658,0.1890765279531479,0.7515847086906433,0.47337308526039124,0.1515030711889267,0.18414582312107086,0.7792825698852539,0.6934514045715332,0.4500688314437866,0.18882659077644348,0.7280686497688293,-0.1644216924905777,0.9999955296516418,0.1947408765554428,0.7599453926086426,-0.25068023800849915,0.9968140721321106,0.18901307880878448,0.7999581694602966,-0.2939898669719696,0.9949519634246826,golo
shot_KS_26,4.0607733726501465,0.19512046873569489,0.6585130095481873,-0.15853096544742584,0.9999587535858154,0.1878376305103302,0.6755549907684326,0.10411977022886276,0.999970018863678,0.19708238542079926,0.691424548625946,0.04978647828102112,0.044218942523002625,0.20188197493553162,0.6799865365028381,-0.19540227949619293,0.09450918436050415,0.18981145322322845,0.6785817742347717,-0.3491685092449188,0.9999704360961914,0.2008477747440338,0.6949249505996704,-0.3172678053379059,0.9681665301322937,0.2030653953552246,0.6783434748649597,-0.1432504951953888,0.8833839297294617,0.18599259853363037,0.7253870368003845,0.16334299743175507,0.9999924302101135,0.1890866607427597,0.7516101002693176,0.44725126028060913,0.14846444129943848,0.1838378757238388,0.7794278860092163,0.6436432600021362,0.451800674200058,0.18883295357227325,0.7281188368797302,-0.16335482895374298,0.9999958872795105,0.1956980675458908,0.7601333856582642,-0.2330910712480545,0.9970719218254089,0.18906910717487335,0.7999566793441772,-0.28453364968299866,0.9953367114067078,golo
shot_KS_26,4.1087117195129395,0.19465699791908264,0.6594913601875305,-0.1993732452392578,0.9999603629112244,0.18804140388965607,0.6756550669670105,0.08606696873903275,0.999970555305481,0.19822745025157928,0.6878097057342529,0.035273853689432144,0.04390773922204971,0.2027634084224701,0.6772744059562683,-0.21791265904903412,0.09321949630975723,0.18924804031848907,0.6789714097976685,-0.36505231261253357,0.9999703168869019,0.2011909931898117,0.6946131587028503,-0.3526778519153595,0.969779372215271,0.20332027971744537,0.6768645644187927,-0.21442127227783203,0.8895362615585327,0.18608593940734863,0.725643515586853,0.16209794580936432,0.999992847442627,0.18920038640499115,0.7517526745796204,0.44595763087272644,0.14291083812713623,0.18374216556549072,0.7796601057052612,0.6591728329658508,0.4443869888782501,0.18867021799087524,0.7281197905540466,-0.16212919354438782,0.9999961256980896,0.19641344249248505,0.7602956295013428,-0.22331860661506653,0.9972458481788635,0.18907539546489716,0.7999536991119385,-0.2588575482368469,0.9955633878707886,golo
shot_KS_26,4.172653913497925,0.19436965882778168,0.6603740453720093,-0.2643541395664215,0.9999626278877258,0.18823443353176117,0.676335871219635,0.03400886803865433,0.9999721646308899,0.1994454711675644,0.6875198483467102,-0.02523927390575409,0.05303496867418289,0.20367278158664703,0.6752498745918274,-0.3060879707336426,0.11758184432983398,0.1891438364982605,0.6794747710227966,-0.4172106683254242,0.999970555305481,0.20135055482387543,0.694280207157135,-0.4185560643672943,0.9715196490287781,0.2038135975599289,0.6770766377449036,-0.3066156804561615,0.8957309126853943,0.1861986219882965,0.7262942790985107,0.16170069575309753,0.9999931454658508,0.18931050598621368,0.7521706819534302,0.47192949056625366,0.14071258902549744,0.18371671438217163,0.7800275683403015,0.7224876284599304,0.4304862320423126,0.188601553440094,0.7284921407699585,-0.16173969209194183,0.9999963045120239,0.19691108167171478,0.7604542970657349,-0.22746679186820984,0.997407853603363,0.18908774852752686,0.7994980216026306,-0.2421960085630417,0.9957974553108215,golo
shot_KS_26,4.219898462295532,0.19411449134349823,0.6605390310287476,-0.20040322840213776,0.9999630451202393,0.18814148008823395,0.6769043207168579,0.08236867189407349,0.9999722838401794,0.19901667535305023,0.6881052851676941,0.016622180119156837,0.053249575197696686,0.20398281514644623,0.6767087578773499,-0.2049632966518402,0.12006143480539322,0.18907107412815094,0.6797067523002625,-0.38810113072395325,0.9999706149101257,0.2013569474220276,0.6940556168556213,-0.38164258003234863,0.9732902646064758,0.20459985733032227,0.6772649884223938,-0.24125102162361145,0.9028578996658325,0.18612907826900482,0.7267974615097046,0.16230201721191406,0.9999934434890747,0.1893497258424759,0.7522807717323303,0.4743357300758362,0.1352710723876953,0.18362195789813995,0.780343234539032,0.7094888091087341,0.4202793538570404,0.1886044144630432,0.7288743853569031,-0.1623469442129135,0.9999964833259583,0.19745318591594696,0.7606766223907471,-0.22807219624519348,0.9975588917732239,0.18912018835544586,0.7992596626281738,-0.2613292634487152,0.9960092902183533,golo
shot_KS_26,4.283198595046997,0.19402118027210236,0.661563515663147,-0.2239987850189209,0.9999644756317139,0.18942371010780334,0.6771762371063232,0.07196741551160812,0.9999741911888123,0.20074202120304108,0.6885082125663757,-0.015008500777184963,0.07254273444414139,0.20607666671276093,0.6769911050796509,-0.3205231726169586,0.15839257836341858,0.18724437057971954,0.6796991229057312,-0.3888724744319916,0.9999726414680481,0.2008914053440094,0.6939811110496521,-0.4388534128665924,0.9757558703422546,0.20503230392932892,0.6780632138252258,-0.3942524492740631,0.9118123054504395,0.1865750402212143,0.7269040942192078,0.15928007662296295,0.9999939203262329,0.18953675031661987,0.7523427605628967,0.4727984070777893,0.15693749487400055,0.18360765278339386,0.7804890871047974,0.7264583706855774,0.43330127000808716,0.18815551698207855,0.728871762752533,-0.15925845503807068,0.9999967813491821,0.19787225127220154,0.7608082294464111,-0.25746408104896545,0.9977753162384033,0.18916474282741547,0.7989453673362732,-0.27518078684806824,0.9963565468788147,golo
shot_KS_26,4.330629825592041,0.1940670609474182,0.6625447273254395,-0.2432468682527542,0.9999664425849915,0.1891908198595047,0.6774258613586426,0.057828519493341446,0.9999755620956421,0.1998792141675949,0.6893157362937927,-0.020152563229203224,0.0839044451713562,0.20644468069076538,0.6795017719268799,-0.3196285367012024,0.17957614362239838,0.18694452941417694,0.6797160506248474,-0.40310338139533997,0.999973714351654,0.20068098604679108,0.6944954991340637,-0.4406711161136627,0.9776593446731567,0.20550470054149628,0.678684651851654,-0.36545225977897644,0.9184881448745728,0.18648315966129303,0.7270346283912659,0.1594715416431427,0.999994158744812,0.18961842358112335,0.7523409128189087,0.47506898641586304,0.17354066669940948,0.18360112607479095,0.780534565448761,0.7305063009262085,0.44467419385910034,0.18816345930099487,0.728903591632843,-0.1594548523426056,0.9999969601631165,0.19802775979042053,0.7608389854431152,-0.25640958547592163,0.9979637265205383,0.18922261893749237,0.7984219789505005,-0.27346375584602356,0.9966642260551453,golo
shot_KS_26,4.3939125537872314,0.19402001798152924,0.6627413034439087,-0.26888972520828247,0.9999663829803467,0.18902550637722015,0.6775851249694824,0.04529103264212608,0.999975860118866,0.19918836653232574,0.6881958246231079,-0.012655036523938179,0.08353092521429062,0.20724284648895264,0.6800912022590637,-0.29164937138557434,0.17973275482654572,0.18698565661907196,0.6804286241531372,-0.4297187328338623,0.9999745488166809,0.19988127052783966,0.6961101293563843,-0.5259866714477539,0.9792208671569824,0.20672614872455597,0.6830255389213562,-0.5402058362960815,0.9252386689186096,0.18645694851875305,0.7273144721984863,0.16063837707042694,0.9999943375587463,0.18973343074321747,0.7523314952850342,0.46579307317733765,0.18087489902973175,0.18359272181987762,0.7805392146110535,0.7214444875717163,0.45378434658050537,0.18819968402385712,0.7292990684509277,-0.16058528423309326,0.9999971389770508,0.19807465374469757,0.7609811425209045,-0.2550836503505707,0.9980805516242981,0.18930001556873322,0.7982842922210693,-0.2612802982330322,0.9968764781951904,golo
shot_KS_26,4.4477221965789795,0.19384033977985382,0.6624289751052856,-0.24654623866081238,0.9999608397483826,0.18856661021709442,0.6775411367416382,0.0856349915266037,0.9999716877937317,0.19614866375923157,0.6893579363822937,0.09711942821741104,0.07737113535404205,0.20707815885543823,0.6842895746231079,-0.09722031652927399,0.16873635351657867,0.1868159919977188,0.6809468269348145,-0.4029048979282379,0.9999728202819824,0.19865529239177704,0.6980406045913696,-0.48406699299812317,0.9795160293579102,0.20783650875091553,0.6882100701332092,-0.5043905377388,0.9307410717010498,0.186473086476326,0.7272775173187256,0.16118621826171875,0.9999942779541016,0.18992607295513153,0.7521373629570007,0.427041620016098,0.16945181787014008,0.18358607590198517,0.780554473400116,0.6632970571517944,0.44464248418807983,0.1886017769575119,0.729557454586029,-0.1611105501651764,0.9999971389770508,0.19807198643684387,0.7612333297729492,-0.25464993715286255,0.9978243112564087,0.18936294317245483,0.7982949018478394,-0.2153836488723755,0.9966089129447937,golo
shot_KS_26,4.511648654937744,0.193740114569664,0.6621927618980408,-0.2601858079433441,0.9999644756317139,0.188510462641716,0.677465558052063,0.07369092851877213,0.9999741315841675,0.19473864138126373,0.6891019344329834,0.28329330682754517,0.094960518181324,0.20436149835586548,0.6853011846542358,0.36354464292526245,0.21893440186977386,0.1869896799325943,0.6810827255249023,-0.4246349036693573,0.99997478723526,0.19772003591060638,0.7016898989677429,-0.5152426362037659,0.9811270236968994,0.20924316346645355,0.6959179043769836,-0.5358489751815796,0.9371940493583679,0.18662048876285553,0.7276641726493835,0.1651984006166458,0.9999944567680359,0.1902134269475937,0.7533686757087708,0.4098353385925293,0.17723453044891357,0.18361960351467133,0.7805617451667786,0.6553312540054321,0.46166837215423584,0.18879787623882294,0.7300621867179871,-0.165131613612175,0.9999971389770508,0.19783388078212738,0.7612192034721375,-0.25753268599510193,0.9979144334793091,0.18938122689723969,0.7983142733573914,-0.22804537415504456,0.9967509508132935,golo
shot_KS_26,4.568392753601074,0.1937454789876938,0.6620814204216003,-0.3157791197299957,0.999967634677887,0.18787312507629395,0.6773200631141663,0.026717616245150566,0.9999762773513794,0.19302164018154144,0.6895973682403564,0.27936258912086487,0.10413617640733719,0.20232652127742767,0.6870631575584412,0.3997616767883301,0.2515275478363037,0.18716944754123688,0.681667685508728,-0.4676069915294647,0.9999765157699585,0.19593992829322815,0.7047850489616394,-0.5742238163948059,0.9825320243835449,0.20867349207401276,0.7028940320014954,-0.6221261024475098,0.9428441524505615,0.18661682307720184,0.7273548245429993,0.16545608639717102,0.9999942183494568,0.1903640776872635,0.7531687021255493,0.42678743600845337,0.17722627520561218,0.18362237513065338,0.7807420492172241,0.6747090220451355,0.4751302897930145,0.18905344605445862,0.7299975156784058,-0.16539783775806427,0.9999969005584717,0.1978713721036911,0.7611960768699646,-0.19906389713287354,0.9977456331253052,0.18944311141967773,0.7983421683311462,-0.1287662237882614,0.996685266494751,golo
shot_KS_26,4.63150429725647,0.1937839835882187,0.6620429754257202,-0.29165300726890564,0.9999708533287048,0.1855783462524414,0.677534818649292,0.03843875601887703,0.9999784827232361,0.1911543607711792,0.6891186237335205,0.3125276565551758,0.1306360512971878,0.2005535066127777,0.6877430081367493,0.4553608298301697,0.3115183115005493,0.18727931380271912,0.6821874380111694,-0.43744513392448425,0.9999785423278809,0.19507178664207458,0.7068092823028564,-0.5114274024963379,0.983898401260376,0.2083723396062851,0.7097133994102478,-0.5245901942253113,0.9480013251304626,0.18659618496894836,0.7273703217506409,0.16241513192653656,0.999994158744812,0.1903167963027954,0.7526103258132935,0.41387245059013367,0.18050873279571533,0.1834525316953659,0.7807084321975708,0.6594381928443909,0.48505493998527527,0.18962687253952026,0.7306899428367615,-0.16244292259216309,0.9999967217445374,0.19800032675266266,0.761107861995697,-0.19728200137615204,0.9976519346237183,0.1894829124212265,0.7983485460281372,-0.16141757369041443,0.9966802000999451,golo
shot_KS_26,4.695507764816284,0.19379736483097076,0.6619575023651123,-0.271886944770813,0.9999737739562988,0.18524451553821564,0.6778086423873901,0.04480348899960518,0.9999805092811584,0.1918228715658188,0.6889879107475281,0.321123868227005,0.16250106692314148,0.1998877376317978,0.688996434211731,0.4588235914707184,0.371967613697052,0.18735100328922272,0.6827149987220764,-0.3958382308483124,0.9999805092811584,0.1945420205593109,0.7082208395004272,-0.45028072595596313,0.9852110743522644,0.20680435001850128,0.7168747782707214,-0.47097522020339966,0.9528313875198364,0.1864698976278305,0.7274218201637268,0.15470866858959198,0.9999940395355225,0.1902996003627777,0.7521139979362488,0.40573278069496155,0.17988254129886627,0.18330161273479462,0.7807021737098694,0.6367225646972656,0.49007901549339294,0.18985453248023987,0.731054961681366,-0.15481002628803253,0.9999966025352478,0.1979009360074997,0.7610774040222168,-0.17534290254116058,0.9974851012229919,0.18949882686138153,0.798380434513092,-0.14970414340496063,0.9966222047805786,golo
shot_KS_26,4.759228467941284,0.1939527839422226,0.6616443395614624,-0.2804262042045593,0.999976396560669,0.18520571291446686,0.6779922246932983,0.027242952957749367,0.9999824166297913,0.19209645688533783,0.6881209015846252,0.293778657913208,0.19502270221710205,0.1997840404510498,0.6892821192741394,0.44780558347702026,0.4268111288547516,0.18751271069049835,0.6836138963699341,-0.39780518412590027,0.9999824166297913,0.19416818022727966,0.7089869379997253,-0.44622325897216797,0.98655104637146,0.2035290151834488,0.7246885299682617,-0.4547206461429596,0.9573730230331421,0.18637321889400482,0.727401614189148,0.14862358570098877,0.9999942183494568,0.19021417200565338,0.7517980337142944,0.4236994683742523,0.17724910378456116,0.18324998021125793,0.7806687951087952,0.6815690398216248,0.49750491976737976,0.18992075324058533,0.7312136888504028,-0.148744598031044,0.9999967217445374,0.19783824682235718,0.7611021399497986,-0.14687137305736542,0.9974237084388733,0.18946601450443268,0.7984684705734253,-0.11535828560590744,0.9967135787010193,golo
shot_KS_26,4.807130575180054,0.19422024488449097,0.6615804433822632,-0.2909805178642273,0.9999787211418152,0.18621492385864258,0.6771610975265503,0.01774800941348076,0.9999841451644897,0.19200055301189423,0.6866559982299805,0.2839685082435608,0.20069845020771027,0.19941093027591705,0.690231204032898,0.4428400993347168,0.45955991744995117,0.18726293742656708,0.6834911108016968,-0.39869001507759094,0.9999841451644897,0.1905806064605713,0.7094969153404236,-0.4573061168193817,0.9875991344451904,0.1974458247423172,0.7291744947433472,-0.5020292401313782,0.9612497091293335,0.18652330338954926,0.7275818586349487,0.1458585411310196,0.9999943971633911,0.1896945685148239,0.752047061920166,0.475358784198761,0.16508862376213074,0.18314798176288605,0.7807047963142395,0.7627583146095276,0.481803834438324,0.19036179780960083,0.7319650650024414,-0.1459287703037262,0.9999968409538269,0.19732655584812164,0.7617031335830688,-0.12107748538255692,0.996917724609375,0.18937650322914124,0.7985270619392395,-0.06924203038215637,0.9964174628257751,golo
shot_KS_26,4.871208667755127,0.19445937871932983,0.6615296602249146,-0.29360824823379517,0.9999808073043823,0.18649308383464813,0.6768782734870911,0.00978627149015665,0.9999856948852539,0.19184909760951996,0.68735271692276,0.26167625188827515,0.2273062914609909,0.19965992867946625,0.6925716996192932,0.39961546659469604,0.5009244084358215,0.18715520203113556,0.6832928657531738,-0.3989391624927521,0.9999856948852539,0.1897992193698883,0.7106634974479675,-0.47666841745376587,0.9885735511779785,0.19434033334255219,0.7339617609977722,-0.5396247506141663,0.964409589767456,0.1865183562040329,0.7276923060417175,0.14269907772541046,0.9999946355819702,0.18952317535877228,0.7529566884040833,0.4092458188533783,0.15978878736495972,0.18314628303050995,0.7806916236877441,0.6433477997779846,0.4805265963077545,0.19024746119976044,0.7320142388343811,-0.14276045560836792,0.9999970197677612,0.19607383012771606,0.7614367008209229,-0.15272751450538635,0.9966505169868469,0.18897072970867157,0.7990462779998779,-0.0861687883734703,0.9964589476585388,golo
shot_KS_26,4.9340903759002686,0.19478903710842133,0.6616506576538086,-0.28628093004226685,0.9999827146530151,0.18766091763973236,0.6776847243309021,0.02061443403363228,0.9999870657920837,0.19187094271183014,0.6905151009559631,0.2654021084308624,0.2516578733921051,0.19967137277126312,0.6941577792167664,0.3930681645870209,0.5393877029418945,0.1871291697025299,0.6832298636436462,-0.38904377818107605,0.9999870657920837,0.18886670470237732,0.7095147967338562,-0.4773552119731903,0.9894676804542542,0.19133730232715607,0.7335058450698853,-0.5497960448265076,0.9674214720726013,0.18690170347690582,0.7278581857681274,0.1429951936006546,0.9999948740005493,0.1898653656244278,0.753490149974823,0.3897465169429779,0.14976906776428223,0.18311835825443268,0.7807081341743469,0.6211422085762024,0.4558047950267792,0.19023843109607697,0.7318879961967468,-0.1430368572473526,0.9999971985816956,0.19471287727355957,0.761440634727478,-0.16456855833530426,0.9960252642631531,0.18866753578186035,0.7996199131011963,-0.1776389628648758,0.9961491823196411,golo
shot_KS_26,4.982341766357422,0.19522884488105774,0.6616501808166504,-0.28485703468322754,0.9999844431877136,0.18781249225139618,0.677700936794281,0.017994480207562447,0.999988317489624,0.1920943558216095,0.69300776720047,0.24993430078029633,0.2510978877544403,0.19956806302070618,0.6962345242500305,0.3673296272754669,0.5558174252510071,0.18715263903141022,0.6831225156784058,-0.3850453495979309,0.999988317489624,0.18740056455135345,0.7109314203262329,-0.4799879491329193,0.9894394874572754,0.1876167356967926,0.7359793186187744,-0.5549125075340271,0.96783047914505,0.1869652271270752,0.7283744215965271,0.14246892929077148,0.9999949932098389,0.18986494839191437,0.7541060447692871,0.40393155813217163,0.13854317367076874,0.18317155539989471,0.7807270288467407,0.6525968909263611,0.43002814054489136,0.19024993479251862,0.7324753403663635,-0.14250698685646057,0.9999973177909851,0.19449971616268158,0.7617505788803101,-0.15652211010456085,0.9947788715362549,0.18862740695476532,0.7999283075332642,-0.1691914051771164,0.9954919219017029,golo
shot_KS_26,5.048551321029663,0.19557984173297882,0.661672830581665,-0.267068475484848,0.9999859929084778,0.18860109150409698,0.6776959300041199,0.022849660366773605,0.9999894499778748,0.192336305975914,0.6943408846855164,0.25176259875297546,0.25811365246772766,0.19917893409729004,0.6977881789207458,0.36754268407821655,0.5838543772697449,0.18731637299060822,0.68355393409729,-0.36594265699386597,0.9999893307685852,0.18609297275543213,0.7133696675300598,-0.47004157304763794,0.986481249332428,0.18559174239635468,0.7338692545890808,-0.5347304344177246,0.9505265951156616,0.18761523067951202,0.7287495136260986,0.1424533724784851,0.999995231628418,0.18883724510669708,0.7539588212966919,0.4129128158092499,0.13142916560173035,0.18316107988357544,0.7807408571243286,0.6599840521812439,0.42123621702194214,0.1907835155725479,0.7335693836212158,-0.14250558614730835,0.9999973773956299,0.1947202831506729,0.7628510594367981,-0.1574743092060089,0.9939965605735779,0.18864968419075012,0.7998985052108765,-0.15285387635231018,0.9950807094573975,golo
shot_KS_26,5.094940900802612,0.19609253108501434,0.6619004011154175,-0.290804386138916,0.9999873042106628,0.18927490711212158,0.6786123514175415,0.0030471407808363438,0.9999904036521912,0.19261375069618225,0.6985718011856079,0.2480393946170807,0.2565474212169647,0.1994074136018753,0.7008585929870605,0.35601210594177246,0.6021315455436707,0.18734832108020782,0.6837633848190308,-0.3972129225730896,0.9999902248382568,0.18438540399074554,0.7125476002693176,-0.47683677077293396,0.9864209294319153,0.18263112008571625,0.7351782917976379,-0.5246695280075073,0.9486808776855469,0.1883998066186905,0.7299026250839233,0.14321205019950867,0.999995231628418,0.18835744261741638,0.7540343403816223,0.45528265833854675,0.12749384343624115,0.18317238986492157,0.7810977697372437,0.7202398180961609,0.4270310699939728,0.19109506905078888,0.7346012592315674,-0.14324815571308136,0.9999973177909851,0.19486823678016663,0.7634196877479553,-0.12810008227825165,0.9935324192047119,0.18866609036922455,0.7998761534690857,-0.04824325814843178,0.9946187138557434,golo
shot_KS_26,5.158599615097046,0.19669251143932343,0.6622660756111145,-0.28756746649742126,0.9999882578849792,0.19000856578350067,0.6793087124824524,-0.0009970306418836117,0.9999910593032837,0.19247005879878998,0.701227605342865,0.18429020047187805,0.24363483488559723,0.19953452050685883,0.7025914788246155,0.2361980378627777,0.5907615423202515,0.1872575879096985,0.6836898326873779,-0.4187594950199127,0.9999910593032837,0.1833939105272293,0.7117559909820557,-0.5017038583755493,0.987331748008728,0.1808420717716217,0.7349885106086731,-0.5519967079162598,0.95174640417099,0.18880988657474518,0.7300803661346436,0.14383991062641144,0.999995231628418,0.18788985908031464,0.7534332275390625,0.4749651551246643,0.12942469120025635,0.18327462673187256,0.7809181809425354,0.7569466233253479,0.44190099835395813,0.19101031124591827,0.7344374656677246,-0.14386650919914246,0.9999974370002747,0.19496919214725494,0.7633139491081238,-0.08752045780420303,0.9933465719223022,0.18867303431034088,0.7989777326583862,0.026951411738991737,0.9942864775657654,golo
shot_KS_26,5.206549644470215,0.19693557918071747,0.6623555421829224,-0.28825312852859497,0.999988853931427,0.19064103066921234,0.6797761917114258,0.0072066872380673885,0.9999915957450867,0.19250307977199554,0.702672004699707,0.10708606243133545,0.2267051786184311,0.19898222386837006,0.7041918039321899,0.02177194319665432,0.5700051784515381,0.18725551664829254,0.6834705471992493,-0.4145987927913666,0.9999915957450867,0.18413704633712769,0.7112777233123779,-0.49283090233802795,0.9865485429763794,0.18091130256652832,0.7325252890586853,-0.5367945432662964,0.946079432964325,0.1888948380947113,0.7300174832344055,0.14521194994449615,0.9999954104423523,0.18762080371379852,0.7534275650978088,0.47142013907432556,0.13141098618507385,0.1834118664264679,0.7808868288993835,0.7113298773765564,0.46060603857040405,0.19097153842449188,0.7342420220375061,-0.14523176848888397,0.9999975562095642,0.19499048590660095,0.7632150053977966,-0.1453939974308014,0.9933339357376099,0.18867965042591095,0.798646092414856,-0.061134640127420425,0.9941840171813965,golo
shot_KS_26,5.270054817199707,0.19718171656131744,0.6623367071151733,-0.28961703181266785,0.9999895095825195,0.19032831490039825,0.6797515749931335,0.0054250010289251804,0.9999921917915344,0.1915626972913742,0.7012522220611572,0.16480489075183868,0.21038541197776794,0.19809889793395996,0.7055786848068237,0.17907454073429108,0.5402717590332031,0.18728362023830414,0.6831477284431458,-0.41849470138549805,0.9999921321868896,0.18421564996242523,0.7110946178436279,-0.5106874108314514,0.984613299369812,0.18060241639614105,0.7311142683029175,-0.5659862756729126,0.932776153087616,0.1886993944644928,0.7299358248710632,0.14650940895080566,0.9999955296516418,0.18769073486328125,0.7533803582191467,0.4626137614250183,0.12509550154209137,0.1835927814245224,0.7809318900108337,0.6958214044570923,0.45497235655784607,0.19048582017421722,0.7338659763336182,-0.14650346338748932,0.999997615814209,0.19498999416828156,0.7628809809684753,-0.1760772168636322,0.9926847815513611,0.18869777023792267,0.7984674572944641,-0.12970101833343506,0.9936659336090088,golo
shot_KS_26,5.3175928592681885,0.1973448246717453,0.662316083908081,-0.30587953329086304,0.9999901056289673,0.19022412598133087,0.6796329617500305,-0.0011758040636777878,0.9999926686286926,0.19175104796886444,0.7022725343704224,0.13849316537380219,0.1936323493719101,0.1975834220647812,0.7061079144477844,0.12134699523448944,0.5069465041160583,0.18728919327259064,0.6829239130020142,-0.4247368276119232,0.9999926686286926,0.18326488137245178,0.7105093598365784,-0.505254328250885,0.9843006134033203,0.17986968159675598,0.7307673096656799,-0.5488988757133484,0.9311964511871338,0.18857342004776,0.7298533320426941,0.14684036374092102,0.9999956488609314,0.18755267560482025,0.7531084418296814,0.45714548230171204,0.1197718158364296,0.1839529424905777,0.7811847925186157,0.6962735056877136,0.451787531375885,0.19028674066066742,0.733656108379364,-0.146829292178154,0.9999977350234985,0.19497738778591156,0.762681782245636,-0.17032374441623688,0.9921861290931702,0.18873469531536102,0.7983682155609131,-0.12796993553638458,0.9932355284690857,golo
shot_KS_26,5.381470203399658,0.1974862813949585,0.662247896194458,-0.3529626727104187,0.9999909400939941,0.19007527828216553,0.6794549226760864,-0.03262358158826828,0.999993085861206,0.19174931943416595,0.7018842697143555,0.11678163707256317,0.17747299373149872,0.19673210382461548,0.7058485150337219,0.1104612872004509,0.47008195519447327,0.18734043836593628,0.6828734278678894,-0.4581156373023987,0.9999932646751404,0.18333451449871063,0.7098459005355835,-0.5390159487724304,0.9846305847167969,0.17976684868335724,0.7307019233703613,-0.5878154039382935,0.9317201375961304,0.1884932667016983,0.7294402122497559,0.14721855521202087,0.999995768070221,0.18755005300045013,0.7529065608978271,0.4606623649597168,0.11403650790452957,0.1843552589416504,0.7813055515289307,0.7225282788276672,0.4440181851387024,0.19018006324768066,0.7331405878067017,-0.14720264077186584,0.9999978542327881,0.19493718445301056,0.7624669671058655,-0.15051014721393585,0.9915772080421448,0.18883396685123444,0.7983371019363403,-0.07619017362594604,0.9927551746368408,golo
shot_KS_26,5.4288718700408936,0.19759678840637207,0.6620259284973145,-0.35774853825569153,0.9999916553497314,0.1899777203798294,0.6793023347854614,-0.05281975120306015,0.9999935626983643,0.19121773540973663,0.7011517882347107,0.14827172458171844,0.1619766801595688,0.1960374414920807,0.7056021690368652,0.23318634927272797,0.4317514896392822,0.18749605119228363,0.6835638880729675,-0.47088995575904846,0.9999937415122986,0.18281978368759155,0.7098031640052795,-0.5194731950759888,0.984307050704956,0.17982369661331177,0.7304107546806335,-0.5080506205558777,0.9249328970909119,0.18844051659107208,0.7290528416633606,0.14723685383796692,0.9999958276748657,0.18762636184692383,0.7528453469276428,0.48574090003967285,0.10645084828138351,0.18459244072437286,0.7813014984130859,0.7679247260093689,0.42736369371414185,0.19010044634342194,0.733072817325592,-0.14722199738025665,0.9999979138374329,0.19475166499614716,0.7624521255493164,-0.08778832107782364,0.9894962906837463,0.18883918225765228,0.7983160018920898,0.014540240168571472,0.9911928772926331,golo
shot_KS_26,5.492400884628296,0.19773322343826294,0.6612876057624817,-0.3792557120323181,0.9999924302101135,0.18991048634052277,0.6780229210853577,-0.06691379100084305,0.9999940991401672,0.19129030406475067,0.7008509039878845,0.1903601735830307,0.15075582265853882,0.1958690583705902,0.7046180367469788,0.34228548407554626,0.41488733887672424,0.18763457238674164,0.683539092540741,-0.48855656385421753,0.9999942779541016,0.18306969106197357,0.7099260687828064,-0.559196412563324,0.9852747321128845,0.17924292385578156,0.7304394841194153,-0.6065401434898376,0.9296503067016602,0.1885329931974411,0.7280778884887695,0.14676938951015472,0.9999959468841553,0.18760697543621063,0.752963125705719,0.4739353358745575,0.10520415753126144,0.1845521777868271,0.78132563829422,0.7607975602149963,0.4264300465583801,0.19008146226406097,0.7323710322380066,-0.14673873782157898,0.9999979734420776,0.19425371289253235,0.7629026174545288,-0.01768455281853676,0.9884004592895508,0.18888087570667267,0.798446536064148,0.10089349001646042,0.9906696677207947,golo
shot_KS_26,5.548377990722656,0.1977868229150772,0.6601498126983643,-0.3902905285358429,0.9999931454658508,0.18987490236759186,0.6769202947616577,-0.07227396219968796,0.9999946355819702,0.19137531518936157,0.6991684436798096,0.19479572772979736,0.1441175788640976,0.1957762986421585,0.7025071382522583,0.33395519852638245,0.41508448123931885,0.18770208954811096,0.6831515431404114,-0.49689096212387085,0.9999947547912598,0.18333621323108673,0.7098015546798706,-0.5692248344421387,0.9862992167472839,0.1803286224603653,0.7305724620819092,-0.6235732436180115,0.9342640042304993,0.1885756254196167,0.7272778749465942,0.14658857882022858,0.9999960660934448,0.18802867829799652,0.7546301484107971,0.4557081162929535,0.10755417495965958,0.18450771272182465,0.783196210861206,0.741773247718811,0.4279736876487732,0.1900830864906311,0.7314710021018982,-0.14655598998069763,0.9999980330467224,0.1935112327337265,0.7628707885742188,0.002380335470661521,0.9871711730957031,0.1888856738805771,0.7985460162162781,0.12999631464481354,0.9900257587432861,golo
shot_KS_26,5.603823661804199,0.19778382778167725,0.65975022315979,-0.43716615438461304,0.9999938607215881,0.1898031234741211,0.6759671568870544,-0.0832318514585495,0.9999951124191284,0.1916227787733078,0.6959530711174011,0.2197575569152832,0.13850820064544678,0.1953573077917099,0.6990723013877869,0.41218599677085876,0.4158693850040436,0.18794475495815277,0.6827144026756287,-0.524516224861145,0.9999952912330627,0.18364518880844116,0.708501398563385,-0.654556393623352,0.9875670075416565,0.1810206025838852,0.730440616607666,-0.7850054502487183,0.9407466650009155,0.1883411407470703,0.7261984348297119,0.14711487293243408,0.9999961853027344,0.18807843327522278,0.754838228225708,0.46290236711502075,0.11907589435577393,0.18452295660972595,0.7842430472373962,0.7625418901443481,0.4554372727870941,0.1900799423456192,0.730353593826294,-0.14708207547664642,0.999998152256012,0.19306562840938568,0.762819766998291,-0.019396334886550903,0.9874303340911865,0.18888774514198303,0.7985478639602661,0.09386302530765533,0.9904406666755676,golo
shot_KS_26,5.65099310874939,0.19782353937625885,0.6592072248458862,-0.286074161529541,0.9999943375587463,0.1893373280763626,0.675916850566864,0.024046288803219795,0.9999948143959045,0.1875980943441391,0.7009981870651245,0.15421095490455627,0.12633778154850006,0.18856461346149445,0.7199286222457886,0.1016598790884018,0.37711241841316223,0.18817897140979767,0.6815158724784851,-0.4224264621734619,0.9999956488609314,0.18397851288318634,0.7056781649589539,-0.5235171318054199,0.9885855913162231,0.1813555210828781,0.7286877036094666,-0.5763689279556274,0.9452686309814453,0.18764279782772064,0.726292073726654,0.14919531345367432,0.9999963045120239,0.188283771276474,0.7556847929954529,0.4033803641796112,0.15333439409732819,0.18450507521629333,0.7850326299667358,0.6404390335083008,0.49431052803993225,0.19003081321716309,0.7301680445671082,-0.14919543266296387,0.9999982714653015,0.19273875653743744,0.7625170350074768,-0.04819529503583908,0.9882760643959045,0.18887749314308167,0.7985331416130066,0.06120951846241951,0.9911066293716431,golo
shot_KS_26,5.698923349380493,0.19782297313213348,0.6589144468307495,-0.36660099029541016,0.9999948740005493,0.18882548809051514,0.6757018566131592,-0.05615713447332382,0.999995231628418,0.1887926310300827,0.6963793635368347,0.19443915784358978,0.11760759353637695,0.19147248566150665,0.7000503540039062,0.3451034128665924,0.3592190146446228,0.18840579688549042,0.6815321445465088,-0.47198233008384705,0.9999960660934448,0.1841738075017929,0.7061885595321655,-0.5617206692695618,0.9895198345184326,0.1837889701128006,0.7287715673446655,-0.6418026685714722,0.9501999020576477,0.1875462681055069,0.7258623838424683,0.1450706273317337,0.9999961853027344,0.1885545402765274,0.7560519576072693,0.4237948954105377,0.14973889291286469,0.18448863923549652,0.7851223945617676,0.6631785035133362,0.48620474338531494,0.19003033638000488,0.7299783825874329,-0.14506816864013672,0.9999982714653015,0.19199398159980774,0.7625267505645752,0.05198974162340164,0.9849491119384766,0.18886034190654755,0.798534095287323,0.1937793344259262,0.9898703098297119,golo
shot_KS_48,0.30133867263793945,0.17898258566856384,0.6451442837715149,-0.13055221736431122,0.99913090467453,0.17286905646324158,0.6554942727088928,0.14107362926006317,0.9996445178985596,0.17656339704990387,0.64920973777771,0.2390604168176651,0.012240144424140453,0.17773407697677612,0.6401844620704651,0.2021438181400299,0.05754537880420685,0.17408011853694916,0.6587209105491638,-0.2935980260372162,0.9993417859077454,0.18584924936294556,0.6521443128585815,-0.4651070535182953,0.8557794690132141,0.18257179856300354,0.6337962746620178,-0.5462092161178589,0.8484106063842773,0.17656643688678741,0.7029508352279663,0.13934031128883362,0.9999594688415527,0.17961011826992035,0.734488308429718,0.08200512826442719,0.1090971827507019,0.17157594859600067,0.7655974626541138,0.04368172958493233,0.5035368800163269,0.17677225172519684,0.7025555372238159,-0.13962608575820923,0.9999570846557617,0.18071450293064117,0.7318331599235535,-0.3161590099334717,0.7291015386581421,0.17138922214508057,0.7617677450180054,-0.34411904215812683,0.8312798738479614,golo
shot_KS_48,0.37723636627197266,0.17886941134929657,0.6455608606338501,0.016711579635739326,0.9990865588188171,0.17344297468662262,0.6590927839279175,0.24169111251831055,0.9996531009674072,0.17922671139240265,0.6520330309867859,0.3190734088420868,0.012765173800289631,0.1795998066663742,0.6394088864326477,0.2783011198043823,0.06488104909658432,0.17398999631404877,0.6597456336021423,-0.1699661761522293,0.9993360638618469,0.18607531487941742,0.6528701186180115,-0.2569703757762909,0.8521738648414612,0.1825767457485199,0.6353676915168762,-0.2204892337322235,0.8469746708869934,0.1765439361333847,0.7027044892311096,0.13281962275505066,0.99996018409729,0.17992420494556427,0.7338086366653442,0.016054674983024597,0.10205742716789246,0.17177274823188782,0.7652860283851624,-0.06850305199623108,0.4752482771873474,0.17649514973163605,0.7019262313842773,-0.1330929547548294,0.9999566078186035,0.18072421848773956,0.7301889657974243,-0.3367360532283783,0.7172477841377258,0.17155426740646362,0.7622433304786682,-0.37321290373802185,0.8148350119590759,golo
shot_KS_48,0.4327666759490967,0.17888733744621277,0.6461555361747742,-0.016711845993995667,0.9991562366485596,0.17181330919265747,0.6597443222999573,0.20039331912994385,0.9996746182441711,0.17726416885852814,0.6551394462585449,0.378754585981369,0.012772761285305023,0.17880955338478088,0.6418061852455139,0.49173739552497864,0.06617696583271027,0.1740761548280716,0.6612626910209656,-0.20624803006649017,0.9993727803230286,0.18657059967517853,0.6555773019790649,-0.303801029920578,0.8528534173965454,0.1825157105922699,0.6386246085166931,-0.2798146903514862,0.8446570038795471,0.17585130035877228,0.704013466835022,0.1278868317604065,0.9999593496322632,0.18000170588493347,0.7323641180992126,-0.015157626941800117,0.09877700358629227,0.171870157122612,0.7641942501068115,-0.10748040676116943,0.4497046172618866,0.17603284120559692,0.7018810510635376,-0.12812599539756775,0.9999552965164185,0.18071189522743225,0.7281648516654968,-0.33266350626945496,0.7103933095932007,0.1716235876083374,0.763129711151123,-0.39255470037460327,0.8034171462059021,golo
shot_KS_48,0.5125727653503418,0.17896945774555206,0.6462568044662476,-0.09450278431177139,0.99922114610672,0.1715267449617386,0.6592543721199036,0.1285136491060257,0.9996967911720276,0.17695355415344238,0.655128002166748,0.3185887336730957,0.01256491057574749,0.17864547669887543,0.6451023817062378,0.4045967161655426,0.0649128183722496,0.17416395246982574,0.6615397930145264,-0.26617828011512756,0.99941486120224,0.1871621012687683,0.6580783128738403,-0.36313652992248535,0.8591718673706055,0.18248464167118073,0.6426812410354614,-0.35686835646629333,0.8474218845367432,0.17564381659030914,0.7037386894226074,0.12927474081516266,0.9999591708183289,0.1799047291278839,0.7318181395530701,0.14634749293327332,0.09355583041906357,0.17216160893440247,0.7613301277160645,0.16910164058208466,0.42146968841552734,0.17603076994419098,0.7024494409561157,-0.12952828407287598,0.9999561309814453,0.18064874410629272,0.7283839583396912,-0.25672847032546997,0.7191953659057617,0.17156870663166046,0.764772355556488,-0.3089852035045624,0.8082589507102966,golo
shot_KS_48,0.5761661529541016,0.1792358011007309,0.6471551060676575,-0.19891683757305145,0.9991912245750427,0.17245589196681976,0.6592316031455994,0.07184942811727524,0.9996923208236694,0.1784772425889969,0.6583549380302429,0.1640344113111496,0.011818242259323597,0.17926174402236938,0.6490148305892944,0.1319155991077423,0.06058470532298088,0.17334283888339996,0.6613655090332031,-0.2890959084033966,0.9993811845779419,0.18443290889263153,0.663318395614624,-0.44681087136268616,0.84112948179245,0.18188750743865967,0.6465549468994141,-0.5537233352661133,0.8412362337112427,0.1757536679506302,0.7034860253334045,0.11529768258333206,0.9999474287033081,0.17970353364944458,0.732026994228363,0.059227075427770615,0.08892476558685303,0.17120754718780518,0.7632362842559814,0.1584395319223404,0.40710413455963135,0.17504213750362396,0.7020199298858643,-0.11550475656986237,0.9999424815177917,0.18041981756687164,0.7274625897407532,-0.3231230080127716,0.6758598685264587,0.17200878262519836,0.7615861892700195,-0.3251379430294037,0.7630690336227417,golo
shot_KS_48,0.6391856670379639,0.1796823889017105,0.6472200751304626,-0.20382224023342133,0.9987387657165527,0.17311431467533112,0.6582228541374207,0.045237697660923004,0.9996667504310608,0.17831870913505554,0.6603595614433289,0.0891740545630455,0.010964960791170597,0.17513282597064972,0.6510670781135559,0.024197280406951904,0.05533411353826523,0.17257411777973175,0.6612194776535034,-0.2903071343898773,0.9992819428443909,0.18346747756004333,0.6651660799980164,-0.44236207008361816,0.8036466240882874,0.18168224394321442,0.65080326795578,-0.5329688787460327,0.8022093176841736,0.17590852081775665,0.7033457159996033,0.10789624601602554,0.9999420642852783,0.17960737645626068,0.732365608215332,0.030255764722824097,0.083354152739048,0.17069222033023834,0.7647386193275452,0.0948762446641922,0.39457032084465027,0.17444132268428802,0.7016940116882324,-0.10809103399515152,0.9999357461929321,0.18010924756526947,0.7269169688224792,-0.38831859827041626,0.6426278352737427,0.1721731275320053,0.7605466842651367,-0.3777293860912323,0.7227582335472107,golo
shot_KS_48,0.7026143074035645,0.17983828485012054,0.6470592617988586,-0.2782467007637024,0.9988550543785095,0.17235417664051056,0.6581753492355347,-0.02804333157837391,0.9996961355209351,0.17684878408908844,0.6593656539916992,0.01721806265413761,0.014100889675319195,0.17638809978961945,0.6539120674133301,-0.08302219957113266,0.07410326600074768,0.1742410957813263,0.6625189781188965,-0.3468899428844452,0.9993295669555664,0.1838388592004776,0.6697062849998474,-0.4799308478832245,0.8130471706390381,0.1819021850824356,0.658109188079834,-0.575498640537262,0.8056039214134216,0.17462800443172455,0.7031878232955933,0.10898088663816452,0.9999420642852783,0.1790509819984436,0.7304205298423767,0.21215777099132538,0.1021648421883583,0.17131981253623962,0.7601550221443176,0.31768956780433655,0.4356011152267456,0.17461225390434265,0.7017340064048767,-0.1091628298163414,0.9999363422393799,0.17999745905399323,0.728745698928833,-0.21631255745887756,0.6756905317306519,0.17144915461540222,0.7630237340927124,-0.1941477209329605,0.7492020726203918,golo
shot_KS_48,0.7661936283111572,0.17982159554958344,0.6467964053153992,-0.26100867986679077,0.9989657998085022,0.16911257803440094,0.6564129590988159,-0.04502183943986893,0.9997259378433228,0.16031944751739502,0.6459134221076965,-0.051404744386672974,0.10502462834119797,0.1523398458957672,0.6323450207710266,-0.14004865288734436,0.1647759974002838,0.17567692697048187,0.6622177362442017,-0.33975252509117126,0.9993908405303955,0.18410758674144745,0.6723129749298096,-0.33628004789352417,0.8277653455734253,0.18309268355369568,0.6620790958404541,-0.32791146636009216,0.8143565654754639,0.1721552461385727,0.7025467157363892,0.10978677123785019,0.9999473690986633,0.17874108254909515,0.7270928621292114,0.2525853216648102,0.14179114997386932,0.17276637256145477,0.7563531398773193,0.3746652603149414,0.48139524459838867,0.17441275715827942,0.7017097473144531,-0.10996509343385696,0.9999421238899231,0.1800111085176468,0.7288453578948975,-0.17766591906547546,0.7080051302909851,0.17052124440670013,0.7643239498138428,-0.22315366566181183,0.7741739153862,golo
shot_KS_48,0.8133878707885742,0.17974066734313965,0.6466579437255859,-0.07731890678405762,0.9990681409835815,0.16792044043540955,0.6564158201217651,-0.023629529401659966,0.9997524619102478,0.15864843130111694,0.6419323682785034,-0.0245900209993124,0.1936805248260498,0.14987587928771973,0.6274704933166504,-0.05921882390975952,0.2474547028541565,0.17794199287891388,0.6620874404907227,-0.23772241175174713,0.9994479417800903,0.18511375784873962,0.678116500377655,-0.1756729632616043,0.8434111475944519,0.18468648195266724,0.6676960587501526,-0.028937727212905884,0.816349446773529,0.17174123227596283,0.702029824256897,0.1101670190691948,0.9999516010284424,0.1778944581747055,0.7259798645973206,0.2764327824115753,0.2077670693397522,0.17362748086452484,0.7522389888763428,0.41051194071769714,0.5283189415931702,0.1744472086429596,0.7019352316856384,-0.11030114442110062,0.9999467730522156,0.18002234399318695,0.7304733991622925,-0.17464579641819,0.7371915578842163,0.16975022852420807,0.7645422220230103,-0.24260525405406952,0.7967339158058167,golo
shot_KS_48,0.8924686908721924,0.17955559492111206,0.6461530327796936,-0.07662606984376907,0.9991605281829834,0.16771279275417328,0.6561305522918701,0.02124476246535778,0.9997755289077759,0.15941791236400604,0.6427497863769531,0.0706302747130394,0.25920671224594116,0.15309351682662964,0.6330259442329407,0.13629604876041412,0.3113930821418762,0.17839016020298004,0.6621668338775635,-0.22739598155021667,0.9994996190071106,0.1849358230829239,0.6812789440155029,-0.1302306354045868,0.8557306528091431,0.18440335988998413,0.6737334132194519,0.07398342341184616,0.8072009086608887,0.1719825118780136,0.701352059841156,0.11036930233240128,0.9999558329582214,0.17768211662769318,0.7251478433609009,0.27822431921958923,0.27557694911956787,0.1738644391298294,0.7507376074790955,0.41600456833839417,0.5730081796646118,0.17455685138702393,0.7019593715667725,-0.11052130162715912,0.9999514818191528,0.1801534742116928,0.7314508557319641,-0.17199133336544037,0.7634617686271667,0.1695033758878708,0.7643131017684937,-0.18495336174964905,0.8170406818389893,golo
shot_KS_48,0.9560539722442627,0.1793682724237442,0.6454315185546875,0.0008539852569811046,0.9992415308952332,0.16802527010440826,0.6562162041664124,0.07987158745527267,0.9997956156730652,0.1593349426984787,0.6429004073143005,0.12620262801647186,0.30494293570518494,0.1508457213640213,0.6291108727455139,0.16367627680301666,0.36683931946754456,0.1785103976726532,0.6622826457023621,-0.1513884961605072,0.9995434880256653,0.18205218017101288,0.6825920939445496,-0.07705972343683243,0.8589690923690796,0.1842048466205597,0.6778939366340637,0.08253356069326401,0.7958179712295532,0.1717265248298645,0.7012118101119995,0.11068738996982574,0.9999595880508423,0.17762474715709686,0.7264266610145569,0.21309874951839447,0.3141671419143677,0.17339040338993073,0.7527235150337219,0.3003132939338684,0.6072431206703186,0.1746167093515396,0.7019436359405518,-0.11081130802631378,0.9999555349349976,0.18046684563159943,0.732843816280365,-0.15877579152584076,0.78701251745224,0.16914714872837067,0.76356440782547,-0.1708894968032837,0.8351868391036987,golo
shot_KS_48,1.0186104774475098,0.17931900918483734,0.6451038718223572,0.00251487223431468,0.9993152618408203,0.16855959594249725,0.6558322310447693,0.14904358983039856,0.9998135566711426,0.16049905121326447,0.6433303356170654,0.3086245059967041,0.2996034026145935,0.15610851347446442,0.6349173784255981,0.4486522078514099,0.3873525857925415,0.1781042218208313,0.662475049495697,-0.14795032143592834,0.999584972858429,0.17849810421466827,0.6843917965888977,-0.10817205160856247,0.8649879693984985,0.18344582617282867,0.6818280816078186,0.03215595334768295,0.7833045125007629,0.1716078370809555,0.7012009024620056,0.1136772632598877,0.9999631643295288,0.1797056645154953,0.7270612120628357,0.16528867185115814,0.3661646842956543,0.17271709442138672,0.7533972859382629,0.22536246478557587,0.6407974362373352,0.1740577220916748,0.7013766169548035,-0.11370997875928879,0.999959409236908,0.18046951293945312,0.7326517701148987,-0.20048891007900238,0.808140218257904,0.16877739131450653,0.762042224407196,-0.21198174357414246,0.8514385223388672,golo
shot_KS_48,1.0663049221038818,0.17931632697582245,0.6442052125930786,-0.015630533918738365,0.9993807077407837,0.16865921020507812,0.6556577086448669,0.1136820986866951,0.999830424785614,0.1588289439678192,0.6433292627334595,0.2386043220758438,0.3294699788093567,0.15168732404708862,0.6304461359977722,0.2522013187408447,0.4351465404033661,0.1782987266778946,0.662925124168396,-0.17470453679561615,0.9996200203895569,0.1803441047668457,0.6873399019241333,-0.1333121359348297,0.8657584190368652,0.18343132734298706,0.6858623027801514,-0.0018001424614340067,0.7636644840240479,0.17155005037784576,0.7012896537780762,0.11337149888277054,0.9999665021896362,0.17975492775440216,0.7272438406944275,0.17875151336193085,0.39377400279045105,0.1718604564666748,0.7533547878265381,0.24228809773921967,0.6680073142051697,0.17418953776359558,0.7021631002426147,-0.11344181001186371,0.9999629259109497,0.18047215044498444,0.7328309416770935,-0.14634327590465546,0.8270089626312256,0.16848692297935486,0.7606438398361206,-0.1484828144311905,0.8659753799438477,golo
shot_KS_48,1.1313023567199707,0.17937789857387543,0.643650233745575,-0.043074775487184525,0.9994391202926636,0.16876375675201416,0.6557333469390869,0.05627308413386345,0.9998458623886108,0.1590551733970642,0.6441556215286255,0.08450718969106674,0.36428865790367126,0.15252992510795593,0.6314331293106079,0.057860251516103745,0.481058806180954,0.17813731729984283,0.6637434959411621,-0.19752132892608643,0.9996474981307983,0.1800215244293213,0.6871698498725891,-0.1753716617822647,0.8586150407791138,0.18370790779590607,0.6874616146087646,-0.041527312248945236,0.7185091972351074,0.17157676815986633,0.7017954587936401,0.11487771570682526,0.9999695420265198,0.1797000914812088,0.7276519536972046,0.22741487622261047,0.40949082374572754,0.17156390845775604,0.7530302405357361,0.3221379816532135,0.6907827258110046,0.17426224052906036,0.7035123109817505,-0.11495643854141235,0.9999661445617676,0.18044723570346832,0.7330289483070374,-0.13246025145053864,0.8440355062484741,0.16836756467819214,0.7599186897277832,-0.13276058435440063,0.8791269659996033,golo
shot_KS_48,1.1770820617675781,0.17952023446559906,0.6435256004333496,-0.11644189804792404,0.999491810798645,0.16881883144378662,0.6559470295906067,0.04765236750245094,0.999859631061554,0.16007289290428162,0.644938588142395,0.1015145555138588,0.36468541622161865,0.15452393889427185,0.635485827922821,0.06785949319601059,0.5014467835426331,0.17756600677967072,0.6635624170303345,-0.28632935881614685,0.9996735453605652,0.17925985157489777,0.6833174824714661,-0.353547066450119,0.8606446385383606,0.18098720908164978,0.6881501078605652,-0.34429576992988586,0.6692686080932617,0.1715722382068634,0.7026557922363281,0.12908531725406647,0.9999723434448242,0.17817606031894684,0.7289784550666809,0.25633421540260315,0.4292777478694916,0.1705309897661209,0.7536035180091858,0.37038880586624146,0.7131116390228271,0.1742234230041504,0.7034052014350891,-0.12925754487514496,0.9999691843986511,0.18028706312179565,0.7328891158103943,-0.15341365337371826,0.8592144250869751,0.16785871982574463,0.7600229382514954,-0.1302143633365631,0.8908841013908386,golo
shot_KS_48,1.2412652969360352,0.17965036630630493,0.6434848308563232,-0.15802572667598724,0.9995375871658325,0.16892433166503906,0.6559584736824036,0.017597587779164314,0.9998722076416016,0.16005894541740417,0.6451709270477295,0.07229781150817871,0.39283260703086853,0.15309463441371918,0.6350924372673035,0.0356629379093647,0.5380703806877136,0.17656278610229492,0.6634419560432434,-0.31549015641212463,0.9997010827064514,0.17891083657741547,0.6839303970336914,-0.3711332678794861,0.8681843280792236,0.18131494522094727,0.6951685547828674,-0.3623964786529541,0.6488134860992432,0.17124788463115692,0.7027721405029297,0.13167507946491241,0.99997478723526,0.17691345512866974,0.7290220260620117,0.30275624990463257,0.4227198362350464,0.17057345807552338,0.7534756064414978,0.448013573884964,0.7271164059638977,0.17417223751544952,0.7033472657203674,-0.1318889558315277,0.999971866607666,0.1799858808517456,0.7329114675521851,-0.14048059284687042,0.8727438449859619,0.1679268628358841,0.7600393295288086,-0.09835400432348251,0.9012453556060791,golo
shot_KS_48,1.289170265197754,0.17965899407863617,0.643538773059845,-0.17561887204647064,0.9995748400688171,0.1694846898317337,0.656112015247345,0.030338089913129807,0.9998829364776611,0.160826176404953,0.6473626494407654,0.13209547102451324,0.3732205927371979,0.15375971794128418,0.6428366303443909,0.15484687685966492,0.5320427417755127,0.17532382905483246,0.6633586287498474,-0.33260732889175415,0.9997277855873108,0.17648528516292572,0.6833020448684692,-0.41598084568977356,0.877242386341095,0.18077464401721954,0.6953235268592834,-0.44375723600387573,0.6366168260574341,0.17118453979492188,0.7027555704116821,0.13687218725681305,0.9999770522117615,0.17704278230667114,0.7282698750495911,0.3105913996696472,0.4329686164855957,0.17070133984088898,0.7521806955337524,0.47182899713516235,0.746934711933136,0.17364317178726196,0.7033372521400452,-0.13701385259628296,0.9999744296073914,0.17903012037277222,0.7336463332176208,-0.15142710506916046,0.8851810097694397,0.16742944717407227,0.7601642608642578,-0.1033293604850769,0.9108989834785461,golo
shot_KS_48,1.336686134338379,0.17966361343860626,0.6435945630073547,-0.21211202442646027,0.9996119737625122,0.17000608146190643,0.6565881967544556,0.013661048375070095,0.9998920559883118,0.16384214162826538,0.654819905757904,0.16163215041160583,0.3436032235622406,0.1589941680431366,0.6496358513832092,0.2286597192287445,0.5004589557647705,0.17478588223457336,0.6635428071022034,-0.3533768057823181,0.9997531175613403,0.17544308304786682,0.6838354468345642,-0.4241087734699249,0.8864916563034058,0.18079958856105804,0.6954527497291565,-0.4456804692745209,0.642012357711792,0.17124801874160767,0.7027611136436462,0.1367034614086151,0.99997878074646,0.17690633237361908,0.7262618541717529,0.3366083800792694,0.42838114500045776,0.1708594709634781,0.7510514855384827,0.5105659365653992,0.7589065432548523,0.17326313257217407,0.703287661075592,-0.13681480288505554,0.9999765753746033,0.17825745046138763,0.733509361743927,-0.11966057121753693,0.8960709571838379,0.1666412651538849,0.7609426975250244,-0.07930012792348862,0.9194495677947998,golo
shot_KS_48,1.3998417854309082,0.17969949543476105,0.6436991095542908,-0.2262757271528244,0.9996452331542969,0.17002704739570618,0.6568162441253662,-0.01928640343248844,0.9998989105224609,0.16159169375896454,0.652577817440033,0.08099615573883057,0.3281986713409424,0.1545851081609726,0.6385144591331482,0.08726896345615387,0.5063612461090088,0.17475616931915283,0.6641864776611328,-0.35101181268692017,0.9997738599777222,0.17588986456394196,0.685286819934845,-0.38702234625816345,0.8929167985916138,0.18058235943317413,0.695976734161377,-0.3771912753582001,0.641535758972168,0.17122472822666168,0.7028746604919434,0.13465674221515656,0.9999794363975525,0.17626428604125977,0.7266741394996643,0.35673993825912476,0.40997248888015747,0.17075365781784058,0.7512947916984558,0.5426835417747498,0.7605818510055542,0.1730632334947586,0.7033664584159851,-0.1347801238298416,0.999977707862854,0.17750105261802673,0.7338942289352417,-0.07387155294418335,0.9050405025482178,0.1664087027311325,0.7615585327148438,-0.001829744316637516,0.9265674948692322,golo
shot_KS_48,1.447744369506836,0.1798372119665146,0.6439235210418701,-0.2604416310787201,0.9996790289878845,0.17018845677375793,0.6571589708328247,-0.0313028059899807,0.9999069571495056,0.1633199155330658,0.6552867293357849,0.12895207107067108,0.3010062277317047,0.15871694684028625,0.6487181186676025,0.22769127786159515,0.47335129976272583,0.17483367025852203,0.6648568511009216,-0.3798363208770752,0.9997947812080383,0.17503751814365387,0.6865686178207397,-0.398390531539917,0.8997134566307068,0.18048261106014252,0.69637531042099,-0.36429253220558167,0.64134681224823,0.1711275428533554,0.7034092545509338,0.1349479705095291,0.9999807476997375,0.17625190317630768,0.7267444133758545,0.39257028698921204,0.4002414345741272,0.1707998663187027,0.7515761256217957,0.5990063548088074,0.7664636373519897,0.17276833951473236,0.7041481137275696,-0.13505065441131592,0.9999794363975525,0.1773865967988968,0.7346680760383606,-0.06897207349538803,0.9137845039367676,0.16637277603149414,0.7620559930801392,0.013223296962678432,0.9333344101905823,golo
shot_KS_48,1.5118920803070068,0.18005062639713287,0.6447902321815491,-0.2369513362646103,0.9997107982635498,0.1701500415802002,0.6576765179634094,-0.03797123208642006,0.9999140501022339,0.16031625866889954,0.6505389213562012,0.06681851297616959,0.29300960898399353,0.15427762269973755,0.6384955644607544,0.10274981707334518,0.4789701998233795,0.17492572963237762,0.6655040383338928,-0.35160332918167114,0.9998124837875366,0.17560319602489471,0.6876822113990784,-0.2921261489391327,0.8998280167579651,0.17908315360546112,0.6970697641372681,-0.150014266371727,0.6216209530830383,0.17111283540725708,0.7053505778312683,0.13404116034507751,0.9999814629554749,0.1764334738254547,0.7268063426017761,0.4204978942871094,0.39533206820487976,0.17065510153770447,0.752679169178009,0.6655082106590271,0.7697253823280334,0.1725110113620758,0.706004798412323,-0.1341468244791031,0.9999804496765137,0.17675477266311646,0.7359472513198853,0.018901553004980087,0.9218230843544006,0.1657741814851761,0.7628703117370605,0.14795777201652527,0.9394762516021729,golo
shot_KS_48,1.5593693256378174,0.18021658062934875,0.6459490656852722,-0.20485961437225342,0.9997385740280151,0.17011800408363342,0.6581165790557861,-0.012467856518924236,0.9999209642410278,0.160291850566864,0.6488714814186096,0.08874496072530746,0.3035265803337097,0.1532345712184906,0.6351163387298584,0.1130879670381546,0.5126659274101257,0.17485113441944122,0.6656560301780701,-0.3336153030395508,0.9998299479484558,0.17603746056556702,0.6884534358978271,-0.30089306831359863,0.9063854217529297,0.17951436340808868,0.6987870335578918,-0.2066948562860489,0.6457353830337524,0.17084848880767822,0.705619215965271,0.1340920627117157,0.9999825954437256,0.1772731989622116,0.7273482084274292,0.4089713990688324,0.3932148814201355,0.1694815754890442,0.7529739141464233,0.5279099941253662,0.7664957642555237,0.17198507487773895,0.7063981890678406,-0.13418585062026978,0.9999818801879883,0.17669136822223663,0.7362027764320374,-0.011532336473464966,0.9289968609809875,0.1651497334241867,0.7638834118843079,0.015351946465671062,0.9447942972183228,golo
shot_KS_48,1.607351303100586,0.18053346872329712,0.6465448141098022,-0.19396941363811493,0.999760091304779,0.17125104367733002,0.6615412831306458,0.0491851270198822,0.9999278783798218,0.1721838116645813,0.683788001537323,0.18413139879703522,0.2755551338195801,0.1770808845758438,0.6997725963592529,0.1829001009464264,0.47534605860710144,0.17476002871990204,0.66627037525177,-0.3737335205078125,0.9998466372489929,0.17456305027008057,0.6880806088447571,-0.4471265375614166,0.9148194193840027,0.18151243031024933,0.7005060315132141,-0.4524490535259247,0.6806014776229858,0.17090289294719696,0.7072317600250244,0.143596813082695,0.9999823570251465,0.17828862369060516,0.7274351716041565,0.35078927874565125,0.3672080934047699,0.16952626407146454,0.7538126707077026,0.4852660000324249,0.7396317720413208,0.17185944318771362,0.7082565426826477,-0.14369724690914154,0.9999827742576599,0.17697499692440033,0.7359381318092346,-0.16358177363872528,0.9333840012550354,0.16502340137958527,0.7639951705932617,-0.1252402365207672,0.948074996471405,golo
shot_KS_48,1.6618921756744385,0.18064291775226593,0.6465837955474854,-0.2451167106628418,0.9997492432594299,0.17284467816352844,0.6637762784957886,0.04387504979968071,0.9999334216117859,0.17636725306510925,0.6873683929443359,0.16937848925590515,0.25092244148254395,0.18267808854579926,0.7005702257156372,0.16643039882183075,0.44977185130119324,0.17450253665447235,0.6678023338317871,-0.40440884232521057,0.9998608827590942,0.1747187227010727,0.6894383430480957,-0.48229438066482544,0.9209228157997131,0.1830534040927887,0.7014056444168091,-0.5152618288993835,0.7112797498703003,0.17165039479732513,0.7090765237808228,0.14213435351848602,0.9999811053276062,0.1794240027666092,0.7278387546539307,0.33141636848449707,0.3373236060142517,0.1696731299161911,0.7550896406173706,0.48979678750038147,0.6994117498397827,0.17178559303283691,0.7100120186805725,-0.14220361411571503,0.9999828338623047,0.17714481055736542,0.7357082962989807,-0.22612778842449188,0.9358360171318054,0.16528040170669556,0.7639228701591492,-0.1310770958662033,0.9487826228141785,golo
shot_KS_48,1.7257091999053955,0.1809292584657669,0.6469672918319702,-0.2325742095708847,0.9997708201408386,0.17257411777973175,0.6633279919624329,0.04032406583428383,0.9999392032623291,0.1754293590784073,0.68366938829422,0.18106138706207275,0.22924329340457916,0.18120461702346802,0.698022186756134,0.1688750982284546,0.432099848985672,0.17410095036029816,0.6675402522087097,-0.3901849389076233,0.9998744130134583,0.17494961619377136,0.6885462999343872,-0.4837148189544678,0.9275509715080261,0.18413454294204712,0.699420690536499,-0.532625138759613,0.7397075891494751,0.17184992134571075,0.7088253498077393,0.14169614017009735,0.9999799132347107,0.18103571236133575,0.7295873165130615,0.1745707243680954,0.3203161656856537,0.1693677306175232,0.7550587058067322,0.2732124626636505,0.6677911281585693,0.1717485934495926,0.7092911601066589,-0.14179550111293793,0.9999828338623047,0.1771731674671173,0.733291506767273,-0.20702716708183289,0.9320987462997437,0.16504985094070435,0.7637009024620056,-0.13549493253231049,0.9476544260978699,golo
shot_KS_48,1.7736179828643799,0.18119977414608002,0.647348165512085,-0.17738035321235657,0.9997881054878235,0.17140458524227142,0.6615777611732483,0.013075138442218304,0.99994295835495,0.16260303556919098,0.6526781916618347,0.0981849804520607,0.24541738629341125,0.1562933623790741,0.6402267217636108,0.09420669078826904,0.4772932529449463,0.17469702661037445,0.6682770252227783,-0.3326617181301117,0.9998839497566223,0.1759381890296936,0.6901752948760986,-0.36697548627853394,0.9325451254844666,0.1837451308965683,0.6983411312103271,-0.355212926864624,0.761369526386261,0.17165356874465942,0.7085621953010559,0.1316918134689331,0.9999801516532898,0.18044650554656982,0.7307755947113037,0.20480136573314667,0.3161824941635132,0.1694822907447815,0.7558661699295044,0.3028542995452881,0.6661902666091919,0.17238681018352509,0.7091342210769653,-0.13187824189662933,0.9999828338623047,0.17710858583450317,0.7333229184150696,-0.1385597437620163,0.9344857335090637,0.16523416340351105,0.7634298205375671,-0.04937198385596275,0.948151171207428,golo
shot_KS_48,1.83711576461792,0.1813238561153412,0.648466169834137,-0.10831274837255478,0.9998067021369934,0.16990216076374054,0.6611891388893127,0.050475217401981354,0.9999459981918335,0.16019725799560547,0.6482365131378174,0.1782100349664688,0.27558547258377075,0.15401394665241241,0.6375434994697571,0.24875572323799133,0.5193799734115601,0.17552541196346283,0.6683931350708008,-0.26901504397392273,0.9998931884765625,0.17708586156368256,0.689608097076416,-0.2910057008266449,0.9377872943878174,0.1874098777770996,0.6976416110992432,-0.25379157066345215,0.7822077870368958,0.1704992800951004,0.7079892754554749,0.12380393594503403,0.999979555606842,0.17974968254566193,0.731740415096283,0.20456762611865997,0.3247675895690918,0.16965937614440918,0.7579880356788635,0.29213765263557434,0.6679195165634155,0.17285673320293427,0.7092460989952087,-0.12398429214954376,0.9999818801879883,0.17852835357189178,0.7327961921691895,-0.12875023484230042,0.9365699291229248,0.1666439026594162,0.7626855969429016,-0.04563649371266365,0.9464050531387329,golo
shot_KS_48,1.8882102966308594,0.1821819394826889,0.6482046842575073,-0.1372004896402359,0.9998248815536499,0.1700950413942337,0.6613048315048218,0.06582765281200409,0.9999483227729797,0.17049527168273926,0.6727616190910339,0.2626800239086151,0.2507842779159546,0.17437349259853363,0.6855310797691345,0.36845359206199646,0.47300341725349426,0.1766817718744278,0.6681482791900635,-0.2987062335014343,0.9999023675918579,0.1781426966190338,0.6892814636230469,-0.3151981234550476,0.9431655406951904,0.18853624165058136,0.6966973543167114,-0.235940620303154,0.8027085661888123,0.17040102183818817,0.7080518007278442,0.1215473860502243,0.999975860118866,0.17671388387680054,0.7355238199234009,0.20687977969646454,0.36166512966156006,0.16712261736392975,0.7616902589797974,0.21388380229473114,0.6888356804847717,0.1742323487997055,0.7098363041877747,-0.12178675085306168,0.9999789595603943,0.18361176550388336,0.7300415635108948,-0.057396624237298965,0.9287220239639282,0.17436932027339935,0.7571707963943481,0.04483046382665634,0.9412935972213745,golo
shot_KS_48,1.9487152099609375,0.18250425159931183,0.6480652093887329,-0.12851004302501678,0.9998417496681213,0.17022006213665009,0.661246657371521,0.07258713990449905,0.9999511241912842,0.17079702019691467,0.6719157695770264,0.31598028540611267,0.22955431044101715,0.17650742828845978,0.6799440979957581,0.5104262232780457,0.43271198868751526,0.17776347696781158,0.6680089831352234,-0.2995128035545349,0.9999107718467712,0.17883335053920746,0.6891616582870483,-0.29794445633888245,0.9477290511131287,0.18959160149097443,0.6940174102783203,-0.18902824819087982,0.8194896578788757,0.16997571289539337,0.707746684551239,0.12289050966501236,0.9999747276306152,0.17531295120716095,0.7354361414909363,0.22359304130077362,0.4002273678779602,0.16626399755477905,0.762896716594696,0.23052334785461426,0.7130212187767029,0.1747409850358963,0.7096062302589417,-0.12310139834880829,0.9999779462814331,0.18506985902786255,0.7285009026527405,-0.08421050012111664,0.9299573302268982,0.1766480803489685,0.7571645379066467,-0.00023527539451606572,0.9431929588317871,golo
shot_KS_48,2.0128722190856934,0.18338631093502045,0.647672712802887,-0.18090303242206573,0.9998572468757629,0.17107513546943665,0.6609511971473694,0.015503711998462677,0.9999544620513916,0.17226038873195648,0.6700698137283325,0.25883132219314575,0.21101941168308258,0.17846404016017914,0.6759986877441406,0.46583887934684753,0.3975006639957428,0.17893408238887787,0.6678783297538757,-0.3127632737159729,0.9999181628227234,0.18000729382038116,0.6886557936668396,-0.27289634943008423,0.951107382774353,0.19075451791286469,0.6908023357391357,-0.10541819036006927,0.8327223658561707,0.17007367312908173,0.7056616544723511,0.11524081230163574,0.9999746680259705,0.17345140874385834,0.7353630065917969,0.19088546931743622,0.44007638096809387,0.16529899835586548,0.7630981802940369,0.17465747892856598,0.737884521484375,0.17536301910877228,0.7094337940216064,-0.11549421399831772,0.9999775290489197,0.18513081967830658,0.7288402318954468,-0.08631838113069534,0.9303577542304993,0.17769108712673187,0.7580341100692749,-0.011676072143018246,0.9461407661437988,golo
shot_KS_48,2.0764565467834473,0.18379683792591095,0.6473881006240845,-0.06512324512004852,0.9998713135719299,0.17301291227340698,0.6613736748695374,0.1543169915676117,0.9999560117721558,0.17430397868156433,0.6744775176048279,0.4133520722389221,0.1949598342180252,0.17876189947128296,0.6782176494598389,0.6372631788253784,0.3689720332622528,0.1798338145017624,0.6673191785812378,-0.23315830528736115,0.9999246597290039,0.18218977749347687,0.6870574951171875,-0.1755593717098236,0.9547398090362549,0.19124868512153625,0.6878913044929504,0.023054921999573708,0.8450731039047241,0.17262469232082367,0.7058361768722534,0.12090388685464859,0.9999756813049316,0.18246771395206451,0.731636643409729,0.13573680818080902,0.485042542219162,0.1780000627040863,0.761905312538147,0.14234980940818787,0.7601631283760071,0.17505155503749847,0.7092522978782654,-0.12103017419576645,0.9999783635139465,0.17569084465503693,0.7341019511222839,-0.11410176753997803,0.9365763068199158,0.16672572493553162,0.7623443603515625,-0.07345402240753174,0.9509666562080383,golo
shot_KS_48,2.139806032180786,0.18438135087490082,0.647124707698822,-0.06347310543060303,0.9998838901519775,0.17367638647556305,0.6612979173660278,0.14686216413974762,0.9999566078186035,0.17364175617694855,0.6748082041740417,0.4017610251903534,0.17762765288352966,0.17793439328670502,0.6786689162254333,0.6264466047286987,0.3369292616844177,0.18157871067523956,0.665851891040802,-0.2411031424999237,0.9999312162399292,0.1839621216058731,0.6868373155593872,-0.1578359752893448,0.9578258395195007,0.1924462467432022,0.6855946779251099,0.07406283915042877,0.8570237159729004,0.17415271699428558,0.7058367133140564,0.1236540898680687,0.9999769926071167,0.18581269681453705,0.7295097708702087,0.08206593245267868,0.5271411538124084,0.180108904838562,0.7614489793777466,0.08711428195238113,0.7793586850166321,0.1746930629014969,0.7082235813140869,-0.12370069324970245,0.9999796748161316,0.173638716340065,0.7357536554336548,-0.12454964220523834,0.9420309066772461,0.16518837213516235,0.7628690600395203,-0.0786062702536583,0.9551696181297302,golo
shot_KS_48,2.2031896114349365,0.18485093116760254,0.6470603942871094,-0.020057307556271553,0.9998950362205505,0.17595036327838898,0.6616947054862976,0.19675691425800323,0.9999568462371826,0.1763073056936264,0.6754716038703918,0.4596167206764221,0.16375525295734406,0.18058106303215027,0.6783367395401001,0.6955150365829468,0.31450140476226807,0.18257497251033783,0.6651527881622314,-0.1935185194015503,0.9999364018440247,0.18656693398952484,0.6853494048118591,-0.1159822940826416,0.9600096344947815,0.19263797998428345,0.6837980151176453,0.11133169382810593,0.864467203617096,0.17620931565761566,0.7074483633041382,0.1259867548942566,0.9999783039093018,0.18660610914230347,0.7295231819152832,0.00420913752168417,0.571270763874054,0.18086130917072296,0.7625977396965027,0.00188173889182508,0.7988727688789368,0.17466957867145538,0.7083747386932373,-0.1259772628545761,0.9999807476997375,0.17423321306705475,0.7366082668304443,-0.18458613753318787,0.9475905299186707,0.16512997448444366,0.763261079788208,-0.16193412244319916,0.9593591690063477,golo
shot_KS_48,2.2673516273498535,0.1851036697626114,0.6470332145690918,0.007861931808292866,0.9999048709869385,0.17678236961364746,0.6616429686546326,0.2082211673259735,0.9999561905860901,0.17964525520801544,0.6779628396034241,0.44115373492240906,0.15321995317935944,0.18617911636829376,0.6804830431938171,0.6382237672805786,0.29610031843185425,0.18308742344379425,0.6639295816421509,-0.19745351374149323,0.9999406933784485,0.18750447034835815,0.6851539611816406,-0.14301815629005432,0.961974561214447,0.1933540552854538,0.6831178069114685,0.06163850054144859,0.8730725646018982,0.17642445862293243,0.708151638507843,0.13086381554603577,0.9999789595603943,0.18580439686775208,0.729737401008606,0.09373225271701813,0.6066776514053345,0.1810452789068222,0.7635676860809326,0.09156715124845505,0.815704345703125,0.17509475350379944,0.7087923288345337,-0.13082386553287506,0.9999813437461853,0.17510707676410675,0.7378978133201599,-0.1748904436826706,0.952559232711792,0.16579191386699677,0.7636361122131348,-0.16146086156368256,0.9630811810493469,golo
shot_KS_48,2.315340518951416,0.18641619384288788,0.6471229195594788,-0.014218844473361969,0.9999143481254578,0.17727337777614594,0.6619106531143188,0.20248056948184967,0.9999593496322632,0.18002144992351532,0.6788187026977539,0.44318777322769165,0.15111632645130157,0.18675512075424194,0.6809093952178955,0.65471351146698,0.2920696437358856,0.18441163003444672,0.664148211479187,-0.21265439689159393,0.9999456405639648,0.18830163776874542,0.6852293610572815,-0.15621675550937653,0.9646996855735779,0.19407081604003906,0.6834774613380432,0.0594179593026638,0.8799116015434265,0.17550942301750183,0.7083033323287964,0.14039526879787445,0.9999805688858032,0.18449486792087555,0.7340697050094604,0.12141918390989304,0.6432817578315735,0.18141011893749237,0.7657802104949951,0.12809963524341583,0.8331993222236633,0.17604003846645355,0.70925372838974,-0.14034046232700348,0.9999827146530151,0.1806032657623291,0.7370210289955139,-0.23439274728298187,0.957276463508606,0.1664534956216812,0.7634066343307495,-0.25656041502952576,0.9667249321937561,golo
shot_KS_48,2.3888113498687744,0.18699835240840912,0.6471308469772339,-0.11868146806955338,0.9999228119850159,0.17830410599708557,0.6619815230369568,0.16978435218334198,0.9999618530273438,0.18164284527301788,0.6784934401512146,0.38461926579475403,0.145734965801239,0.18990063667297363,0.6820369958877563,0.5673014521598816,0.2961737811565399,0.18447154760360718,0.664600670337677,-0.2681240737438202,0.9999492168426514,0.18752288818359375,0.6863433122634888,-0.18996374309062958,0.966018557548523,0.19375841319561005,0.6847802996635437,0.01686134934425354,0.8862415552139282,0.17603474855422974,0.7088086605072021,0.1408141404390335,0.999981701374054,0.18508775532245636,0.7353302240371704,0.14528930187225342,0.6720085144042969,0.1807631403207779,0.7666590809822083,0.1945084035396576,0.8481351733207703,0.17662449181079865,0.7102172374725342,-0.14078542590141296,0.999983549118042,0.18138621747493744,0.7375916242599487,-0.21618525683879852,0.961468517780304,0.166773721575737,0.7632660865783691,-0.17942652106285095,0.969917356967926,golo
shot_KS_48,2.4423093795776367,0.18799470365047455,0.6475008726119995,-0.15847794711589813,0.9999303817749023,0.17918528616428375,0.662627100944519,0.10497580468654633,0.9999630451202393,0.17889033257961273,0.6797986626625061,0.378041535615921,0.13443709909915924,0.18498219549655914,0.6845932602882385,0.5703659653663635,0.2765105366706848,0.18527193367481232,0.6666343212127686,-0.2934098243713379,0.9999531507492065,0.18693630397319794,0.6892980933189392,-0.19088992476463318,0.9682260155677795,0.19398224353790283,0.6861109137535095,-0.00045532252988778055,0.8949884176254272,0.17674687504768372,0.708737850189209,0.1391303688287735,0.9999825954437256,0.18530388176441193,0.7368355393409729,0.13276058435440063,0.6993249654769897,0.1809818595647812,0.7679858803749084,0.15517579019069672,0.8621602058410645,0.1770569235086441,0.7104965448379517,-0.13913600146770477,0.9999844431877136,0.18373648822307587,0.7382062673568726,-0.22110892832279205,0.9652508497238159,0.16719374060630798,0.7631697058677673,-0.1819038689136505,0.9728103280067444,golo
shot_KS_48,2.4903669357299805,0.1889856457710266,0.6480211019515991,-0.1679055243730545,0.9999371767044067,0.18126405775547028,0.6645046472549438,0.10852386802434921,0.99996417760849,0.18127427995204926,0.6831396222114563,0.35005491971969604,0.1252644658088684,0.18788863718509674,0.6878020167350769,0.4773087799549103,0.2700670659542084,0.1853930801153183,0.6684211492538452,-0.3047063648700714,0.999956488609314,0.1865726113319397,0.6906933784484863,-0.2577630579471588,0.9709914922714233,0.19417384266853333,0.6899110674858093,-0.09193753451108932,0.9042458534240723,0.17819944024085999,0.7094452977180481,0.13930366933345795,0.9999836087226868,0.18639104068279266,0.7374643087387085,0.1293550282716751,0.7212610840797424,0.1809055656194687,0.7692486047744751,0.1617964804172516,0.8744275569915771,0.1769934445619583,0.7114601731300354,-0.1392849236726761,0.9999853372573853,0.184586301445961,0.7401020526885986,-0.20357252657413483,0.9686432480812073,0.16872166097164154,0.7634040713310242,-0.10564840584993362,0.9753615856170654,golo
shot_KS_48,2.5536885261535645,0.1901060789823532,0.6503803133964539,-0.14522702991962433,0.9999409914016724,0.18154104053974152,0.666955828666687,0.12470238655805588,0.9999567866325378,0.1801840364933014,0.6868326663970947,0.31189289689064026,0.11322426050901413,0.17855623364448547,0.7038405537605286,0.38683226704597473,0.24393118917942047,0.18571068346500397,0.6707785129547119,-0.29103884100914,0.9999585747718811,0.18620671331882477,0.6929582357406616,-0.25389036536216736,0.9736230969429016,0.19436131417751312,0.6952148675918579,-0.09651671350002289,0.9124800562858582,0.17887525260448456,0.7107132077217102,0.138737753033638,0.9999836087226868,0.18695513904094696,0.7392284870147705,0.18022729456424713,0.722145676612854,0.1801023781299591,0.7702915072441101,0.24934068322181702,0.8828532099723816,0.17761479318141937,0.7130968570709229,-0.1387229710817337,0.999985933303833,0.18527115881443024,0.743251383304596,-0.15338945388793945,0.9715452194213867,0.17049118876457214,0.7651167511940002,-0.023169277235865593,0.9773159623146057,golo
shot_KS_48,2.6011505126953125,0.19077420234680176,0.6526484489440918,-0.1346423327922821,0.9999463558197021,0.18280838429927826,0.6701809763908386,0.15720173716545105,0.9999595284461975,0.18252383172512054,0.6916212439537048,0.3197680413722992,0.10767710208892822,0.18934266269207,0.7011095881462097,0.4122934937477112,0.25015583634376526,0.1852848380804062,0.6724613904953003,-0.2859410345554352,0.9999618530273438,0.1860240250825882,0.6942128539085388,-0.29978999495506287,0.976047694683075,0.19432787597179413,0.6992858648300171,-0.23065730929374695,0.9206196665763855,0.1798013299703598,0.7128794193267822,0.14421726763248444,0.9999845027923584,0.18783587217330933,0.7422248125076294,0.18329931795597076,0.7225235104560852,0.1796911060810089,0.7712084650993347,0.2554191052913666,0.8914898037910461,0.17790965735912323,0.7148110866546631,-0.14415858685970306,0.9999868273735046,0.18688498437404633,0.7463128566741943,-0.1950765997171402,0.974325954914093,0.17250826954841614,0.7685419917106628,-0.03647681325674057,0.9794806838035583,golo
shot_KS_48,2.664715051651001,0.19183631241321564,0.6550751328468323,-0.10184197872877121,0.9999508261680603,0.1834978312253952,0.6719694137573242,0.160472109913826,0.9999600052833557,0.18188928067684174,0.6943363547325134,0.3124791979789734,0.0996771976351738,0.18689106404781342,0.7034284472465515,0.35594338178634644,0.23174598813056946,0.1848762333393097,0.675087571144104,-0.25507938861846924,0.9999647736549377,0.1858912706375122,0.697868287563324,-0.2514238953590393,0.9780228137969971,0.19411467015743256,0.7038138508796692,-0.1443401277065277,0.9275818467140198,0.18071402609348297,0.7157157063484192,0.14411424100399017,0.9999851584434509,0.18890483677387238,0.7447493076324463,0.17455852031707764,0.7217071056365967,0.17955829203128815,0.7717199921607971,0.2314584106206894,0.8928898572921753,0.17910154163837433,0.7175430059432983,-0.14408282935619354,0.9999876618385315,0.18782515823841095,0.7479965686798096,-0.19672569632530212,0.9765627384185791,0.1746145486831665,0.7725065350532532,-0.1156952977180481,0.9810036420822144,golo
shot_KS_48,2.7126433849334717,0.19247092306613922,0.6584089994430542,-0.22347155213356018,0.9999553561210632,0.18440794944763184,0.6759993433952332,0.06435184925794601,0.999963641166687,0.18472737073898315,0.6981798410415649,0.20945866405963898,0.10471037775278091,0.19222092628479004,0.7032928466796875,0.20897932350635529,0.265536367893219,0.1846631020307541,0.6787438988685608,-0.3548441529273987,0.9999676942825317,0.18349610269069672,0.7033663392066956,-0.4016549587249756,0.979755163192749,0.1940051019191742,0.7076557874679565,-0.3749965727329254,0.9331398010253906,0.18004082143306732,0.7175261974334717,0.14280299842357635,0.9999857544898987,0.18861472606658936,0.7448577284812927,0.22630468010902405,0.6870567202568054,0.18053920567035675,0.773222804069519,0.3401099145412445,0.8825584650039673,0.17892318964004517,0.7199095487594604,-0.14278124272823334,0.9999881386756897,0.1892157346010208,0.7491459846496582,-0.19744250178337097,0.9783986210823059,0.17675186693668365,0.7762237191200256,-0.07795193046331406,0.9819883704185486,golo
shot_KS_48,2.7763752937316895,0.19334234297275543,0.6600714921951294,-0.26055029034614563,0.9999587535858154,0.18601010739803314,0.6785147786140442,0.03315432742238045,0.9999669790267944,0.18603068590164185,0.6991574764251709,0.17189247906208038,0.11772280186414719,0.19398993253707886,0.7059218883514404,0.14845815300941467,0.3015754818916321,0.18458300828933716,0.6809597015380859,-0.3847479820251465,0.9999697804450989,0.1836778223514557,0.7080116271972656,-0.42867669463157654,0.9807360768318176,0.19410891830921173,0.7091228365898132,-0.4072360098361969,0.9360314011573792,0.1810259371995926,0.7194638252258301,0.14225506782531738,0.9999865889549255,0.18991278111934662,0.7460142970085144,0.22523322701454163,0.6619439721107483,0.18124382197856903,0.7742049694061279,0.36357322335243225,0.8715547919273376,0.179066002368927,0.7225303053855896,-0.1422221064567566,0.9999887347221375,0.1900150328874588,0.750177800655365,-0.1984962522983551,0.9799203872680664,0.17856861650943756,0.7793790698051453,-0.06657075881958008,0.9828315377235413,golo
shot_KS_48,2.824172258377075,0.19386298954486847,0.6618247628211975,-0.2642328441143036,0.9999626278877258,0.1856663078069687,0.6798836588859558,0.011581240221858025,0.9999700784683228,0.18675971031188965,0.7001042366027832,0.18761597573757172,0.12525731325149536,0.1950363665819168,0.7053775191307068,0.23982886970043182,0.33528760075569153,0.1850120574235916,0.683153510093689,-0.395405113697052,0.999972403049469,0.18379415571689606,0.7079473733901978,-0.41606736183166504,0.981697142124176,0.19449780881404877,0.7114095687866211,-0.3484900891780853,0.9413427114486694,0.1803741753101349,0.7213945984840393,0.1419929563999176,0.9999869465827942,0.19025574624538422,0.7483147382736206,0.27523502707481384,0.6263152956962585,0.18201099336147308,0.7749958038330078,0.4396774470806122,0.8526716828346252,0.1802828460931778,0.725551962852478,-0.14197325706481934,0.9999890923500061,0.19066956639289856,0.7522004842758179,-0.1696537733078003,0.9809200763702393,0.1803790032863617,0.7842321395874023,-0.03774259239435196,0.983617901802063,golo
shot_KS_48,2.8879311084747314,0.19394665956497192,0.6628595590591431,-0.23894663155078888,0.9999663233757019,0.18624992668628693,0.6809674501419067,0.04671042785048485,0.9999729990959167,0.1872856169939041,0.7001059055328369,0.23745737969875336,0.13557381927967072,0.19626103341579437,0.7052871584892273,0.3123062551021576,0.3800640404224396,0.18543632328510284,0.684908390045166,-0.37580713629722595,0.9999750256538391,0.1837695837020874,0.7078867554664612,-0.4748608469963074,0.9826628565788269,0.19453589618206024,0.7123069167137146,-0.5142269730567932,0.946759045124054,0.18031397461891174,0.7233405709266663,0.1470859944820404,0.9999876618385315,0.18957535922527313,0.7477268576622009,0.2968752980232239,0.5861150622367859,0.18150155246257782,0.7748605012893677,0.4404504895210266,0.8384413719177246,0.18097053468227386,0.7275996208190918,-0.14707480370998383,0.9999898076057434,0.19169436395168304,0.7534122467041016,-0.2136424332857132,0.9824913740158081,0.18247584998607635,0.7888285517692566,-0.1592380851507187,0.9850679039955139,golo
shot_KS_48,2.935455322265625,0.1942351758480072,0.6630138754844666,-0.23727717995643616,0.9999696612358093,0.1857755333185196,0.6812839508056641,0.038890767842531204,0.9999756217002869,0.18655313551425934,0.7001561522483826,0.25187212228775024,0.13984054327011108,0.19582988321781158,0.7047967314720154,0.38272908329963684,0.4046851694583893,0.1862782984972,0.6865276098251343,-0.38141241669654846,0.9999773502349854,0.18441089987754822,0.7088254690170288,-0.42616960406303406,0.9825379252433777,0.19542013108730316,0.7123737335205078,-0.378143846988678,0.9511337876319885,0.18012823164463043,0.7246271967887878,0.15143918991088867,0.9999879002571106,0.18922004103660583,0.7487232089042664,0.37240296602249146,0.5422986149787903,0.18129657208919525,0.7753788828849792,0.5447520613670349,0.8176324963569641,0.18238060176372528,0.7291339635848999,-0.1514279842376709,0.9999902248382568,0.19236333668231964,0.7554511427879333,-0.205839604139328,0.9836851954460144,0.18421924114227295,0.7920808792114258,-0.15703441202640533,0.9862202405929565,golo
shot_KS_48,2.9893155097961426,0.19491468369960785,0.6632950901985168,-0.23034946620464325,0.999971866607666,0.1871786266565323,0.6821311116218567,0.05457061529159546,0.9999778866767883,0.18814969062805176,0.7009022831916809,0.26213812828063965,0.13900767266750336,0.1963397115468979,0.706384539604187,0.38507336378097534,0.4117908477783203,0.18663576245307922,0.6861569881439209,-0.37626782059669495,0.9999789595603943,0.184720978140831,0.708881676197052,-0.44702497124671936,0.9809331893920898,0.19601356983184814,0.712376058101654,-0.43649086356163025,0.9520413279533386,0.18159323930740356,0.7259129881858826,0.15529382228851318,0.9999886751174927,0.18916915357112885,0.7510784864425659,0.4025498032569885,0.5030943155288696,0.18108084797859192,0.7750079035758972,0.6237163543701172,0.8018212914466858,0.18232007324695587,0.7297446727752686,-0.15521009266376495,0.9999908804893494,0.19228051602840424,0.7570832371711731,-0.24300043284893036,0.9851813316345215,0.18577753007411957,0.7957226634025574,-0.21148677170276642,0.9874858260154724,golo
shot_KS_48,3.0475094318389893,0.19540683925151825,0.6635411381721497,-0.22125159204006195,0.9999741911888123,0.18738733232021332,0.6816207766532898,0.06189921870827675,0.9999798536300659,0.18800091743469238,0.701744556427002,0.2694050073623657,0.14131422340869904,0.19652095437049866,0.7061724066734314,0.38670942187309265,0.4176108241081238,0.18697741627693176,0.6869944930076599,-0.3721676468849182,0.9999804496765137,0.1860322207212448,0.7096256613731384,-0.402487576007843,0.9810353517532349,0.19649256765842438,0.7105339169502258,-0.35693350434303284,0.9534791111946106,0.18193252384662628,0.7272933125495911,0.15911243855953217,0.9999894499778748,0.18893302977085114,0.750487744808197,0.4513867497444153,0.47450539469718933,0.18099871277809143,0.7745859026908875,0.6964147686958313,0.7935186624526978,0.18332475423812866,0.7314527034759521,-0.15897202491760254,0.9999915957450867,0.19230838119983673,0.7597715258598328,-0.25412946939468384,0.9866289496421814,0.18687808513641357,0.7984338998794556,-0.24163274466991425,0.9886870980262756,golo
shot_KS_48,3.095393657684326,0.1958143711090088,0.6636529564857483,-0.23743771016597748,0.9999762773513794,0.1880512237548828,0.6820549964904785,0.05437631532549858,0.9999813437461853,0.18884208798408508,0.702862024307251,0.19790564477443695,0.13421286642551422,0.19691768288612366,0.7053474187850952,0.2228555679321289,0.39087024331092834,0.18757057189941406,0.6874428391456604,-0.38707298040390015,0.9999820590019226,0.18737657368183136,0.7109739184379578,-0.37881776690483093,0.9818931221961975,0.1977400928735733,0.7094339728355408,-0.21546725928783417,0.9558092355728149,0.183063805103302,0.7278233170509338,0.16087961196899414,0.9999902844429016,0.18852078914642334,0.7504072189331055,0.4658556878566742,0.4462977349758148,0.18097428977489471,0.7742571234703064,0.7242582440376282,0.7817927002906799,0.18391671776771545,0.7323957085609436,-0.16073615849018097,0.9999923706054688,0.19239751994609833,0.7612800002098083,-0.23536023497581482,0.9879447221755981,0.1871713548898697,0.8011646866798401,-0.22867730259895325,0.9897871613502502,golo
shot_KS_48,3.158661365509033,0.19602178037166595,0.6636640429496765,-0.18260101974010468,0.9999783635139465,0.18810634315013885,0.6814872622489929,0.10008407384157181,0.9999826550483704,0.19003449380397797,0.7019378542900085,0.22072668373584747,0.12956352531909943,0.1970333307981491,0.7045212388038635,0.21872663497924805,0.3743242621421814,0.1880485862493515,0.686941385269165,-0.35732558369636536,0.9999834895133972,0.18876682221889496,0.7092561721801758,-0.3372862637042999,0.9831852316856384,0.19849775731563568,0.7091823220252991,-0.1867056041955948,0.9589651226997375,0.18391363322734833,0.7287436127662659,0.16351939737796783,0.9999909996986389,0.18817919492721558,0.7538725137710571,0.4697971045970917,0.4235265552997589,0.18099765479564667,0.7741059064865112,0.711268424987793,0.7734176516532898,0.18450070917606354,0.7328696250915527,-0.16339850425720215,0.9999930262565613,0.19297222793102264,0.7626413106918335,-0.23330388963222504,0.9891362190246582,0.1866394430398941,0.802792489528656,-0.25696977972984314,0.990784764289856,golo
shot_KS_48,3.2066192626953125,0.19628769159317017,0.6635957360267639,-0.15636253356933594,0.9999796748161316,0.18754561245441437,0.6808616518974304,0.10127229243516922,0.9999819397926331,0.188660129904747,0.7022733092308044,0.173233300447464,0.11773743480443954,0.19338327646255493,0.7057376503944397,0.11724294722080231,0.3376104533672333,0.18887726962566376,0.6859468221664429,-0.34151625633239746,0.999984860420227,0.19100941717624664,0.7093292474746704,-0.3070400059223175,0.9840075373649597,0.1992236077785492,0.7042421698570251,-0.13296495378017426,0.9613232016563416,0.1841650754213333,0.7289150357246399,0.1629653424024582,0.999991774559021,0.18807141482830048,0.7522457242012024,0.47075706720352173,0.40124809741973877,0.1813129335641861,0.7740313410758972,0.7177912592887878,0.7493605613708496,0.18544431030750275,0.7328761219978333,-0.1628541648387909,0.9999936819076538,0.19327634572982788,0.7633628249168396,-0.23068414628505707,0.9902110695838928,0.18657314777374268,0.8022406101226807,-0.266885370016098,0.9916779398918152,golo
shot_KS_48,3.256549596786499,0.19641734659671783,0.6635745763778687,-0.2556188702583313,0.9999812245368958,0.1885230541229248,0.6815222501754761,0.03419259935617447,0.9999827146530151,0.18926826119422913,0.7028279304504395,-0.01797430031001568,0.10880659520626068,0.1969180405139923,0.6999923586845398,-0.23880355060100555,0.3093201518058777,0.18955208361148834,0.6861469149589539,-0.3974345624446869,0.9999861121177673,0.19268332421779633,0.710155725479126,-0.32954391837120056,0.9852059483528137,0.20020978152751923,0.7006645798683167,-0.12764202058315277,0.9630789756774902,0.184548482298851,0.7293826341629028,0.1612999141216278,0.9999924898147583,0.1880308836698532,0.7518561482429504,0.49824485182762146,0.3784804046154022,0.18182991445064545,0.7739675641059875,0.7735581994056702,0.7024240493774414,0.18641169369220734,0.7332754731178284,-0.16121503710746765,0.9999942779541016,0.1940077692270279,0.7645057439804077,-0.2380514144897461,0.991177499294281,0.1868051141500473,0.8022517561912537,-0.27939659357070923,0.9924796223640442,golo
shot_KS_48,3.3222198486328125,0.19677066802978516,0.6636030673980713,-0.2337573915719986,0.9999824166297913,0.1886763721704483,0.6814690232276917,0.050938189029693604,0.9999825954437256,0.19032643735408783,0.7023379802703857,0.026417750865221024,0.10066461563110352,0.19878968596458435,0.6967979073524475,-0.16909269988536835,0.2819327712059021,0.19025078415870667,0.685615599155426,-0.38223305344581604,0.9999868869781494,0.1947934776544571,0.7093559503555298,-0.3234756290912628,0.9852628707885742,0.20124000310897827,0.6976432800292969,-0.10998927056789398,0.9591743350028992,0.1848078817129135,0.7295073866844177,0.16232384741306305,0.9999931454658508,0.18810208141803741,0.7512752413749695,0.495748907327652,0.35634931921958923,0.1819741278886795,0.7738596796989441,0.7645103335380554,0.6633127331733704,0.18724425137043,0.733322262763977,-0.16227371990680695,0.9999948143959045,0.19485346972942352,0.7644858360290527,-0.24337176978588104,0.9920439124107361,0.18687987327575684,0.8017576336860657,-0.29260578751564026,0.9931949973106384,golo
shot_KS_48,3.3661749362945557,0.19711418449878693,0.6635280847549438,-0.24249443411827087,0.9999832510948181,0.18928611278533936,0.6814366579055786,0.04316065460443497,0.9999831914901733,0.19300438463687897,0.7020388245582581,-0.04885139316320419,0.09759930521249771,0.2008432000875473,0.694481611251831,-0.3185980021953583,0.26563403010368347,0.19060932099819183,0.6853681802749634,-0.39814266562461853,0.9999877214431763,0.19649913907051086,0.7079198956489563,-0.35047486424446106,0.9863194227218628,0.2027512490749359,0.6940947771072388,-0.1495526283979416,0.9585475325584412,0.18576963245868683,0.729461669921875,0.16248516738414764,0.9999937415122986,0.18886786699295044,0.7517553567886353,0.4938183128833771,0.34761402010917664,0.18216556310653687,0.7749336957931519,0.7569549679756165,0.6257642507553101,0.1876993328332901,0.7327494025230408,-0.16248023509979248,0.9999952912330627,0.19539175927639008,0.7639869451522827,-0.2600863575935364,0.9928288459777832,0.18693502247333527,0.801236093044281,-0.329977422952652,0.9938570857048035,golo
shot_KS_48,3.4288105964660645,0.19722171127796173,0.663337230682373,-0.18062087893486023,0.9999833703041077,0.18875165283679962,0.6813790202140808,0.08608130365610123,0.9999825358390808,0.1941743642091751,0.700218141078949,0.02662733383476734,0.09100207686424255,0.20200084149837494,0.6911838054656982,-0.20247434079647064,0.243630513548851,0.19124598801136017,0.6839485764503479,-0.378194659948349,0.9999880194664001,0.19846902787685394,0.7044041156768799,-0.34354880452156067,0.9867845177650452,0.20420284569263458,0.6889896392822266,-0.15117701888084412,0.9584602117538452,0.1855829805135727,0.7295348048210144,0.16506285965442657,0.9999942779541016,0.18967314064502716,0.752221405506134,0.4948369562625885,0.3362715542316437,0.1825893074274063,0.7764787077903748,0.731474757194519,0.6081701517105103,0.18816296756267548,0.7324953675270081,-0.16507288813591003,0.999995768070221,0.19562943279743195,0.7639940977096558,-0.2576153874397278,0.9935345649719238,0.18702110648155212,0.8011889457702637,-0.3363673985004425,0.9944496750831604,golo
shot_KS_48,3.4762632846832275,0.19724012911319733,0.6627375483512878,-0.09354356676340103,0.9999788999557495,0.1885022073984146,0.6807294487953186,0.12964750826358795,0.9999799132347107,0.18920551240444183,0.7051998972892761,0.15851514041423798,0.08284010738134384,0.1897146999835968,0.7224102020263672,0.061908748000860214,0.2195979654788971,0.19174844026565552,0.6818434596061707,-0.2985312044620514,0.9999870657920837,0.20061710476875305,0.69882732629776,-0.31988978385925293,0.986721932888031,0.20532669126987457,0.6833999752998352,-0.17772088944911957,0.9597992897033691,0.18579493463039398,0.7294521331787109,0.16296030580997467,0.9999943971633911,0.19036142528057098,0.7527546882629395,0.4671570658683777,0.3231179714202881,0.18318049609661102,0.7786030769348145,0.7122551202774048,0.6053881645202637,0.18858729302883148,0.7323160767555237,-0.16302621364593506,0.9999960660934448,0.1953856498003006,0.7635262608528137,-0.21985110640525818,0.9941396117210388,0.18705467879772186,0.8011561036109924,-0.31084582209587097,0.9949266314506531,golo
shot_KS_48,3.539374828338623,0.19726936519145966,0.6610093116760254,-0.07522107660770416,0.9999675154685974,0.1886441856622696,0.6797752976417542,0.14127007126808167,0.9999774694442749,0.18772785365581512,0.7047092914581299,0.18799209594726562,0.0753692239522934,0.18784648180007935,0.7232962846755981,0.11501630395650864,0.19805701076984406,0.19246338307857513,0.6797793507575989,-0.2830889821052551,0.9999839663505554,0.20296885073184967,0.6927253007888794,-0.31072112917900085,0.9858472347259521,0.2063228338956833,0.6787617206573486,-0.1912037581205368,0.9585259556770325,0.18621140718460083,0.729193925857544,0.16013750433921814,0.9999944567680359,0.19103798270225525,0.7531675696372986,0.4661940038204193,0.3027400076389313,0.18417006731033325,0.7796440124511719,0.6890441179275513,0.5895580053329468,0.18916232883930206,0.7320517897605896,-0.1602192223072052,0.9999963045120239,0.19509108364582062,0.7630376219749451,-0.21609792113304138,0.9946529865264893,0.1869642585515976,0.8008503317832947,-0.2718941271305084,0.9952976703643799,golo
shot_KS_48,3.6055448055267334,0.1974480152130127,0.660140335559845,-0.04021608829498291,0.9999659657478333,0.18927304446697235,0.6784422993659973,0.17866089940071106,0.9999779462814331,0.18747007846832275,0.7014673948287964,0.19580750167369843,0.06986094266176224,0.18833430111408234,0.7190006375312805,0.08236794173717499,0.18011590838432312,0.19195972383022308,0.6779404282569885,-0.23532453179359436,0.9999837279319763,0.20305144786834717,0.6869967579841614,-0.29228726029396057,0.9857838153839111,0.20698051154613495,0.6732398867607117,-0.2131006419658661,0.9599284529685974,0.18736813962459564,0.7287089824676514,0.15130332112312317,0.9999948143959045,0.19146127998828888,0.7533310651779175,0.36020055413246155,0.3002672791481018,0.18534298241138458,0.7822628021240234,0.5309429168701172,0.5792914032936096,0.18894696235656738,0.7302567362785339,-0.1513732671737671,0.9999966025352478,0.194833442568779,0.7627800107002258,-0.3327542841434479,0.9951525926589966,0.1868869662284851,0.8002732992172241,-0.4197259247303009,0.9956618547439575,golo
shot_KS_48,3.6507372856140137,0.1975819319486618,0.6589395403862,-0.07905695587396622,0.9999669194221497,0.19143185019493103,0.6758410334587097,0.14317475259304047,0.9999779462814331,0.19533739984035492,0.6905354261398315,0.1747739464044571,0.06631210446357727,0.19791066646575928,0.7026236653327942,0.003809821093454957,0.1640341728925705,0.19169767200946808,0.6757126450538635,-0.28818759322166443,0.9999831318855286,0.20501726865768433,0.6823528409004211,-0.3148760497570038,0.9857100248336792,0.20836202800273895,0.6683381199836731,-0.23011936247348785,0.9591188430786133,0.18864686787128448,0.7260226607322693,0.1510062962770462,0.9999950528144836,0.19202710688114166,0.7534686326980591,0.350408136844635,0.2837219536304474,0.18536260724067688,0.7840820550918579,0.5198467373847961,0.558866024017334,0.18868692219257355,0.7271949052810669,-0.15104509890079498,0.9999967813491821,0.19477306306362152,0.7606737613677979,-0.29748788475990295,0.9955216646194458,0.1870257705450058,0.8000596761703491,-0.40122953057289124,0.9959034323692322,golo
shot_KS_48,3.7218308448791504,0.1975603848695755,0.6570342183113098,-0.10811785608530045,0.9999642372131348,0.19200904667377472,0.6734997630119324,0.15391883254051208,0.9999713897705078,0.2032935470342636,0.6796482801437378,0.14078842103481293,0.0656055435538292,0.2089792937040329,0.6663002371788025,-0.09585734456777573,0.15824128687381744,0.1917273849248886,0.6738705635070801,-0.30693501234054565,0.9999781250953674,0.20648150146007538,0.6784940361976624,-0.38462236523628235,0.9853025674819946,0.20972983539104462,0.6637551784515381,-0.3293948173522949,0.9592372179031372,0.1890493482351303,0.7247560024261475,0.15715532004833221,0.999995231628418,0.19270657002925873,0.7534807920455933,0.3373914062976837,0.26874634623527527,0.18527613580226898,0.7852531671524048,0.5101231336593628,0.5446977615356445,0.18867245316505432,0.7260187268257141,-0.1571773737668991,0.9999969005584717,0.19493408501148224,0.7589929103851318,-0.29082927107810974,0.995741605758667,0.18725448846817017,0.7993742227554321,-0.36495810747146606,0.9960005879402161,golo
shot_KS_48,3.7797911167144775,0.19772586226463318,0.6559540033340454,-0.09430093318223953,0.9999549984931946,0.19306133687496185,0.6716433167457581,0.18320925533771515,0.9999663233757019,0.20502014458179474,0.6749378442764282,0.14177855849266052,0.07061230391263962,0.2112322896718979,0.6603357791900635,-0.10889539867639542,0.16910453140735626,0.1918465942144394,0.6724073886871338,-0.31099820137023926,0.9999697208404541,0.2070135623216629,0.6753485202789307,-0.40168920159339905,0.9842272996902466,0.21137525141239166,0.6591300368309021,-0.3504922688007355,0.9574773907661438,0.18970325589179993,0.7225537300109863,0.16329152882099152,0.9999953508377075,0.19372965395450592,0.7535867691040039,0.24512510001659393,0.2568252384662628,0.18555374443531036,0.7867587804794312,0.3517887592315674,0.5224809646606445,0.1885492354631424,0.7233898639678955,-0.16330859065055847,0.9999969005584717,0.1951587051153183,0.7578129172325134,-0.3019430339336395,0.9952510595321655,0.1874338835477829,0.7991499304771423,-0.3638465404510498,0.9948727488517761,golo
shot_KS_48,3.840012550354004,0.19795243442058563,0.6547346711158752,-0.08075960725545883,0.9999533891677856,0.19429229199886322,0.6702165603637695,0.2044261395931244,0.9999591112136841,0.20417280495166779,0.6739563941955566,0.2280038595199585,0.07214245200157166,0.2125215381383896,0.6580554246902466,0.07407260686159134,0.17634862661361694,0.1919451802968979,0.6717368364334106,-0.2665822505950928,0.9999654293060303,0.20597778260707855,0.6733348965644836,-0.4187793731689453,0.9841294884681702,0.2125033289194107,0.6571922302246094,-0.48100829124450684,0.9602786302566528,0.19034238159656525,0.7213494777679443,0.15566980838775635,0.9999949336051941,0.1938754767179489,0.7537027597427368,0.1880168467760086,0.25188004970550537,0.18597979843616486,0.7877492308616638,0.26478323340415955,0.5131387710571289,0.18878036737442017,0.7223667502403259,-0.15570113062858582,0.9999966025352478,0.19561196863651276,0.7571353912353516,-0.31107258796691895,0.9941133856773376,0.18766532838344574,0.7984457015991211,-0.3581445515155792,0.9929248690605164,golo
shot_KS_48,3.9029035568237305,0.19813291728496552,0.6536133885383606,-0.10516971349716187,0.9999538064002991,0.19597996771335602,0.6687706708908081,0.17520134150981903,0.9999563097953796,0.20773907005786896,0.669829785823822,0.19197562336921692,0.08813760429620743,0.2159997671842575,0.6534503102302551,-0.010868980549275875,0.21460746228694916,0.1918635219335556,0.6709442138671875,-0.27646568417549133,0.9999579787254333,0.20614339411258698,0.6704317331314087,-0.46409979462623596,0.9836611747741699,0.21387535333633423,0.6536761522293091,-0.5261500477790833,0.9611043930053711,0.19092881679534912,0.721055269241333,0.15474823117256165,0.9999942779541016,0.1942322701215744,0.7539714574813843,0.1647702008485794,0.24282780289649963,0.18630388379096985,0.7883818745613098,0.2353990525007248,0.49360090494155884,0.18867258727550507,0.7217070460319519,-0.15474610030651093,0.999995768070221,0.19594909250736237,0.7567318081855774,-0.30884286761283875,0.9908597469329834,0.18797245621681213,0.7979708909988403,-0.2857328951358795,0.9877230525016785,golo
shot_KS_48,3.9662375450134277,0.19837813079357147,0.6528059840202332,-0.17269103229045868,0.9999572038650513,0.19650425016880035,0.6667105555534363,0.16493263840675354,0.9999538064002991,0.20790128409862518,0.6664991974830627,0.18813356757164001,0.09790103137493134,0.21402837336063385,0.6520915031433105,-0.04647021368145943,0.24334533512592316,0.1919626146554947,0.670381486415863,-0.31925535202026367,0.9999525547027588,0.20566098392009735,0.6670979857444763,-0.5077258944511414,0.9837621450424194,0.2125997394323349,0.6529777646064758,-0.5949618220329285,0.9614205360412598,0.19162558019161224,0.7208966612815857,0.1575937718153,0.9999939799308777,0.19444237649440765,0.7544664740562439,0.20066164433956146,0.24954906105995178,0.1859971433877945,0.788670539855957,0.29434046149253845,0.5047855377197266,0.1889646202325821,0.7216573357582092,-0.15757820010185242,0.9999954104423523,0.19626128673553467,0.757063627243042,-0.29597678780555725,0.9907662868499756,0.18895693123340607,0.7983494997024536,-0.2788684070110321,0.9872892498970032,golo
shot_KS_48,4.035466909408569,0.19884134829044342,0.6535266637802124,-0.11425025761127472,0.9999583959579468,0.1974780410528183,0.6677243113517761,0.20108066499233246,0.9999496936798096,0.20851638913154602,0.6671465635299683,0.13963595032691956,0.10423379391431808,0.2140853852033615,0.652766764163971,-0.14393727481365204,0.2630244493484497,0.1916482299566269,0.6699842214584351,-0.2586774230003357,0.9999507665634155,0.2044069766998291,0.6691311001777649,-0.46106427907943726,0.9847494959831238,0.2123246192932129,0.655529260635376,-0.5561167597770691,0.9636787176132202,0.1933416724205017,0.7213844060897827,0.1493101269006729,0.9999938607215881,0.19458262622356415,0.7560263872146606,0.11702277511358261,0.2610797882080078,0.18591688573360443,0.7899912595748901,0.189957857131958,0.5197253823280334,0.1889791637659073,0.7214868664741516,-0.1493363231420517,0.9999952912330627,0.19628660380840302,0.7572186589241028,-0.29070407152175903,0.9904351830482483,0.1898311823606491,0.7985307574272156,-0.29137563705444336,0.9869791269302368,golo
shot_KS_48,4.0914928913116455,0.19934247434139252,0.6540979743003845,-0.11606291681528091,0.9999544024467468,0.19850821793079376,0.668353796005249,0.1959511786699295,0.9999390244483948,0.2089357227087021,0.6686920523643494,0.19813743233680725,0.10458450019359589,0.21293729543685913,0.661447286605835,0.015739360824227333,0.2584036588668823,0.19177773594856262,0.6705591082572937,-0.25081029534339905,0.9999496340751648,0.2040378898382187,0.6693019866943359,-0.4367566406726837,0.9857242703437805,0.21333523094654083,0.6570379137992859,-0.5080323815345764,0.9667196869850159,0.19425764679908752,0.7216240763664246,0.14055569469928741,0.9999934434890747,0.19479548931121826,0.7572431564331055,0.13707150518894196,0.2742401957511902,0.18524329364299774,0.7905316948890686,0.22136148810386658,0.5354659557342529,0.1892099827528,0.72200608253479,-0.1406036764383316,0.9999951720237732,0.19655902683734894,0.757235050201416,-0.28812482953071594,0.9900156855583191,0.19168083369731903,0.8005691170692444,-0.2965835928916931,0.986857533454895,golo
shot_KS_48,4.155185222625732,0.200139120221138,0.6543116569519043,-0.13827279210090637,0.9999504089355469,0.19895689189434052,0.6690410375595093,0.18365192413330078,0.9999260306358337,0.20785298943519592,0.6713997721672058,0.16906216740608215,0.10054641962051392,0.20644107460975647,0.6641102433204651,-0.052641745656728745,0.24207812547683716,0.19206573069095612,0.6709006428718567,-0.2625339925289154,0.9999508857727051,0.20346644520759583,0.6693393588066101,-0.4397070109844208,0.9867996573448181,0.2133597433567047,0.659635603427887,-0.5229703187942505,0.969508707523346,0.1951395720243454,0.7220991849899292,0.1375747174024582,0.9999935030937195,0.1947997510433197,0.7595727443695068,0.13974088430404663,0.2981437146663666,0.18406911194324493,0.7917119860649109,0.2608359754085541,0.5589798092842102,0.18983693420886993,0.7224196791648865,-0.13763590157032013,0.9999954104423523,0.1966746598482132,0.7593467235565186,-0.2554987668991089,0.9903109669685364,0.19494076073169708,0.8040741086006165,-0.2508222758769989,0.9875699877738953,golo
shot_KS_48,4.224442958831787,0.19992749392986298,0.6555529236793518,-0.13835690915584564,0.9999310970306396,0.2000926434993744,0.6693572402000427,0.16906628012657166,0.9998854398727417,0.20796634256839752,0.6729950904846191,-0.011782693676650524,0.10762596875429153,0.2038065791130066,0.6657031178474426,-0.3343045115470886,0.2327490746974945,0.19230902194976807,0.6711945533752441,-0.22270669043064117,0.9999456405639648,0.20195521414279938,0.6707978248596191,-0.4318380057811737,0.9875549077987671,0.21278056502342224,0.6597468256950378,-0.5197874903678894,0.9716684818267822,0.1955542415380478,0.7230027318000793,0.12616489827632904,0.999992847442627,0.19454297423362732,0.7609837055206299,0.10690943151712418,0.30937424302101135,0.1834985464811325,0.7927828431129456,0.2214076668024063,0.5671001672744751,0.19028662145137787,0.7226696610450745,-0.12623560428619385,0.999995231628418,0.19691383838653564,0.7600301504135132,-0.2750352919101715,0.9901456236839294,0.19714514911174774,0.8063682913780212,-0.29459625482559204,0.9877088665962219,golo
shot_KS_48,4.287238359451294,0.20005102455615997,0.6565910577774048,-0.056032754480838776,0.9999297857284546,0.20096562802791595,0.6729053854942322,0.2447795867919922,0.999884307384491,0.20899702608585358,0.6785458326339722,0.058117594569921494,0.14099723100662231,0.20732156932353973,0.6682374477386475,-0.3024100959300995,0.2719649374485016,0.19297005236148834,0.6720852851867676,-0.16685517132282257,0.9999482035636902,0.1984659880399704,0.6732878088951111,-0.42388638854026794,0.9886558055877686,0.21257911622524261,0.6674625873565674,-0.5665821433067322,0.9742985367774963,0.19599701464176178,0.7243762016296387,0.13083279132843018,0.9999930262565613,0.19438989460468292,0.7624561190605164,0.153494194149971,0.3311575651168823,0.18327079713344574,0.794605016708374,0.2752690315246582,0.5884006023406982,0.1910267323255539,0.723602294921875,-0.13089008629322052,0.9999954700469971,0.1977156549692154,0.7632534503936768,-0.28152814507484436,0.9907466769218445,0.1990235596895218,0.8086342215538025,-0.32155779004096985,0.9886463284492493,golo
shot_KS_48,4.347864627838135,0.20095807313919067,0.6599514484405518,-0.06645523756742477,0.9999350905418396,0.2007562518119812,0.6768711805343628,0.21529057621955872,0.9998937845230103,0.2090887427330017,0.6843416094779968,0.01135723851621151,0.19999395310878754,0.2109595686197281,0.6768283247947693,-0.39387160539627075,0.33238348364830017,0.19390147924423218,0.676291823387146,-0.19067154824733734,0.9999520778656006,0.19564707577228546,0.6836220026016235,-0.45310965180397034,0.9885532855987549,0.19423629343509674,0.7006968259811401,-0.6793219447135925,0.9745418429374695,0.1957273632287979,0.726852297782898,0.1326792985200882,0.9999932050704956,0.19434548914432526,0.7642561793327332,0.17062294483184814,0.36420923471450806,0.18263426423072815,0.7969732284545898,0.2809208035469055,0.6165916919708252,0.191802516579628,0.72660231590271,-0.1326732188463211,0.9999955892562866,0.1982598453760147,0.7654613256454468,-0.2928560674190521,0.9911856055259705,0.20108212530612946,0.8107357025146484,-0.3719780147075653,0.9895314574241638,golo
shot_KS_48,4.3985772132873535,0.20174367725849152,0.6628515124320984,-0.07341678440570831,0.9999287724494934,0.20092299580574036,0.6798269748687744,0.2081744521856308,0.9998921155929565,0.20888857543468475,0.688874363899231,-0.0016470690025016665,0.20996688306331635,0.20671434700489044,0.6846614480018616,-0.3395051658153534,0.3231053054332733,0.19516615569591522,0.6795198917388916,-0.20251290500164032,0.9999511241912842,0.1967124193906784,0.6873123049736023,-0.4656808376312256,0.9849381446838379,0.19490711390972137,0.7020659446716309,-0.6587715148925781,0.969135582447052,0.19547544419765472,0.7290037274360657,0.13518601655960083,0.999992847442627,0.1942693591117859,0.7657498121261597,0.15903234481811523,0.3638327419757843,0.18240690231323242,0.7998033165931702,0.22684822976589203,0.6186844110488892,0.1924973875284195,0.7290151119232178,-0.13519491255283356,0.9999953508377075,0.19902251660823822,0.7675166726112366,-0.28566527366638184,0.9908985495567322,0.2024230808019638,0.8133745789527893,-0.3910893499851227,0.9899588823318481,golo
shot_KS_48,4.4620277881622314,0.2027725726366043,0.665191650390625,-0.04011699929833412,0.9999260902404785,0.2008817344903946,0.6818417906761169,0.2158123105764389,0.9998878240585327,0.20681114494800568,0.694625735282898,0.02130289375782013,0.2107659876346588,0.2000468522310257,0.6930341124534607,-0.3001693785190582,0.3073776066303253,0.19646328687667847,0.6826065182685852,-0.18471352756023407,0.9999473690986633,0.19993245601654053,0.6927010416984558,-0.36692380905151367,0.9837445020675659,0.20471884310245514,0.6926661133766174,-0.4348547160625458,0.9650020599365234,0.19530576467514038,0.7317441701889038,0.1365719884634018,0.9999925494194031,0.19432693719863892,0.7684658765792847,0.1586841344833374,0.36525943875312805,0.18228012323379517,0.802760124206543,0.21678082644939423,0.6090413928031921,0.19331248104572296,0.732410728931427,-0.13658945262432098,0.9999951720237732,0.19949299097061157,0.7698542475700378,-0.2851215898990631,0.9910820722579956,0.20292304456233978,0.8168355226516724,-0.4112566411495209,0.9902568459510803,golo
shot_KS_48,4.509880065917969,0.20406757295131683,0.6682058572769165,-0.02084454707801342,0.999933123588562,0.19883877038955688,0.6851242780685425,0.26349076628685,0.9998972415924072,0.19937412440776825,0.7004844546318054,0.4800592064857483,0.23628735542297363,0.201239213347435,0.7023375630378723,0.5861364603042603,0.3370133340358734,0.19822555780410767,0.6864593625068665,-0.19688129425048828,0.9999515414237976,0.20023666322231293,0.6982284784317017,-0.43187347054481506,0.9848803877830505,0.2066875547170639,0.6990755200386047,-0.5893644094467163,0.9680240154266357,0.19397874176502228,0.7359506487846375,0.15956313908100128,0.9999924302101135,0.19461198151111603,0.7716017365455627,0.16549904644489288,0.40845394134521484,0.18216069042682648,0.8044809103012085,0.23486661911010742,0.6413330435752869,0.19552859663963318,0.7386021614074707,-0.15972435474395752,0.9999950528144836,0.20162929594516754,0.7758852243423462,-0.28302398324012756,0.9917876124382019,0.20190316438674927,0.820525050163269,-0.40578216314315796,0.9910978078842163,golo
shot_KS_48,4.57259464263916,0.20544302463531494,0.67267906665802,0.031033890321850777,0.99993896484375,0.19808365404605865,0.6898133754730225,0.2622873783111572,0.999902069568634,0.2000623494386673,0.7065815925598145,0.31234344840049744,0.22342756390571594,0.20501558482646942,0.7051147222518921,0.19580446183681488,0.3222031891345978,0.19927839934825897,0.6907591223716736,-0.19763925671577454,0.9999544024467468,0.20197851955890656,0.7085222005844116,-0.20864881575107574,0.9852568507194519,0.20789413154125214,0.7068405151367188,-0.06484485417604446,0.9664541482925415,0.1931931972503662,0.7402662634849548,0.15785391628742218,0.9999925494194031,0.19504483044147491,0.7744124531745911,0.1745673269033432,0.4322860538959503,0.18222881853580475,0.8049473762512207,0.2115289717912674,0.6559256911277771,0.19638396799564362,0.7426535487174988,-0.15797623991966248,0.9999951720237732,0.20290663838386536,0.778313934803009,-0.2541491389274597,0.992401659488678,0.20155711472034454,0.8227807283401489,-0.37806516885757446,0.99172043800354,golo
shot_KS_48,4.620146989822388,0.20623596012592316,0.6745527386665344,0.0072668613865971565,0.9999450445175171,0.19669024646282196,0.6920512914657593,0.24358652532100677,0.9999109506607056,0.19836674630641937,0.7084602117538452,0.4584474563598633,0.2334349900484085,0.20482607185840607,0.7116998434066772,0.6035298109054565,0.3499232828617096,0.2001371532678604,0.6946593523025513,-0.2073902189731598,0.9999585747718811,0.20187106728553772,0.7178075909614563,-0.23496779799461365,0.9865195155143738,0.20780327916145325,0.7165412902832031,-0.10600727051496506,0.9693494439125061,0.19265957176685333,0.7429369688034058,0.16147558391094208,0.9999926686286926,0.1960534006357193,0.7759990096092224,0.21187445521354675,0.48309311270713806,0.18232643604278564,0.804130494594574,0.23646995425224304,0.6877202391624451,0.1966514140367508,0.7459577918052673,-0.16155293583869934,0.9999952912330627,0.20381563901901245,0.779609739780426,-0.23472262918949127,0.9931167960166931,0.20148096978664398,0.8234037160873413,-0.29635995626449585,0.9924967288970947,golo
shot_KS_48,4.683797836303711,0.20724695920944214,0.6765047907829285,-0.10337416082620621,0.9999505281448364,0.20037589967250824,0.6967598795890808,0.17995060980319977,0.9999195337295532,0.1999163180589676,0.716064453125,0.308682382106781,0.2364456057548523,0.206369087100029,0.7222462296485901,0.2609211504459381,0.3869979977607727,0.19971683621406555,0.6967265009880066,-0.27798357605934143,0.999962568283081,0.1986209750175476,0.7173029184341431,-0.4247453808784485,0.9863479137420654,0.196400985121727,0.7276315093040466,-0.5347384214401245,0.971734344959259,0.1938515156507492,0.7444018721580505,0.15918362140655518,0.9999925494194031,0.1975986808538437,0.7771162986755371,0.21793751418590546,0.4996342658996582,0.1829482764005661,0.8032499551773071,0.2677322030067444,0.706071674823761,0.1969284564256668,0.7475006580352783,-0.1592603623867035,0.9999952912330627,0.20475158095359802,0.779732882976532,-0.15499630570411682,0.9931228756904602,0.20148803293704987,0.8230218887329102,-0.14387854933738708,0.9929733276367188,golo
shot_KS_48,4.731848239898682,0.20890438556671143,0.6793333888053894,-0.08387260138988495,0.9999552965164185,0.20205514132976532,0.6980440616607666,0.19200469553470612,0.9999268651008606,0.20071770250797272,0.7190307974815369,0.2786993086338043,0.2333344966173172,0.20964683592319489,0.7240241765975952,0.2538151144981384,0.400687575340271,0.19931824505329132,0.6997123956680298,-0.2575669586658478,0.9999658465385437,0.19885534048080444,0.7241518497467041,-0.3037091791629791,0.986741840839386,0.19896318018436432,0.7351627349853516,-0.27010273933410645,0.9721815586090088,0.19516174495220184,0.7457683086395264,0.1579502820968628,0.9999929070472717,0.1995968073606491,0.7784812450408936,0.185516819357872,0.5251181125640869,0.18383440375328064,0.8027706146240234,0.2248382419347763,0.7183910012245178,0.1962449997663498,0.7472250461578369,-0.15802514553070068,0.9999955296516418,0.2059965878725052,0.7787966132164001,-0.2070341855287552,0.9935765266418457,0.20172496140003204,0.8222259879112244,-0.22976231575012207,0.9934947490692139,golo
shot_KS_48,4.795198202133179,0.20945735275745392,0.680794894695282,-0.1563013792037964,0.9999596476554871,0.20210275053977966,0.6975051760673523,0.14820054173469543,0.9999338388442993,0.20104920864105225,0.7204689383506775,0.3325927257537842,0.24776406586170197,0.21101926267147064,0.7283583879470825,0.39008158445358276,0.4469245374202728,0.19991810619831085,0.699378490447998,-0.32451289892196655,0.9999691843986511,0.19854892790317535,0.722956120967865,-0.44234180450439453,0.9878053665161133,0.2009716033935547,0.7408315539360046,-0.513224720954895,0.9749083518981934,0.19491742551326752,0.7454313039779663,0.15789508819580078,0.9999924302101135,0.20089519023895264,0.7778074741363525,0.24314236640930176,0.5430631041526794,0.18477430939674377,0.8023191094398499,0.3514306843280792,0.7375678420066833,0.19609621167182922,0.7474746704101562,-0.15797367691993713,0.9999954700469971,0.2065410166978836,0.7795922756195068,-0.2211025059223175,0.9939348697662354,0.20171302556991577,0.8221059441566467,-0.1833302080631256,0.9940117597579956,golo
shot_KS_48,4.843100309371948,0.209925577044487,0.6806676983833313,-0.16265223920345306,0.999963641166687,0.20368871092796326,0.6974126100540161,0.14371350407600403,0.9999403357505798,0.2037712186574936,0.7202669978141785,0.31099969148635864,0.3001280128955841,0.21143609285354614,0.7334740161895752,0.3299984633922577,0.49873921275138855,0.20060445368289948,0.698158323764801,-0.32672029733657837,0.9999722242355347,0.19859269261360168,0.7230862379074097,-0.4678165018558502,0.9889912009239197,0.20184160768985748,0.7456468939781189,-0.5802149772644043,0.977414071559906,0.19504931569099426,0.7453953623771667,0.1574205458164215,0.999992847442627,0.20146457850933075,0.7774761319160461,0.24239973723888397,0.5830173492431641,0.18532048165798187,0.802047610282898,0.3730112910270691,0.7622655034065247,0.19631847739219666,0.7473904490470886,-0.15749573707580566,0.999995768070221,0.20690377056598663,0.7800442576408386,-0.22153930366039276,0.9945095181465149,0.20169812440872192,0.822315514087677,-0.1719135195016861,0.9945939183235168,golo
shot_KS_48,4.891372919082642,0.21039392054080963,0.6791490912437439,-0.18604861199855804,0.9999672174453735,0.20366404950618744,0.6981291770935059,0.1311751753091812,0.9999460577964783,0.2036733776330948,0.722194492816925,0.25705769658088684,0.32890793681144714,0.2106463462114334,0.7367495894432068,0.2142733335494995,0.5385041832923889,0.2011602520942688,0.6987230777740479,-0.35744377970695496,0.9999749660491943,0.19875453412532806,0.7254207730293274,-0.47045156359672546,0.9900411367416382,0.2020856887102127,0.7504754662513733,-0.5395539402961731,0.9796623587608337,0.1950490027666092,0.7452835440635681,0.16170910000801086,0.9999932050704956,0.20224188268184662,0.7769215703010559,0.28064653277397156,0.6123319268226624,0.18592877686023712,0.8019101023674011,0.42222023010253906,0.7825496792793274,0.19665369391441345,0.747459352016449,-0.16177086532115936,0.9999960660934448,0.20701788365840912,0.7803404331207275,-0.1718599498271942,0.9949758052825928,0.20173485577106476,0.8230720162391663,-0.09477502107620239,0.9950928092002869,golo
shot_KS_48,4.954035997390747,0.21144525706768036,0.6789966821670532,-0.21743977069854736,0.9999703764915466,0.2039361298084259,0.6988154649734497,0.10409975796937943,0.9999511241912842,0.20338568091392517,0.7243195176124573,0.21963141858577728,0.3206137716770172,0.21044699847698212,0.7394616007804871,0.15677987039089203,0.5502058863639832,0.20160843431949615,0.6993093490600586,-0.39156967401504517,0.9999774098396301,0.19886858761310577,0.7281748652458191,-0.49031445384025574,0.9909378886222839,0.20230524241924286,0.7530959844589233,-0.5375917553901672,0.9816733598709106,0.1951981782913208,0.745313286781311,0.16414368152618408,0.9999935030937195,0.20252229273319244,0.7765166163444519,0.30031871795654297,0.6270951628684998,0.18652792274951935,0.8019475340843201,0.4596986770629883,0.7985416650772095,0.19666221737861633,0.7477177381515503,-0.16418778896331787,0.9999963641166687,0.2070971131324768,0.780907928943634,-0.13739483058452606,0.9951947331428528,0.2018849402666092,0.8232617974281311,-0.024246959015727043,0.9954779744148254,golo
shot_KS_48,5.001342535018921,0.2122092992067337,0.6794612407684326,-0.2987373173236847,0.9999731183052063,0.20364777743816376,0.6992853283882141,0.031262051314115524,0.9999556541442871,0.20063519477844238,0.7257980108261108,0.12714922428131104,0.2943327724933624,0.20105135440826416,0.752510130405426,0.03730527311563492,0.5029305219650269,0.20186753571033478,0.7023317217826843,-0.46094128489494324,0.9999796748161316,0.19930203258991241,0.7312040328979492,-0.5546148419380188,0.9916602373123169,0.20245076715946198,0.7557340860366821,-0.5921109318733215,0.9834580421447754,0.19556507468223572,0.7451834678649902,0.16428473591804504,0.9999939203262329,0.20288430154323578,0.7760700583457947,0.3008594512939453,0.6212010383605957,0.18689166009426117,0.801934003829956,0.476939857006073,0.8077815175056458,0.19658787548542023,0.7477859854698181,-0.16433808207511902,0.9999966621398926,0.2068520337343216,0.7810150980949402,-0.13832388818264008,0.9949342012405396,0.20191526412963867,0.823301374912262,-0.020676448941230774,0.9957036375999451,golo
shot_KS_48,5.064732789993286,0.21255828440189362,0.6791062951087952,-0.3059084117412567,0.9999756813049316,0.20322036743164062,0.6982612013816833,0.004572039004415274,0.9999598860740662,0.19860413670539856,0.726630449295044,0.09796524047851562,0.27458032965660095,0.1992485374212265,0.7552474737167358,0.014930232428014278,0.4615631401538849,0.20246069133281708,0.7019002437591553,-0.4838572144508362,0.999981701374054,0.20007044076919556,0.7317221760749817,-0.5713451504707336,0.9923738837242126,0.2026083618402481,0.7570188045501709,-0.5912536978721619,0.9850727915763855,0.1954699456691742,0.7450276613235474,0.1635936051607132,0.9999943375587463,0.20266123116016388,0.7759956121444702,0.3066543638706207,0.6325408816337585,0.1872043013572693,0.8020358085632324,0.4860404133796692,0.8207324743270874,0.19685161113739014,0.7478757500648499,-0.16366110742092133,0.9999969601631165,0.20672349631786346,0.7811171412467957,-0.10241883993148804,0.9949400424957275,0.20189212262630463,0.8234845995903015,0.02774539403617382,0.9959808588027954,golo
shot_KS_6,0.26468753814697266,0.18889155983924866,0.6556847095489502,-0.2689003348350525,0.999885082244873,0.17856170237064362,0.670159101486206,0.03611503913998604,0.9999556541442871,0.17688323557376862,0.6924004554748535,0.18863676488399506,0.026686159893870354,0.17815323173999786,0.7131863832473755,0.14059774577617645,0.04168218746781349,0.18265552818775177,0.6727819442749023,-0.5010033249855042,0.999976396560669,0.18454883992671967,0.697829008102417,-0.5863563418388367,0.9729884266853333,0.19012311100959778,0.7221964001655579,-0.5566896200180054,0.797375500202179,0.17751656472682953,0.7218528985977173,0.17517931759357452,0.9999879598617554,0.17889735102653503,0.7504149675369263,0.546932578086853,0.4915711283683777,0.17638437449932098,0.7792138457298279,0.8677566647529602,0.7239682078361511,0.18185743689537048,0.7295339703559875,-0.17540143430233002,0.9999927282333374,0.18130607903003693,0.7537240386009216,0.16160139441490173,0.9033937454223633,0.17944611608982086,0.782735288143158,0.4746532142162323,0.9473888278007507,defesa
shot_KS_6,0.33302855491638184,0.18896083533763885,0.6556431651115417,-0.2999838888645172,0.9998762607574463,0.1797085851430893,0.6707643866539001,0.029964273795485497,0.9999549388885498,0.18036025762557983,0.6936081647872925,0.14609773457050323,0.026184817776083946,0.18264375627040863,0.713505208492279,0.05796580761671066,0.04282229766249657,0.18253286182880402,0.6727851033210754,-0.49911928176879883,0.9999766945838928,0.18450775742530823,0.6958308219909668,-0.5937255024909973,0.9732704758644104,0.18964020907878876,0.720414400100708,-0.6129561066627502,0.8048356771469116,0.17797251045703888,0.7158986926078796,0.17332682013511658,0.9999873042106628,0.1794581413269043,0.7502102851867676,0.3835291266441345,0.45856520533561707,0.1771126240491867,0.7797554731369019,0.565116822719574,0.7020838260650635,0.18193839490413666,0.7219974994659424,-0.1734784096479416,0.9999922513961792,0.18121781945228577,0.7528705596923828,-0.04733980819582939,0.8963223099708557,0.17945760488510132,0.7831414341926575,0.09823290258646011,0.9433370232582092,defesa
shot_KS_6,0.3966856002807617,0.18896761536598206,0.6556430459022522,-0.22390516102313995,0.9998845458030701,0.17976520955562592,0.6717386245727539,0.07283054292201996,0.9999556541442871,0.17833112180233002,0.6960525512695312,0.14691603183746338,0.027362238615751266,0.17652924358844757,0.7140684127807617,0.09187446534633636,0.04751340299844742,0.18253524601459503,0.6729514598846436,-0.4262358844280243,0.999978244304657,0.1840105950832367,0.6959736347198486,-0.5314134955406189,0.9756214022636414,0.18965046107769012,0.720429539680481,-0.5552309155464172,0.8228395581245422,0.17867796123027802,0.7161166071891785,0.16697576642036438,0.9999865293502808,0.17997975647449493,0.7486513257026672,0.33267587423324585,0.44594645500183105,0.1770741045475006,0.7797294855117798,0.472057580947876,0.6992999315261841,0.18225573003292084,0.7211349010467529,-0.1671331822872162,0.9999920725822449,0.18139518797397614,0.7517865300178528,-0.06966076791286469,0.9012576341629028,0.1795637607574463,0.7831537127494812,0.051661647856235504,0.9454058408737183,defesa
shot_KS_6,0.44458746910095215,0.18896391987800598,0.6558810472488403,-0.14501987397670746,0.999890923500061,0.17973649501800537,0.6723467707633972,0.13884617388248444,0.9999555349349976,0.17738300561904907,0.6970219612121582,0.2191702276468277,0.026964565739035606,0.17579026520252228,0.7142200469970703,0.13219086825847626,0.048014841973781586,0.18253767490386963,0.6730852723121643,-0.37311452627182007,0.9999798536300659,0.18395067751407623,0.6960559487342834,-0.48511022329330444,0.9778056740760803,0.18966658413410187,0.720506489276886,-0.5018249154090881,0.8394432067871094,0.17864225804805756,0.7136170864105225,0.16748356819152832,0.999985933303833,0.18038977682590485,0.7483147978782654,0.3080883324146271,0.42616432905197144,0.17713963985443115,0.7797191739082336,0.4206021726131439,0.6832009553909302,0.18233788013458252,0.7192346453666687,-0.16764850914478302,0.9999920725822449,0.18148936331272125,0.7507987022399902,-0.11020500212907791,0.9059222936630249,0.17948538064956665,0.7830967903137207,-0.047345273196697235,0.9469841122627258,defesa
shot_KS_6,0.5085122585296631,0.18902216851711273,0.6558798551559448,-0.2153734415769577,0.9998955130577087,0.1812942773103714,0.6733626127243042,0.10640318691730499,0.9999558925628662,0.17992952466011047,0.696568489074707,0.18842554092407227,0.026438845321536064,0.17580953240394592,0.7138872146606445,0.10016332566738129,0.04687569662928581,0.18211407959461212,0.6730798482894897,-0.4237074553966522,0.9999813437461853,0.18135003745555878,0.6948830485343933,-0.5298556089401245,0.9795973896980286,0.18903683125972748,0.7197819352149963,-0.6040765047073364,0.8530930876731873,0.18009276688098907,0.7146279811859131,0.16734829545021057,0.9999862313270569,0.18111233413219452,0.7481831908226013,0.33181706070899963,0.4015246629714966,0.17737150192260742,0.7795928120613098,0.49670031666755676,0.6663037538528442,0.18216408789157867,0.7190590500831604,-0.16747115552425385,0.9999923706054688,0.1815723031759262,0.7503021359443665,-0.1312376707792282,0.90838623046875,0.179479718208313,0.7830950021743774,-0.022485647350549698,0.947277307510376,defesa
shot_KS_6,0.5651304721832275,0.18902021646499634,0.65593022108078,-0.2092832326889038,0.9998968839645386,0.1811593621969223,0.6734876036643982,0.09840212017297745,0.9999523758888245,0.17989005148410797,0.6964143514633179,0.2007872313261032,0.025891302153468132,0.17800895869731903,0.7125316262245178,0.131844624876976,0.04459322988986969,0.18212980031967163,0.6732276082038879,-0.41003817319869995,0.9999825358390808,0.18417330086231232,0.6954603791236877,-0.5091453194618225,0.9813629388809204,0.1888149082660675,0.7196645736694336,-0.5431904792785645,0.8661932945251465,0.18008050322532654,0.7146618366241455,0.1660229116678238,0.9999860525131226,0.18153820931911469,0.7479708194732666,0.3330345153808594,0.3857164680957794,0.17794816195964813,0.7792398929595947,0.4969853460788727,0.659345805644989,0.18217313289642334,0.7184233665466309,-0.16613665223121643,0.9999926090240479,0.18186967074871063,0.7500602006912231,-0.07636124640703201,0.9127165079116821,0.17951670289039612,0.783051073551178,0.032494936138391495,0.949930727481842,defesa
shot_KS_6,0.6225643157958984,0.18901635706424713,0.6562774181365967,-0.180258646607399,0.9999026656150818,0.18098066747188568,0.6734025478363037,0.1128048375248909,0.9999492168426514,0.18025799095630646,0.6960191130638123,0.22906742990016937,0.025431903079152107,0.18142805993556976,0.7127351760864258,0.1790938824415207,0.04342866316437721,0.18258152902126312,0.6746199131011963,-0.3864879310131073,0.9999833703041077,0.1848376840353012,0.6973941922187805,-0.46560654044151306,0.9828624129295349,0.18888123333454132,0.7201856970787048,-0.44554394483566284,0.8778372406959534,0.17987333238124847,0.7161648273468018,0.16317500174045563,0.9999863505363464,0.18183963000774384,0.7477039694786072,0.3649611473083496,0.389283686876297,0.17827945947647095,0.778663694858551,0.539387047290802,0.6729428172111511,0.18217208981513977,0.719052255153656,-0.1633523553609848,0.9999929070472717,0.18196459114551544,0.749905526638031,-0.04037723317742348,0.9182423949241638,0.17949683964252472,0.7826610207557678,0.0854266807436943,0.9534806609153748,defesa
shot_KS_6,0.6849653720855713,0.18896935880184174,0.6563215851783752,-0.1737656146287918,0.9999066591262817,0.1810980886220932,0.6737151741981506,0.11426182836294174,0.9999427199363708,0.1799333542585373,0.695396900177002,0.24844706058502197,0.024461111053824425,0.1812329739332199,0.7124566435813904,0.2353241890668869,0.041272152215242386,0.18282844126224518,0.6757268309593201,-0.35969826579093933,0.999984085559845,0.18491072952747345,0.6997231841087341,-0.43263867497444153,0.98430335521698,0.18889008462429047,0.7217888832092285,-0.41609951853752136,0.8889618515968323,0.17983658611774445,0.7174325585365295,0.15555258095264435,0.9999865889549255,0.18217620253562927,0.7471774816513062,0.37506386637687683,0.3946351110935211,0.1785283386707306,0.7776793241500854,0.5591083765029907,0.6925721168518066,0.18218058347702026,0.7198496460914612,-0.15573208034038544,0.9999932050704956,0.18226741254329681,0.7497506737709045,-0.026719124987721443,0.9244258999824524,0.17966632544994354,0.7825640439987183,0.11844183504581451,0.9574806690216064,defesa
shot_KS_6,0.7440743446350098,0.1889813393354416,0.6564021110534668,-0.18284262716770172,0.9999113082885742,0.1811523735523224,0.6741056442260742,0.11011850833892822,0.9999392032623291,0.1797579973936081,0.695810854434967,0.23148153722286224,0.023610912263393402,0.18247093260288239,0.7144401669502258,0.19191400706768036,0.03922160342335701,0.1829468309879303,0.6765897274017334,-0.36100345849990845,0.9999851584434509,0.18495924770832062,0.7014563679695129,-0.4369530975818634,0.9857203960418701,0.18908965587615967,0.7237979173660278,-0.43354707956314087,0.8996410369873047,0.17996080219745636,0.718622624874115,0.1533016711473465,0.9999871253967285,0.18227149546146393,0.7466358542442322,0.3815615773200989,0.3998061418533325,0.17857520282268524,0.7774343490600586,0.5737990140914917,0.7134024500846863,0.18222938477993011,0.7203994989395142,-0.1534310281276703,0.9999936819076538,0.18261808156967163,0.7498047351837158,-0.05771312862634659,0.9313103556632996,0.17975540459156036,0.7823460102081299,0.05506110191345215,0.9614731073379517,defesa
shot_KS_6,0.8053743839263916,0.18899346888065338,0.656440019607544,-0.14040955901145935,0.9999192953109741,0.18027082085609436,0.6741241812705994,0.1110035702586174,0.9999407529830933,0.17741309106349945,0.6963975429534912,0.22225332260131836,0.02382488362491131,0.17991052567958832,0.7177397012710571,0.17889092862606049,0.03739411383867264,0.18410885334014893,0.6779825687408447,-0.3242560029029846,0.999986469745636,0.18572546541690826,0.7031645178794861,-0.3788225054740906,0.9870988130569458,0.18957115709781647,0.7251750230789185,-0.3539409339427948,0.9095165729522705,0.17927561700344086,0.7195695042610168,0.14377863705158234,0.999987781047821,0.1821502149105072,0.7467610836029053,0.3586532771587372,0.4198838174343109,0.17857792973518372,0.7772498726844788,0.5368502140045166,0.732898473739624,0.18239982426166534,0.7206049561500549,-0.14390502870082855,0.999994158744812,0.1830471158027649,0.7498903870582581,-0.0019858120940625668,0.9375619292259216,0.18008482456207275,0.7823832035064697,0.09971652925014496,0.9650458097457886,defesa
shot_KS_6,0.8655006885528564,0.1890520453453064,0.6565052270889282,-0.12778501212596893,0.9999270439147949,0.17917442321777344,0.6740922331809998,0.10442698001861572,0.9999443292617798,0.17586196959018707,0.696476399898529,0.19769398868083954,0.025021592155098915,0.17742003500461578,0.7169520854949951,0.17287509143352509,0.0362711064517498,0.18475441634655,0.6789042353630066,-0.3152328431606293,0.9999877214431763,0.18594887852668762,0.7048808336257935,-0.35783904790878296,0.9883632063865662,0.1896645873785019,0.7261446118354797,-0.3263845443725586,0.9184924364089966,0.1785157471895218,0.7197448015213013,0.13500185310840607,0.9999884366989136,0.1821344643831253,0.7467939853668213,0.33974066376686096,0.44312360882759094,0.17858745157718658,0.7768887281417847,0.5120679140090942,0.7505523562431335,0.18244871497154236,0.7207712531089783,-0.13513065874576569,0.9999946355819702,0.18331444263458252,0.7501201629638672,0.014393397606909275,0.9433122277259827,0.18039003014564514,0.7823845744132996,0.13052277266979218,0.9682486653327942,defesa
shot_KS_6,0.92875075340271,0.18913663923740387,0.656536340713501,-0.14580175280570984,0.9999341368675232,0.17904089391231537,0.6741713285446167,0.07378602027893066,0.9999474287033081,0.1754610687494278,0.6963655948638916,0.16904938220977783,0.025976845994591713,0.1771777719259262,0.7157574892044067,0.15010474622249603,0.03478236868977547,0.18507002294063568,0.6791974902153015,-0.32333558797836304,0.999988853931427,0.18581850826740265,0.7049024105072021,-0.36197414994239807,0.989503800868988,0.1896415799856186,0.7260134220123291,-0.3324875831604004,0.9265696406364441,0.17812861502170563,0.7197062373161316,0.12979012727737427,0.9999891519546509,0.1820496767759323,0.7468051910400391,0.3337234556674957,0.4686118960380554,0.17883174121379852,0.7766432762145996,0.518285870552063,0.7663882374763489,0.18244504928588867,0.7209775447845459,-0.12988969683647156,0.9999951124191284,0.1834046095609665,0.7502859830856323,0.02322400175035,0.9485681653022766,0.18056952953338623,0.7823948264122009,0.15673644840717316,0.9711235761642456,defesa
shot_KS_6,0.9845011234283447,0.18935070931911469,0.6565614938735962,-0.12767483294010162,0.9999405145645142,0.17907950282096863,0.6741560697555542,0.07659358531236649,0.9999485015869141,0.17523853480815887,0.6963304281234741,0.18229623138904572,0.02596776932477951,0.1774986833333969,0.7133342623710632,0.16967104375362396,0.033082712441682816,0.18531090021133423,0.6791219115257263,-0.30498841404914856,0.9999898672103882,0.18573026359081268,0.7044408321380615,-0.3422705829143524,0.990531325340271,0.18941499292850494,0.7256171107292175,-0.3087901175022125,0.9338332414627075,0.1781749129295349,0.719660758972168,0.1287461817264557,0.9999896883964539,0.18223026394844055,0.7472561001777649,0.3039237856864929,0.48820528388023376,0.17901061475276947,0.7767074704170227,0.46949633955955505,0.7783848643302917,0.18248891830444336,0.7211304903030396,-0.12885375320911407,0.9999954700469971,0.1834670752286911,0.750436007976532,0.018165038898587227,0.9532018303871155,0.18067391216754913,0.7830253839492798,0.15391142666339874,0.9736297130584717,defesa
shot_KS_6,1.0324137210845947,0.18957488238811493,0.656647264957428,-0.1360853910446167,0.9999459385871887,0.17946487665176392,0.6741248965263367,0.07369924336671829,0.9999490976333618,0.1757066249847412,0.6962611079216003,0.1742973029613495,0.025496765971183777,0.17897307872772217,0.7141058444976807,0.14766518771648407,0.031277745962142944,0.185150608420372,0.6788288950920105,-0.3225967288017273,0.9999907612800598,0.18511810898780823,0.704143226146698,-0.3594513535499573,0.9914519190788269,0.18882735073566437,0.7253744006156921,-0.32926732301712036,0.9403567910194397,0.17855237424373627,0.7193816900253296,0.12998995184898376,0.9999900460243225,0.18257954716682434,0.7477185130119324,0.31239309906959534,0.49813738465309143,0.17950324714183807,0.7767184972763062,0.48943713307380676,0.7870563268661499,0.1824336051940918,0.7210935354232788,-0.13008242845535278,0.999995768070221,0.18357926607131958,0.750468909740448,0.03337407857179642,0.9572191834449768,0.1808539628982544,0.7829834818840027,0.1757950782775879,0.9758631587028503,defesa
shot_KS_6,1.0956273078918457,0.18983490765094757,0.6566518545150757,-0.17744550108909607,0.9999508261680603,0.179839089512825,0.6741108894348145,0.06895457208156586,0.9999485015869141,0.17594672739505768,0.6962206363677979,0.17275644838809967,0.02435234561562538,0.17925579845905304,0.7151596546173096,0.14418968558311462,0.029424555599689484,0.185045525431633,0.6786080002784729,-0.3296910226345062,0.9999915361404419,0.18454594910144806,0.7037862539291382,-0.3675418198108673,0.9922725558280945,0.18802236020565033,0.7252610921859741,-0.34132149815559387,0.9462099671363831,0.17874287068843842,0.7187430262565613,0.13046635687351227,0.9999900460243225,0.1828385591506958,0.7477025389671326,0.29851916432380676,0.5021988153457642,0.17990727722644806,0.7767699956893921,0.4545955955982208,0.7949410080909729,0.1820461004972458,0.7204838991165161,-0.13055174052715302,0.9999960064888,0.18362975120544434,0.7502820491790771,0.023425403982400894,0.9607325792312622,0.18100784718990326,0.7827224135398865,0.15963444113731384,0.9778475761413574,defesa
shot_KS_6,1.1426427364349365,0.19001750648021698,0.6565825939178467,-0.17659339308738708,0.9999552369117737,0.18024760484695435,0.6739954948425293,0.08514334261417389,0.9999480247497559,0.17595435678958893,0.6956088542938232,0.1845950186252594,0.023339932784438133,0.1787700653076172,0.7139357328414917,0.14498592913150787,0.028129037469625473,0.18490280210971832,0.6781527996063232,-0.32543542981147766,0.9999922513961792,0.18366089463233948,0.7033259868621826,-0.3736332952976227,0.993005633354187,0.18713633716106415,0.7240759134292603,-0.3545524775981903,0.9514443874359131,0.17884062230587006,0.7179266214370728,0.1328924000263214,0.9999901056289673,0.1829000562429428,0.7475019693374634,0.28093987703323364,0.5028342008590698,0.18009860813617706,0.7768067717552185,0.4137938320636749,0.8004483580589294,0.18180762231349945,0.7195533514022827,-0.13299840688705444,0.9999961853027344,0.18365998566150665,0.7498064041137695,-0.02614520490169525,0.9639405012130737,0.1810459941625595,0.7826629281044006,0.06303393095731735,0.979555070400238,defesa
shot_KS_6,1.2100422382354736,0.19024597108364105,0.6565017700195312,-0.21191072463989258,0.9999582767486572,0.18153876066207886,0.6740401387214661,0.05255291238427162,0.9999483227729797,0.18036915361881256,0.6978822350502014,0.14987337589263916,0.02295503206551075,0.1804206520318985,0.713620126247406,0.10563552379608154,0.02694719471037388,0.18344102799892426,0.677412211894989,-0.33607426285743713,0.999992847442627,0.18232305347919464,0.7032191753387451,-0.38300687074661255,0.9936552047729492,0.1866304874420166,0.723802924156189,-0.36136382818222046,0.9560976624488831,0.17966075241565704,0.7175759077072144,0.13132116198539734,0.9999902248382568,0.18319286406040192,0.7474576234817505,0.28277379274368286,0.5003921389579773,0.18019190430641174,0.7768428921699524,0.4304770529270172,0.8072277307510376,0.18125537037849426,0.7191646099090576,-0.13137729465961456,0.9999963641166687,0.1839563250541687,0.7497866153717041,-0.02404048666357994,0.9667370915412903,0.18109141290187836,0.7825830578804016,0.08333127945661545,0.9811607599258423,defesa
shot_KS_6,1.2655129432678223,0.1903625875711441,0.6564990282058716,-0.22248314321041107,0.9999617338180542,0.18234677612781525,0.6741567850112915,0.05163910239934921,0.9999513030052185,0.18163345754146576,0.6987797021865845,0.14496643841266632,0.02513457089662552,0.18251846730709076,0.7142525315284729,0.08383351564407349,0.03239387273788452,0.18296362459659576,0.6770961284637451,-0.3380311131477356,0.9999933838844299,0.1814730018377304,0.70278000831604,-0.38508835434913635,0.9942253828048706,0.1863008737564087,0.7225279211997986,-0.3873941898345947,0.9603303074836731,0.18017150461673737,0.7162882685661316,0.13148266077041626,0.9999901056289673,0.1835063099861145,0.7465204000473022,0.24932415783405304,0.4974745213985443,0.18050505220890045,0.776989221572876,0.3688947260379791,0.8120000958442688,0.1809161752462387,0.7178509831428528,-0.13153918087482452,0.9999963641166687,0.18424098193645477,0.7484961152076721,-0.08604948222637177,0.9691810011863708,0.18119561672210693,0.7821827530860901,-0.006881990935653448,0.98238605260849,defesa
shot_KS_6,1.317126750946045,0.19038410484790802,0.6567305326461792,-0.2336721569299698,0.999962568283081,0.18353937566280365,0.6748313903808594,0.052446965128183365,0.9999536275863647,0.18306565284729004,0.6999730467796326,0.1295422911643982,0.027301182970404625,0.1840766817331314,0.7174200415611267,0.042110346257686615,0.03569324314594269,0.18221059441566467,0.6765244603157043,-0.3438222110271454,0.9999935030937195,0.18095406889915466,0.7015067934989929,-0.4226362109184265,0.9943889379501343,0.18582305312156677,0.7209718823432922,-0.4551682770252228,0.9628180861473083,0.18094082176685333,0.7164592146873474,0.1325223594903946,0.9999896883964539,0.18405620753765106,0.7463154196739197,0.25763410329818726,0.47233670949935913,0.18056100606918335,0.7772586941719055,0.38388076424598694,0.8001514077186584,0.18094231188297272,0.7181945443153381,-0.13258801400661469,0.9999961256980896,0.18500079214572906,0.7481313943862915,-0.15289005637168884,0.9703219532966614,0.18119128048419952,0.781527042388916,-0.08712305128574371,0.9825233221054077,defesa
shot_KS_6,1.3804998397827148,0.19053275883197784,0.6569874882698059,-0.22035488486289978,0.9999609589576721,0.18384915590286255,0.6756206750869751,0.07300245761871338,0.9999535083770752,0.18333372473716736,0.6997271180152893,0.14579547941684723,0.02842625603079796,0.18369857966899872,0.7169200778007507,0.05404505133628845,0.037183355540037155,0.1821887046098709,0.676304817199707,-0.3211250305175781,0.9999934434890747,0.1806839257478714,0.7007583379745483,-0.40009886026382446,0.9946597814559937,0.18554839491844177,0.7203547358512878,-0.4222021996974945,0.9651602506637573,0.1812446415424347,0.7176213264465332,0.1308193802833557,0.9999895095825195,0.18500201404094696,0.7467411160469055,0.19644534587860107,0.46823570132255554,0.18079251050949097,0.7783718705177307,0.29029303789138794,0.8005486130714417,0.18098674714565277,0.7183062434196472,-0.13086718320846558,0.9999959468841553,0.18572500348091125,0.7483115196228027,-0.13722357153892517,0.9715063571929932,0.18118058145046234,0.7813297510147095,-0.06803421676158905,0.9830231666564941,defesa
shot_KS_6,1.4280567169189453,0.19069857895374298,0.6573308706283569,-0.21495738625526428,0.9999611377716064,0.18419396877288818,0.6757090091705322,0.08172323554754257,0.9999529123306274,0.18305787444114685,0.6995198130607605,0.15253464877605438,0.03085147961974144,0.18332432210445404,0.7166476249694824,0.06091687083244324,0.040373776108026505,0.18230882287025452,0.6761216521263123,-0.3193773925304413,0.9999933242797852,0.1807870715856552,0.7014567255973816,-0.40256839990615845,0.9949160814285278,0.1849854737520218,0.720507800579071,-0.43558478355407715,0.9668086767196655,0.1815495789051056,0.7181679606437683,0.12934757769107819,0.9999896287918091,0.18552105128765106,0.7471945881843567,0.10065436363220215,0.4873349070549011,0.18107448518276215,0.7795363664627075,0.1543513983488083,0.8099551200866699,0.18068869411945343,0.7185510993003845,-0.12941059470176697,0.9999958872795105,0.1860417276620865,0.7483646869659424,-0.1787397414445877,0.9732546210289001,0.18115897476673126,0.7813208699226379,-0.1420099437236786,0.9841116070747375,defesa
shot_KS_6,1.5012214183807373,0.19085009396076202,0.6577804088592529,-0.22232463955879211,0.9999640583992004,0.18404655158519745,0.6756269335746765,0.09274712949991226,0.9999525547027588,0.18276993930339813,0.6992780566215515,0.16073481738567352,0.030781682580709457,0.18288512527942657,0.715545117855072,0.06979340314865112,0.04034639149904251,0.18240667879581451,0.6760345697402954,-0.322701632976532,0.9999934434890747,0.18077977001667023,0.7014691233634949,-0.4101906418800354,0.9951658248901367,0.18460693955421448,0.7199904918670654,-0.4427211880683899,0.968288242816925,0.18129611015319824,0.7186015248298645,0.13182589411735535,0.999989926815033,0.18510515987873077,0.747614860534668,0.17271623015403748,0.5086092352867126,0.18099699914455414,0.7795243263244629,0.2531176507472992,0.822590708732605,0.18075302243232727,0.7188037633895874,-0.13191065192222595,0.9999960064888,0.18696387112140656,0.7484424710273743,-0.15798982977867126,0.9754500985145569,0.18164031207561493,0.7812844514846802,-0.12201770395040512,0.9854409098625183,defesa
shot_KS_6,1.5520877838134766,0.19134928286075592,0.6579233407974243,-0.193987175822258,0.9999672770500183,0.18372361361980438,0.6755726337432861,0.10200399160385132,0.9999533295631409,0.17825590074062347,0.6937034726142883,0.2012118399143219,0.02972770668566227,0.18042929470539093,0.7136965394020081,0.15407125651836395,0.03917098045349121,0.18299299478530884,0.6768719553947449,-0.32404273748397827,0.9999939203262329,0.18072177469730377,0.701173722743988,-0.41745105385780334,0.9955960512161255,0.185032919049263,0.722342312335968,-0.43578797578811646,0.9712585806846619,0.18110334873199463,0.7187491059303284,0.13996444642543793,0.9999900460243225,0.18496349453926086,0.7478463649749756,0.23415754735469818,0.519323468208313,0.18078212440013885,0.7794435024261475,0.307232141494751,0.8313614130020142,0.18142376840114594,0.7195844650268555,-0.14005252718925476,0.9999961853027344,0.18906362354755402,0.7484953999519348,-0.12289924174547195,0.9775204658508301,0.1818467527627945,0.781304121017456,-0.06497720628976822,0.9866005778312683,defesa
shot_KS_6,1.6154682636260986,0.1917426437139511,0.6581517457962036,-0.19507059454917908,0.9999701380729675,0.18367750942707062,0.6755365133285522,0.09631123393774033,0.99995356798172,0.17751283943653107,0.6929551362991333,0.1919512003660202,0.028621049597859383,0.1801121085882187,0.7137984037399292,0.13826747238636017,0.03731284290552139,0.18354299664497375,0.677823543548584,-0.33485016226768494,0.9999943375587463,0.18064740300178528,0.7013660073280334,-0.4217841625213623,0.9959936738014221,0.18525974452495575,0.7235709428787231,-0.4338624179363251,0.973911464214325,0.18068575859069824,0.7193325161933899,0.14248375594615936,0.9999902248382568,0.1840818077325821,0.7481712698936462,0.28755301237106323,0.5320334434509277,0.18045419454574585,0.7794893980026245,0.41461047530174255,0.8418683409690857,0.1818377524614334,0.7208861708641052,-0.1425582617521286,0.9999963641166687,0.19099529087543488,0.7485142350196838,-0.11637483537197113,0.9795213937759399,0.1823359727859497,0.7813161611557007,-0.045472003519535065,0.9876837730407715,defesa
shot_KS_6,1.6659295558929443,0.19197319447994232,0.6584599614143372,-0.2054758369922638,0.9999725818634033,0.18408949673175812,0.6757591962814331,0.093260757625103,0.9999536275863647,0.17761260271072388,0.6936305165290833,0.1902572065591812,0.02807672880589962,0.18012911081314087,0.7167419195175171,0.11676044017076492,0.03602295741438866,0.18385697901248932,0.6780293583869934,-0.34725239872932434,0.999994695186615,0.1803944855928421,0.7016122341156006,-0.4282152056694031,0.9963573813438416,0.18532569706439972,0.7240605354309082,-0.43855544924736023,0.9763590097427368,0.1805778592824936,0.7197088599205017,0.14483390748500824,0.9999902844429016,0.1840546578168869,0.748660683631897,0.29126110672950745,0.5472843050956726,0.18031612038612366,0.7800486087799072,0.41721439361572266,0.8529075384140015,0.18199127912521362,0.7215866446495056,-0.1448986828327179,0.9999964833259583,0.19168105721473694,0.748560905456543,-0.12387958914041519,0.9813638925552368,0.1832215040922165,0.781541109085083,-0.039226412773132324,0.9887098670005798,defesa
shot_KS_6,1.7266180515289307,0.192177876830101,0.6589425802230835,-0.2387785017490387,0.9999749660491943,0.18422500789165497,0.6759393215179443,0.07994379848241806,0.9999536871910095,0.17784646153450012,0.6939358711242676,0.16436442732810974,0.026836028322577477,0.1802961677312851,0.717856764793396,0.08162689954042435,0.0340496189892292,0.18389953672885895,0.6786079406738281,-0.35320189595222473,0.9999949932098389,0.18029528856277466,0.7022160887718201,-0.43355241417884827,0.9966177344322205,0.1853548288345337,0.7244170308113098,-0.4511103928089142,0.9782653450965881,0.18055184185504913,0.7199023365974426,0.1443520039319992,0.9999902844429016,0.1840323656797409,0.7488515377044678,0.2907092869281769,0.5534217953681946,0.18017254769802094,0.7807162404060364,0.4196298122406006,0.8597652316093445,0.18221622705459595,0.722088098526001,-0.14441564679145813,0.9999966025352478,0.1918039470911026,0.7487444281578064,-0.12968550622463226,0.9828588962554932,0.1839352697134018,0.7824147939682007,-0.05609217658638954,0.9895222187042236,defesa
shot_KS_6,1.7905113697052002,0.19248978793621063,0.6588701605796814,-0.22655494511127472,0.9999765753746033,0.18427880108356476,0.6760222911834717,0.07689660787582397,0.999954879283905,0.17840053141117096,0.699917197227478,0.15899169445037842,0.02680041454732418,0.1808781623840332,0.718742847442627,0.07897625118494034,0.03346957266330719,0.1838836818933487,0.6784878969192505,-0.3569337725639343,0.9999952912330627,0.18022118508815765,0.702206552028656,-0.43648719787597656,0.996853768825531,0.18543966114521027,0.7244077324867249,-0.4522157311439514,0.9800455570220947,0.18055711686611176,0.7198392748832703,0.14480173587799072,0.9999906420707703,0.18406490981578827,0.7488352656364441,0.32163602113723755,0.5643200278282166,0.18007484078407288,0.7805418968200684,0.4906502664089203,0.8678703904151917,0.18240080773830414,0.7220171093940735,-0.1448485404253006,0.9999967813491821,0.19153055548667908,0.7487647533416748,-0.13081683218479156,0.9843780994415283,0.18459804356098175,0.783143937587738,-0.047609031200408936,0.990388810634613,defesa
shot_KS_6,1.860334873199463,0.19250619411468506,0.6589062213897705,-0.24046067893505096,0.9999779462814331,0.1848510354757309,0.6760771870613098,0.06027684360742569,0.9999560713768005,0.1798374503850937,0.7013062834739685,0.1437966674566269,0.02714509516954422,0.18168677389621735,0.7192584276199341,0.06394176185131073,0.033227235078811646,0.18391896784305573,0.6784951686859131,-0.3655814826488495,0.9999955892562866,0.18031446635723114,0.7023434042930603,-0.43879368901252747,0.9970852732658386,0.1858261525630951,0.724321722984314,-0.45523136854171753,0.9818153381347656,0.18081416189670563,0.7198274731636047,0.14431750774383545,0.9999910593032837,0.1840696632862091,0.7488462328910828,0.3435063660144806,0.5845763683319092,0.17984230816364288,0.7804335355758667,0.5318306088447571,0.8777510523796082,0.18268275260925293,0.722173810005188,-0.1443708837032318,0.9999969601631165,0.19120745360851288,0.7503275275230408,-0.12514664232730865,0.9858368635177612,0.1859225034713745,0.784112811088562,-0.02458597533404827,0.9912524819374084,defesa
shot_KS_6,1.9240083694458008,0.19266365468502045,0.6588956117630005,-0.23333536088466644,0.9999793767929077,0.18514816462993622,0.6764047145843506,0.06607750058174133,0.9999579787254333,0.18077196180820465,0.7027023434638977,0.14641906321048737,0.027349071577191353,0.18262805044651031,0.7187681198120117,0.05391055718064308,0.03328023478388786,0.18398064374923706,0.6786452531814575,-0.3599361479282379,0.9999958872795105,0.18034760653972626,0.7027519345283508,-0.43489503860473633,0.9972637295722961,0.18649421632289886,0.7242434620857239,-0.45011281967163086,0.9834381341934204,0.18103636801242828,0.7199304699897766,0.1443132907152176,0.9999912977218628,0.1843636929988861,0.7489055395126343,0.3399939239025116,0.5867359042167664,0.17977149784564972,0.7803599834442139,0.5191461443901062,0.8827012181282043,0.18295907974243164,0.7222781181335449,-0.14435137808322906,0.999997079372406,0.19096608459949493,0.7509868741035461,-0.1225026473402977,0.9870753288269043,0.1871410310268402,0.7858213186264038,-0.03951159864664078,0.9919964671134949,defesa
shot_KS_6,1.971771240234375,0.19254840910434723,0.6594489812850952,-0.22940300405025482,0.9999809861183167,0.1850697547197342,0.6763858795166016,0.06949160993099213,0.9999597668647766,0.18173104524612427,0.7026615738868713,0.15101157128810883,0.028186794370412827,0.18298518657684326,0.7193540334701538,0.06672506779432297,0.034562960267066956,0.18415303528308868,0.6788375973701477,-0.3421694338321686,0.9999961853027344,0.18051694333553314,0.7030138373374939,-0.4119431972503662,0.9974496960639954,0.18715839087963104,0.7242333889007568,-0.43353766202926636,0.9849022626876831,0.18143291771411896,0.7200979590415955,0.14394965767860413,0.9999916553497314,0.18466685712337494,0.7489874362945557,0.3503704369068146,0.5994948744773865,0.17977362871170044,0.780280590057373,0.533277153968811,0.8905090689659119,0.18316052854061127,0.7226295471191406,-0.14397141337394714,0.9999972581863403,0.19077983498573303,0.7514781951904297,-0.1213458776473999,0.9882915616035461,0.18736767768859863,0.7868061065673828,-0.04420170560479164,0.9927387833595276,defesa
shot_KS_6,2.035135269165039,0.19259516894817352,0.6593808531761169,-0.1770259141921997,0.9999820590019226,0.18493162095546722,0.6763795614242554,0.10313147306442261,0.9999604821205139,0.18040233850479126,0.6972241401672363,0.18913507461547852,0.027710815891623497,0.18279533088207245,0.7154019474983215,0.1154748946428299,0.03445109352469444,0.18429876863956451,0.6789317727088928,-0.3181379735469818,0.9999963641166687,0.18086154758930206,0.7029901742935181,-0.38380303978919983,0.9975962042808533,0.18762139976024628,0.7231104969978333,-0.3866109848022461,0.9861266016960144,0.18158884346485138,0.7207195162773132,0.14376480877399445,0.999991774559021,0.18496201932430267,0.7493125796318054,0.3292708992958069,0.5986105799674988,0.17977918684482574,0.7802598476409912,0.49251022934913635,0.8936949968338013,0.18337661027908325,0.7233366966247559,-0.14378949999809265,0.9999973773956299,0.19060805439949036,0.7529498338699341,-0.09457343816757202,0.9892133474349976,0.18667936325073242,0.7877691388130188,-0.012966291047632694,0.993297278881073,defesa
shot_KS_6,2.0983853340148926,0.19267942011356354,0.6594107151031494,-0.1838253289461136,0.9999817609786987,0.1859494000673294,0.6772900819778442,0.10411311686038971,0.999958872795105,0.18241186439990997,0.7007489800453186,0.1820441633462906,0.027076581493020058,0.18378718197345734,0.7157131433486938,0.07411391288042068,0.03370346873998642,0.18453140556812286,0.678885817527771,-0.3152386248111725,0.9999964833259583,0.18144376575946808,0.7029600739479065,-0.37435832619667053,0.9977318048477173,0.1883457750082016,0.7223186492919922,-0.37612393498420715,0.9873077869415283,0.18215535581111908,0.7210562229156494,0.14246566593647003,0.999991774559021,0.1853904128074646,0.7498459219932556,0.32114729285240173,0.6021413803100586,0.17979612946510315,0.7802294492721558,0.48017939925193787,0.897974967956543,0.18364287912845612,0.7233914136886597,-0.14248143136501312,0.9999974370002747,0.1905919909477234,0.7535226941108704,-0.0991334542632103,0.9900960326194763,0.18648405373096466,0.7875872850418091,-0.017424432560801506,0.9938296675682068,defesa
shot_KS_6,2.146005868911743,0.19285720586776733,0.6595852375030518,-0.19508850574493408,0.9999799728393555,0.1872529238462448,0.6781043410301208,0.09860659390687943,0.9999591708183289,0.18366281688213348,0.7008135914802551,0.15259702503681183,0.031438834965229034,0.18774065375328064,0.7141131162643433,0.007092077750712633,0.04415002465248108,0.1845022737979889,0.6788630485534668,-0.32103511691093445,0.9999961256980896,0.1815805286169052,0.7031713724136353,-0.3873897194862366,0.9976345300674438,0.18877869844436646,0.7188311815261841,-0.3878876268863678,0.9879700541496277,0.18311654031276703,0.721141517162323,0.1419064700603485,0.9999907612800598,0.18589666485786438,0.7505292296409607,0.2911219596862793,0.5867133736610413,0.17980319261550903,0.7802726626396179,0.43842458724975586,0.8937380909919739,0.18374507129192352,0.7232751250267029,-0.14190571010112762,0.9999969601631165,0.19055794179439545,0.7536085247993469,-0.13982868194580078,0.9905014634132385,0.1862381249666214,0.7873476147651672,-0.05614756420254707,0.9939610958099365,defesa
shot_KS_6,2.209507942199707,0.19303369522094727,0.6600661873817444,-0.1896638721227646,0.9999778866767883,0.18727993965148926,0.6780790090560913,0.10279645770788193,0.9999573826789856,0.18327736854553223,0.7007466554641724,0.15550808608531952,0.03082122467458248,0.18639922142028809,0.7142953276634216,0.029801111668348312,0.044478561729192734,0.18450787663459778,0.6790419816970825,-0.3071797788143158,0.9999959468841553,0.1818646937608719,0.7033874988555908,-0.3657410740852356,0.9976224899291992,0.19023291766643524,0.717353343963623,-0.3724129796028137,0.9888696670532227,0.18317954242229462,0.721510112285614,0.1404174417257309,0.9999896883964539,0.1861712485551834,0.7508676648139954,0.295043021440506,0.5790392160415649,0.1798044741153717,0.7804381847381592,0.43976113200187683,0.8942587375640869,0.18386967480182648,0.7233639359474182,-0.14041975140571594,0.9999966621398926,0.19045498967170715,0.7536855936050415,-0.1343577802181244,0.9911101460456848,0.18620292842388153,0.787348747253418,-0.06358467787504196,0.9943161010742188,defesa
shot_KS_6,2.266052007675171,0.19330300390720367,0.6602913737297058,-0.1902473419904709,0.9999729990959167,0.18730640411376953,0.6782462000846863,0.10127834975719452,0.9999533891677856,0.18391020596027374,0.7013256549835205,0.1507306545972824,0.03160982206463814,0.18852846324443817,0.714079737663269,0.01770605333149433,0.045676346868276596,0.18458975851535797,0.6791054010391235,-0.3142290413379669,0.9999956488609314,0.18242838978767395,0.704073429107666,-0.37810802459716797,0.9977014660835266,0.19234713912010193,0.7170153856277466,-0.38915306329727173,0.9897729754447937,0.18315966427326202,0.7217463850975037,0.13982009887695312,0.9999882578849792,0.1865246593952179,0.7509387731552124,0.2969704270362854,0.5753583908081055,0.17983780801296234,0.7805285453796387,0.44463926553726196,0.8947259187698364,0.18399177491664886,0.7233940362930298,-0.1398152858018875,0.9999962449073792,0.19038672745227814,0.7535108327865601,-0.1312488466501236,0.9916456341743469,0.1861526370048523,0.7872364521026611,-0.05443459749221802,0.9945672154426575,defesa
shot_KS_6,2.320322036743164,0.1934218406677246,0.6614610552787781,-0.19311001896858215,0.9999730587005615,0.18712015450000763,0.6782877445220947,0.10035139322280884,0.9999523162841797,0.1834525316953659,0.7015494108200073,0.15112467110157013,0.03007420338690281,0.18700553476810455,0.7199731469154358,0.03604181855916977,0.04351557046175003,0.18461261689662933,0.6793472170829773,-0.3176506459712982,0.999995768070221,0.18293534219264984,0.7046276926994324,-0.3784392476081848,0.9978396892547607,0.19423523545265198,0.7156314849853516,-0.3965340256690979,0.9907021522521973,0.18308229744434357,0.721703827381134,0.1398697793483734,0.9999878406524658,0.18665125966072083,0.7507179379463196,0.3191930651664734,0.5739448070526123,0.17979909479618073,0.7799714803695679,0.4815118908882141,0.8959240913391113,0.18410484492778778,0.7234086990356445,-0.13986489176750183,0.9999962449073792,0.1909567266702652,0.7534917593002319,-0.1473706066608429,0.9923161268234253,0.18671584129333496,0.787594199180603,-0.08615343272686005,0.9949535727500916,defesa
shot_KS_6,2.3915843963623047,0.19361130893230438,0.6620306968688965,-0.20403388142585754,0.9999748468399048,0.18680191040039062,0.6782386898994446,0.09957529604434967,0.9999538064002991,0.18192844092845917,0.7029895186424255,0.16146577894687653,0.028992634266614914,0.18673169612884521,0.719588041305542,0.05894608423113823,0.04410474747419357,0.18541938066482544,0.6802571415901184,-0.33430394530296326,0.9999959468841553,0.18417082726955414,0.7052547335624695,-0.4106366038322449,0.9979703426361084,0.19574126601219177,0.7137700319290161,-0.4222416877746582,0.9915661811828613,0.18295834958553314,0.7216449975967407,0.14223037660121918,0.9999878406524658,0.18672369420528412,0.7504133582115173,0.3256095349788666,0.5827531814575195,0.17978191375732422,0.7792614698410034,0.49271780252456665,0.9004069566726685,0.18423648178577423,0.7235729098320007,-0.142246276140213,0.9999963045120239,0.19157208502292633,0.7536205649375916,-0.14725105464458466,0.9929846525192261,0.18712754547595978,0.7879058718681335,-0.08255156129598618,0.9953619241714478,defesa
shot_KS_6,2.4471986293792725,0.1938811093568802,0.6620962619781494,-0.21142074465751648,0.9999765753746033,0.18629568815231323,0.6781657934188843,0.0707322508096695,0.9999561905860901,0.18194736540317535,0.7018083333969116,0.230759859085083,0.029038257896900177,0.18693237006664276,0.7147032618522644,0.2798820734024048,0.046926118433475494,0.18661488592624664,0.6812421679496765,-0.350625604391098,0.9999960660934448,0.18551331758499146,0.7071595788002014,-0.4074987471103668,0.9979571104049683,0.19700631499290466,0.7118269205093384,-0.376075804233551,0.9922719597816467,0.18280838429927826,0.7217050790786743,0.1426626294851303,0.9999874234199524,0.18674761056900024,0.7503889203071594,0.35059213638305664,0.5822660326957703,0.17977406084537506,0.7786408066749573,0.5226924419403076,0.9042738080024719,0.18441718816757202,0.7239932417869568,-0.14269746840000153,0.9999961853027344,0.1918642818927765,0.7539488673210144,-0.15956756472587585,0.9935625195503235,0.18734918534755707,0.7881792187690735,-0.0977674350142479,0.9957064390182495,defesa
shot_KS_6,2.4946930408477783,0.19422300159931183,0.662326991558075,-0.17096363008022308,0.9999775886535645,0.18578974902629852,0.6781594753265381,0.08530350029468536,0.9999583959579468,0.18205437064170837,0.7012096047401428,0.281411737203598,0.029961619526147842,0.18818645179271698,0.7086489796638489,0.36893919110298157,0.052517130970954895,0.1876308023929596,0.68158358335495,-0.333733469247818,0.999995768070221,0.18740247189998627,0.7071899771690369,-0.3850241005420685,0.9977126717567444,0.19824939966201782,0.7091014385223389,-0.34007880091667175,0.9926183223724365,0.18263353407382965,0.7220171689987183,0.14347122609615326,0.999986469745636,0.18698976933956146,0.7503747940063477,0.35545584559440613,0.5795673131942749,0.17976634204387665,0.778294026851654,0.5193611979484558,0.9076166152954102,0.1847657412290573,0.7243490815162659,-0.14350755512714386,0.9999957084655762,0.19202853739261627,0.7541150450706482,-0.1517012119293213,0.994053304195404,0.18735899031162262,0.7882691621780396,-0.10099605470895767,0.9960015416145325,defesa
shot_KS_6,2.5621705055236816,0.19437789916992188,0.6623454093933105,-0.17705175280570984,0.9999725222587585,0.18508364260196686,0.6782527565956116,0.0810539647936821,0.9999570846557617,0.1825760006904602,0.7011770009994507,0.23053348064422607,0.02882583625614643,0.1898958534002304,0.7094674110412598,0.21907758712768555,0.0494743213057518,0.1880275160074234,0.6818756461143494,-0.34684863686561584,0.9999945163726807,0.18892420828342438,0.707399845123291,-0.3870027959346771,0.9974168539047241,0.19941571354866028,0.70676189661026,-0.3341401219367981,0.9921343922615051,0.1825217753648758,0.7224756479263306,0.1452634334564209,0.9999867081642151,0.18719427287578583,0.7503371238708496,0.3700324594974518,0.5685614347457886,0.17983488738536835,0.7775968313217163,0.5471368432044983,0.9080853462219238,0.1851179152727127,0.724780797958374,-0.14530888199806213,0.9999957084655762,0.19242358207702637,0.7547346949577332,-0.14743967354297638,0.9944815039634705,0.18759769201278687,0.7883859872817993,-0.08754295110702515,0.996216893196106,defesa
shot_KS_6,2.620648145675659,0.1944764107465744,0.6626567840576172,-0.17129500210285187,0.9999667406082153,0.1845049113035202,0.6783744692802429,0.07802188396453857,0.9999551773071289,0.18316486477851868,0.7010657787322998,0.2245548814535141,0.02872949093580246,0.19240491092205048,0.7068395614624023,0.2585696280002594,0.04782284423708916,0.1882295161485672,0.6819705963134766,-0.3450116813182831,0.9999920725822449,0.19009146094322205,0.7072101831436157,-0.374284565448761,0.9969149827957153,0.20059560239315033,0.7043924331665039,-0.28359225392341614,0.9912922382354736,0.18237018585205078,0.7229588031768799,0.14517433941364288,0.9999868273735046,0.1873921900987625,0.750309407711029,0.38292357325553894,0.5680863857269287,0.17990373075008392,0.7773256897926331,0.5663566589355469,0.9120455384254456,0.18528707325458527,0.7253402471542358,-0.14521798491477966,0.9999955892562866,0.19265532493591309,0.7550088167190552,-0.13119421899318695,0.9948895573616028,0.187639981508255,0.7884610891342163,-0.06138098984956741,0.9964510202407837,defesa
shot_KS_6,2.669187307357788,0.19448424875736237,0.6627265810966492,-0.17078016698360443,0.9999556541442871,0.1844729632139206,0.6785660982131958,0.07052569091320038,0.9999520182609558,0.1842721551656723,0.7010377049446106,0.16994762420654297,0.027658917009830475,0.19519059360027313,0.7036795020103455,0.13910479843616486,0.04522470757365227,0.18831725418567657,0.681867241859436,-0.35060375928878784,0.9999889731407166,0.19136293232440948,0.7071182131767273,-0.36453908681869507,0.9959948062896729,0.20111143589019775,0.7013216614723206,-0.2525303065776825,0.9900082945823669,0.18236559629440308,0.7233482599258423,0.14522036910057068,0.9999872446060181,0.18738320469856262,0.7503746151924133,0.40595898032188416,0.5506018996238708,0.1798468977212906,0.7773697972297668,0.6127510070800781,0.9107788801193237,0.18535257875919342,0.7258542776107788,-0.14525215327739716,0.9999955892562866,0.1928652822971344,0.7550395131111145,-0.1255083531141281,0.9952253103256226,0.18764470517635345,0.7886463403701782,-0.038793206214904785,0.9965733289718628,defesa
shot_KS_6,2.7167792320251465,0.19455040991306305,0.6626400351524353,-0.19010208547115326,0.9999422430992126,0.18459856510162354,0.6785329580307007,0.06436199694871902,0.9999461770057678,0.18924684822559357,0.701679527759552,0.06868994235992432,0.02557494305074215,0.1981080174446106,0.6985629200935364,-0.10715429484844208,0.04171366989612579,0.18822912871837616,0.6817970871925354,-0.3736690878868103,0.9999852776527405,0.19391219317913055,0.7070245742797852,-0.3665677011013031,0.9934536814689636,0.2022690773010254,0.6967926025390625,-0.2687215209007263,0.9852998852729797,0.18239110708236694,0.7235798835754395,0.14944018423557281,0.999987781047821,0.18731626868247986,0.7505731582641602,0.4260513484477997,0.5027991533279419,0.17982518672943115,0.7773864269256592,0.6524806022644043,0.8696863651275635,0.18555179238319397,0.7260330319404602,-0.14941537380218506,0.9999957084655762,0.1929771453142166,0.7550663948059082,-0.13543741405010223,0.9951085448265076,0.18761689960956573,0.7887672185897827,-0.05730671435594559,0.9960055947303772,defesa
shot_KS_6,2.7801318168640137,0.19464834034442902,0.6628041863441467,-0.16565701365470886,0.999944806098938,0.18460579216480255,0.6784124970436096,0.07631158828735352,0.9999463558197021,0.18981344997882843,0.6997228264808655,0.18317021429538727,0.024869397282600403,0.19831807911396027,0.6948904395103455,0.18470875918865204,0.040048129856586456,0.1882731318473816,0.6816996335983276,-0.3537864089012146,0.9999818801879883,0.19560027122497559,0.705869734287262,-0.3286895751953125,0.9904356002807617,0.20289357006549835,0.6933140754699707,-0.1776188313961029,0.9799384474754333,0.18238314986228943,0.7236649990081787,0.1495971828699112,0.9999880790710449,0.18731461465358734,0.7505683898925781,0.4171924889087677,0.46764206886291504,0.17983175814151764,0.777474045753479,0.6279005408287048,0.8511524796485901,0.18560302257537842,0.7262063026428223,-0.149568572640419,0.9999956488609314,0.19291649758815765,0.7549961805343628,-0.14367923140525818,0.9952276945114136,0.18757261335849762,0.7888892889022827,-0.09056603163480759,0.995925784111023,defesa
shot_KS_6,2.843532085418701,0.19483982026576996,0.6627474427223206,-0.15366581082344055,0.9999467134475708,0.18509230017662048,0.6780939102172852,0.09931887686252594,0.9999446868896484,0.1913892775774002,0.6960368752479553,0.20016123354434967,0.025209343060851097,0.20047853887081146,0.6908127069473267,0.17256924510002136,0.041391048580408096,0.18809565901756287,0.6809656023979187,-0.3357650935649872,0.9999765753746033,0.1963871568441391,0.7008152604103088,-0.33775609731674194,0.9891357421875,0.20337797701358795,0.6873674392700195,-0.21455836296081543,0.9786322116851807,0.18259043991565704,0.7236408591270447,0.14947709441184998,0.9999881982803345,0.18752802908420563,0.7505323886871338,0.39908140897750854,0.4405743181705475,0.17984820902347565,0.7776418924331665,0.5937319397926331,0.8377732634544373,0.18563096225261688,0.7261367440223694,-0.14945778250694275,0.9999955296516418,0.19290001690387726,0.7548762559890747,-0.15658043324947357,0.9952883124351501,0.1875402182340622,0.7888422012329102,-0.1190916895866394,0.9958626627922058,defesa
shot_KS_6,2.9000370502471924,0.19485919177532196,0.6619964838027954,-0.13908156752586365,0.9999500513076782,0.18584954738616943,0.6772608757019043,0.10476573556661606,0.9999431371688843,0.19345633685588837,0.6937565207481384,0.18682315945625305,0.029525840654969215,0.20145060122013092,0.6834570169448853,0.1130792573094368,0.05172295495867729,0.18799401819705963,0.6799644231796265,-0.3004440665245056,0.9999711513519287,0.1974211484193802,0.6965718269348145,-0.32476189732551575,0.9887745976448059,0.20384661853313446,0.681875467300415,-0.23109538853168488,0.9787678718566895,0.1828324943780899,0.7228307127952576,0.14098449051380157,0.9999884366989136,0.18755193054676056,0.7505124807357788,0.34059959650039673,0.43230605125427246,0.1800479292869568,0.7783655524253845,0.5009520649909973,0.8324908018112183,0.18564647436141968,0.7251343131065369,-0.1410275399684906,0.9999953508377075,0.1922922283411026,0.7541349530220032,-0.1523846536874771,0.9954279661178589,0.1869506686925888,0.7885034680366516,-0.12164527922868729,0.9958921670913696,defesa
shot_KS_6,2.9536850452423096,0.1949111968278885,0.6604026556015015,-0.1429782658815384,0.9999547004699707,0.18588528037071228,0.6762741208076477,0.10227876901626587,0.9999468326568604,0.19395418465137482,0.685981273651123,0.26174554228782654,0.046239376068115234,0.2012559324502945,0.6777894496917725,0.3262721598148346,0.08744718879461288,0.1882559061050415,0.6793342232704163,-0.3076663315296173,0.9999701976776123,0.19971686601638794,0.6941591501235962,-0.3227728009223938,0.9885193705558777,0.20456361770629883,0.6775420308113098,-0.21720966696739197,0.979956865310669,0.18296678364276886,0.7219918966293335,0.14139895141124725,0.9999889731407166,0.1875161975622177,0.7499856948852539,0.3666268289089203,0.444232702255249,0.18005210161209106,0.7781002521514893,0.5649541616439819,0.8392395973205566,0.1857212483882904,0.7244303822517395,-0.141437828540802,0.9999954104423523,0.1915900856256485,0.7538942694664001,-0.14281302690505981,0.995779275894165,0.18696367740631104,0.78856360912323,-0.10604583472013474,0.9961931109428406,defesa
shot_KS_6,3.0169484615325928,0.19508321583271027,0.6589515805244446,-0.1370583325624466,0.9999579787254333,0.18617159128189087,0.6752286553382874,0.1000330001115799,0.9999488592147827,0.19533628225326538,0.6829391717910767,0.22368955612182617,0.05675002187490463,0.20198068022727966,0.670116126537323,0.21807622909545898,0.1040724366903305,0.18878181278705597,0.6787989735603333,-0.31469136476516724,0.9999684691429138,0.20178502798080444,0.6898081302642822,-0.32065868377685547,0.9891483783721924,0.20547820627689362,0.6718876957893372,-0.2066735178232193,0.9809896945953369,0.18313346803188324,0.7214235067367554,0.14176109433174133,0.9999898076057434,0.18734605610370636,0.7491278648376465,0.38790300488471985,0.4580930173397064,0.1800580769777298,0.7777630686759949,0.5965551733970642,0.8481613993644714,0.1858290284872055,0.723789632320404,-0.14179551601409912,0.9999957084655762,0.19127167761325836,0.7538058757781982,-0.13353565335273743,0.996159553527832,0.18706463277339935,0.7885557413101196,-0.09425679594278336,0.9965221881866455,defesa
shot_KS_6,3.066538095474243,0.19505764544010162,0.6577631235122681,-0.1427648365497589,0.9999586939811707,0.1868431121110916,0.6736505031585693,0.09119509160518646,0.9999489784240723,0.1982078105211258,0.6744117140769958,0.13126049935817719,0.06952493637800217,0.20416991412639618,0.6604761481285095,0.0020431538578122854,0.13187552988529205,0.1892005056142807,0.6775526404380798,-0.31816911697387695,0.9999606609344482,0.20302337408065796,0.6841902136802673,-0.3366326689720154,0.9896498322486877,0.2066425234079361,0.6658945083618164,-0.280788391828537,0.9815340638160706,0.18338708579540253,0.7203717827796936,0.14122524857521057,0.9999904036521912,0.1872856467962265,0.7486990094184875,0.3874019980430603,0.4516540765762329,0.180388942360878,0.7758457660675049,0.6068530678749084,0.8467887043952942,0.18581925332546234,0.72246253490448,-0.14125967025756836,0.999995768070221,0.19049741327762604,0.7527616024017334,-0.1397775113582611,0.9964608550071716,0.18706296384334564,0.787695050239563,-0.09347826987504959,0.9967331886291504,defesa
shot_KS_6,3.127889394760132,0.1952599138021469,0.6576557755470276,-0.17226994037628174,0.9999537467956543,0.18856646120548248,0.670206606388092,0.07169085741043091,0.9999508857727051,0.2000017613172531,0.666809618473053,0.08785773068666458,0.10668525099754333,0.20554493367671967,0.6545898914337158,-0.07643374055624008,0.18935808539390564,0.18966174125671387,0.6765265464782715,-0.3343515992164612,0.9999492168426514,0.20454417169094086,0.6777123212814331,-0.41309207677841187,0.9898648262023926,0.20706845819950104,0.6587032675743103,-0.41725262999534607,0.9817447066307068,0.18398399651050568,0.718938946723938,0.13688623905181885,0.9999911785125732,0.18730084598064423,0.7483335733413696,0.33375364542007446,0.47991499304771423,0.1804465651512146,0.7751796245574951,0.5412427186965942,0.8547335267066956,0.18570326268672943,0.7206979990005493,-0.13689374923706055,0.9999959468841553,0.18979479372501373,0.7519662380218506,-0.1610131710767746,0.9967458844184875,0.18706603348255157,0.7866944670677185,-0.10002677887678146,0.9969421625137329,defesa
shot_KS_6,3.1913716793060303,0.19549234211444855,0.6574299335479736,-0.17326344549655914,0.9999523758888245,0.19017694890499115,0.6697866916656494,0.07529649883508682,0.9999508857727051,0.20128022134304047,0.6641374826431274,0.12711891531944275,0.12327995151281357,0.20753882825374603,0.6490043997764587,0.003985076677054167,0.22393067181110382,0.19036714732646942,0.6749641299247742,-0.3343110978603363,0.9999351501464844,0.20448864996433258,0.6706429719924927,-0.449872225522995,0.987362802028656,0.20795182883739471,0.6506748199462891,-0.4916877746582031,0.9766574501991272,0.1844586431980133,0.7182376980781555,0.13986292481422424,0.9999918341636658,0.18704041838645935,0.7477709650993347,0.3491956293582916,0.4790596663951874,0.18048544228076935,0.7744607925415039,0.5455860495567322,0.8513453602790833,0.18567146360874176,0.7201169729232788,-0.1398385465145111,0.9999961256980896,0.189443439245224,0.7520509362220764,-0.1676337569952011,0.9969043731689453,0.1873340904712677,0.7868173122406006,-0.12382066994905472,0.9969715476036072,defesa
shot_KS_6,3.254636287689209,0.19544744491577148,0.656674861907959,-0.1646088808774948,0.9999317526817322,0.19158023595809937,0.6697185039520264,0.1050475612282753,0.9999426603317261,0.2025308758020401,0.6639106869697571,0.1427663117647171,0.12146581709384918,0.20514442026615143,0.6476956605911255,0.02914303168654442,0.22704240679740906,0.19025477766990662,0.6735171675682068,-0.3129187524318695,0.9999085664749146,0.20245061814785004,0.6674829721450806,-0.4135637581348419,0.9834227561950684,0.20668961107730865,0.6492969989776611,-0.42892032861709595,0.9640780687332153,0.18506276607513428,0.71797114610672,0.1410057544708252,0.9999922513961792,0.18643081188201904,0.7476253509521484,0.3500703275203705,0.46024227142333984,0.1805577427148819,0.774627685546875,0.5514909029006958,0.8395327925682068,0.18562184274196625,0.7196763157844543,-0.14097274839878082,0.9999960660934448,0.18925967812538147,0.7520689368247986,-0.16842402517795563,0.9966323375701904,0.18761126697063446,0.7868971824645996,-0.11348261684179306,0.9966309666633606,defesa
shot_KS_6,3.3286216259002686,0.19541065394878387,0.6565842032432556,-0.2199327051639557,0.9999362230300903,0.1915189027786255,0.6691254377365112,0.08973090350627899,0.9999402761459351,0.20078054070472717,0.6594725847244263,0.1507280021905899,0.12389982491731644,0.2035776823759079,0.6417524218559265,0.052884966135025024,0.24666708707809448,0.19023077189922333,0.6736559867858887,-0.3368905186653137,0.999902606010437,0.20280411839485168,0.664138674736023,-0.4741879105567932,0.9815519452095032,0.20639896392822266,0.6440334916114807,-0.5518708825111389,0.9610077142715454,0.18525274097919464,0.7173702716827393,0.14655044674873352,0.9999924898147583,0.18571723997592926,0.7471010088920593,0.3608348071575165,0.4508688151836395,0.18048229813575745,0.7743420004844666,0.5820093154907227,0.8287124633789062,0.1856691688299179,0.7195677757263184,-0.14655281603336334,0.9999960064888,0.18923069536685944,0.7521329522132874,-0.17063720524311066,0.9965498447418213,0.18768589198589325,0.7869558334350586,-0.11395823210477829,0.9962863922119141,defesa
shot_KS_6,3.3818678855895996,0.19538390636444092,0.6567369699478149,-0.24910993874073029,0.9999390244483948,0.19208171963691711,0.668384850025177,0.07210489362478256,0.9999373555183411,0.19958172738552094,0.6543003916740417,0.1486346423625946,0.12833471596240997,0.2030710130929947,0.6354110836982727,0.047313667833805084,0.2719899117946625,0.190028116106987,0.6728876829147339,-0.34266397356987,0.9998946785926819,0.2019709199666977,0.6596736311912537,-0.49500733613967896,0.978278636932373,0.2047496885061264,0.6392020583152771,-0.6049197912216187,0.954234778881073,0.1856076568365097,0.717232882976532,0.1469423621892929,0.9999923706054688,0.1850435733795166,0.746902585029602,0.36130979657173157,0.44082367420196533,0.1802992969751358,0.7743263244628906,0.5800921320915222,0.8153325319290161,0.18583591282367706,0.7195791006088257,-0.1469535380601883,0.9999955892562866,0.18918199837207794,0.7520710229873657,-0.17460501194000244,0.9959642291069031,0.18767137825489044,0.787045955657959,-0.11609990149736404,0.9953300952911377,defesa
shot_KS_6,3.4448623657226562,0.19534166157245636,0.6568371653556824,-0.23768548667430878,0.9999334812164307,0.1917555332183838,0.6677341461181641,0.07217465341091156,0.9999281167984009,0.19843418896198273,0.650779664516449,0.1406843215227127,0.1354030966758728,0.2027614861726761,0.6311289668083191,0.029128575697541237,0.3007822036743164,0.18991413712501526,0.6717571020126343,-0.34187978506088257,0.9998795986175537,0.1987190991640091,0.6554458141326904,-0.5132140517234802,0.9754174947738647,0.20304520428180695,0.6350040435791016,-0.6409417390823364,0.9456028342247009,0.18586589395999908,0.7172716856002808,0.14792315661907196,0.9999916553497314,0.18505915999412537,0.7467253804206848,0.3606923520565033,0.435654878616333,0.1802825778722763,0.774275004863739,0.5704890489578247,0.8080213069915771,0.18624131381511688,0.7195259928703308,-0.14796611666679382,0.9999946355819702,0.18922752141952515,0.7519232034683228,-0.176886647939682,0.9950884580612183,0.1875380575656891,0.7871542572975159,-0.11599786579608917,0.9941856265068054,defesa
shot_KS_6,3.492443799972534,0.19533884525299072,0.657082736492157,-0.282221257686615,0.9999140501022339,0.19202327728271484,0.6683199405670166,0.020328881219029427,0.9999197721481323,0.19800953567028046,0.6497499942779541,0.07147020846605301,0.14977195858955383,0.20268554985523224,0.6297426819801331,-0.05513342469930649,0.3265778422355652,0.19003617763519287,0.6717811226844788,-0.39652547240257263,0.9998620748519897,0.19628401100635529,0.6502667665481567,-0.5650050640106201,0.9730347990989685,0.20156334340572357,0.6300814747810364,-0.67711341381073,0.9316698908805847,0.18620578944683075,0.7175499200820923,0.15025530755519867,0.9999909996986389,0.18503282964229584,0.7468342185020447,0.38916948437690735,0.4340345561504364,0.1802835464477539,0.7743262052536011,0.6154069304466248,0.8058556914329529,0.18641698360443115,0.7197979688644409,-0.1502912938594818,0.9999937415122986,0.18934714794158936,0.7519693374633789,-0.18770389258861542,0.9946128129959106,0.1874573677778244,0.7870184779167175,-0.11340457201004028,0.9933188557624817,defesa
shot_KS_6,3.5565545558929443,0.19418799877166748,0.6591876745223999,-0.28161922097206116,0.9999181032180786,0.19184304773807526,0.6688023805618286,0.03188926726579666,0.9999041557312012,0.197861909866333,0.6493197083473206,0.09796668589115143,0.16426615417003632,0.20134510099887848,0.6284188628196716,0.002688543638214469,0.3548823893070221,0.19011162221431732,0.6717356443405151,-0.3386154770851135,0.999823272228241,0.1945529729127884,0.6504466533660889,-0.5215386152267456,0.9698415398597717,0.19959597289562225,0.6294350624084473,-0.6641677618026733,0.9165526628494263,0.1863875389099121,0.7177379131317139,0.1481105536222458,0.9999896883964539,0.18511322140693665,0.7468383312225342,0.38354891538619995,0.4661020040512085,0.18034684658050537,0.7743765711784363,0.5998440980911255,0.8195456862449646,0.1867457628250122,0.7198573350906372,-0.14824208617210388,0.9999922513961792,0.19014202058315277,0.7519895434379578,-0.1919095665216446,0.9947841167449951,0.18745429813861847,0.7869346141815186,-0.11214780807495117,0.9934242963790894,defesa
shot_KS_6,3.6045033931732178,0.1938743144273758,0.6597447395324707,-0.26346665620803833,0.9999138116836548,0.1917656511068344,0.6690731048583984,0.045049089938402176,0.9998860955238342,0.19757215678691864,0.6499892473220825,0.10988126695156097,0.16892105340957642,0.1990058869123459,0.6290946006774902,0.020049216225743294,0.3625422716140747,0.19005592167377472,0.6721877455711365,-0.32471832633018494,0.999762237071991,0.1941402554512024,0.6521731019020081,-0.5048800706863403,0.9623928666114807,0.19784358143806458,0.62986159324646,-0.6227654218673706,0.8831380605697632,0.18680353462696075,0.7178110480308533,0.14762644469738007,0.9999891519546509,0.18590286374092102,0.7468517422676086,0.38029590249061584,0.4852059781551361,0.1806870549917221,0.774518609046936,0.5979906916618347,0.8289017677307129,0.1872713714838028,0.7200204133987427,-0.14779365062713623,0.9999914765357971,0.19118253886699677,0.7520032525062561,-0.1932085007429123,0.9947841763496399,0.18745200335979462,0.7868123650550842,-0.12430816888809204,0.9934077858924866,defesa
shot_KS_6,3.6680774688720703,0.1936653107404709,0.6600549817085266,-0.28715410828590393,0.9999075531959534,0.19171760976314545,0.6694468259811401,0.03628178685903549,0.999875009059906,0.1973058134317398,0.6510544419288635,0.0627741888165474,0.17439664900302887,0.1977861076593399,0.6307423710823059,-0.08681590110063553,0.3624516725540161,0.19003959000110626,0.6723010540008545,-0.34631600975990295,0.9997245073318481,0.19404290616512299,0.6554142832756042,-0.5563562512397766,0.9578552842140198,0.19710813462734222,0.6332477331161499,-0.718738853931427,0.8612266778945923,0.1871582716703415,0.718185305595398,0.1466865837574005,0.9999887347221375,0.1870603710412979,0.7469992637634277,0.3892345428466797,0.48731255531311035,0.1810038834810257,0.7745922207832336,0.6373907923698425,0.8306030631065369,0.1875462681055069,0.7207559943199158,-0.14683862030506134,0.9999909400939941,0.1920558661222458,0.7524382472038269,-0.19555500149726868,0.9945135116577148,0.18744853138923645,0.7868282198905945,-0.12227140367031097,0.993071436882019,defesa
shot_KS_6,3.715582847595215,0.1935763955116272,0.6600088477134705,-0.27365854382514954,0.9999023675918579,0.19159574806690216,0.6698843240737915,0.04333097115159035,0.9998708963394165,0.19605405628681183,0.6523644328117371,0.059996213763952255,0.17658306658267975,0.1962565928697586,0.6339550018310547,-0.11258891969919205,0.3615175485610962,0.19000938534736633,0.6727699637413025,-0.36507686972618103,0.999721884727478,0.194260835647583,0.6574490070343018,-0.5771512985229492,0.9575182199478149,0.1963697075843811,0.6358675360679626,-0.7499074935913086,0.8613492846488953,0.18722115457057953,0.718603789806366,0.14952434599399567,0.9999886155128479,0.18865196406841278,0.7471056580543518,0.3937075734138489,0.4797319769859314,0.18134020268917084,0.774041473865509,0.6411532163619995,0.8251797556877136,0.18782399594783783,0.7216711044311523,-0.14963865280151367,0.9999908208847046,0.19278153777122498,0.7528039813041687,-0.19247575104236603,0.9942039847373962,0.1874246746301651,0.7868344783782959,-0.11906833946704865,0.9927131533622742,defesa
shot_KS_6,3.7785518169403076,0.19359833002090454,0.6601433157920837,-0.2766936421394348,0.9999018907546997,0.19120480120182037,0.6713538765907288,0.04276126250624657,0.9998690485954285,0.19549618661403656,0.6541315317153931,0.06100056320428848,0.17870311439037323,0.19569288194179535,0.6363839507102966,-0.10929042845964432,0.3630715310573578,0.1899164766073227,0.6740015149116516,-0.38348326086997986,0.9997269511222839,0.1939627081155777,0.6585814356803894,-0.6090744733810425,0.9581740498542786,0.19599862396717072,0.6381954550743103,-0.796450138092041,0.8652361631393433,0.18719090521335602,0.7193397283554077,0.15373428165912628,0.9999885559082031,0.18975433707237244,0.7471597790718079,0.4136330783367157,0.47193312644958496,0.18218936026096344,0.7730284929275513,0.6758742928504944,0.8183850646018982,0.188036248087883,0.7226960062980652,-0.1538386344909668,0.9999908208847046,0.19332070648670197,0.7531118392944336,-0.18741439282894135,0.9939301609992981,0.18743054568767548,0.7868472337722778,-0.09168415516614914,0.9924834370613098,defesa
shot_KS_6,3.8260581493377686,0.1936338096857071,0.6611191034317017,-0.3309459388256073,0.9998970031738281,0.19079948961734772,0.6723384261131287,-0.0080606359988451,0.9998703598976135,0.19494128227233887,0.6547167301177979,0.01592058315873146,0.18798799812793732,0.194912850856781,0.6372764110565186,-0.1505170315504074,0.3784582316875458,0.18988199532032013,0.6754881143569946,-0.43682166934013367,0.99973064661026,0.19417652487754822,0.659121036529541,-0.6749650239944458,0.9595662951469421,0.1960163712501526,0.6391729712486267,-0.8855501413345337,0.8725062608718872,0.1872771829366684,0.7198737859725952,0.15469154715538025,0.9999884366989136,0.19057846069335938,0.7472091913223267,0.4311899244785309,0.4712444543838501,0.18265175819396973,0.7721136808395386,0.7249447107315063,0.8141699433326721,0.18811479210853577,0.7236976027488708,-0.15475912392139435,0.999990701675415,0.19390518963336945,0.7532193064689636,-0.1873026341199875,0.9939414858818054,0.1876133233308792,0.7868247032165527,-0.07722040265798569,0.9925252795219421,defesa
shot_KS_6,3.8890492916107178,0.19362212717533112,0.6628240942955017,-0.3019256889820099,0.9998911023139954,0.19065459072589874,0.6733378767967224,0.017459718510508537,0.9998655319213867,0.1947067528963089,0.6551381349563599,0.053316596895456314,0.1943379044532776,0.19446291029453278,0.6378923058509827,-0.09075463563203812,0.3862767517566681,0.18954016268253326,0.6765945553779602,-0.4027465283870697,0.9997246265411377,0.19421136379241943,0.6592575907707214,-0.6060109734535217,0.9597902297973633,0.1955423802137375,0.6393598914146423,-0.7815499305725098,0.8745261430740356,0.18748122453689575,0.7203301787376404,0.15406189858913422,0.9999878406524658,0.19099842011928558,0.747230589389801,0.4166702330112457,0.4623117744922638,0.183449849486351,0.7717756032943726,0.6845226287841797,0.8063773512840271,0.18810521066188812,0.7241450548171997,-0.15413029491901398,0.9999902248382568,0.19439084827899933,0.7539361119270325,-0.19847598671913147,0.9935993552207947,0.18761728703975677,0.7868189215660095,-0.10908348113298416,0.992190957069397,defesa
shot_KS_6,3.9371347427368164,0.19360660016536713,0.6638690233230591,-0.2721910774707794,0.9998813271522522,0.1900475025177002,0.6739168763160706,0.05707365646958351,0.999854326248169,0.1943773776292801,0.6564351916313171,0.10965434461832047,0.19449767470359802,0.19415035843849182,0.6393563151359558,-0.013376996852457523,0.38755086064338684,0.18922197818756104,0.6771438121795654,-0.3775178790092468,0.9997196197509766,0.1943158358335495,0.6598161458969116,-0.5935276746749878,0.960523784160614,0.19536486268043518,0.6410022377967834,-0.7789932489395142,0.8786054253578186,0.18748070299625397,0.7208589911460876,0.15542469918727875,0.999987006187439,0.19116553664207458,0.747927725315094,0.4104157090187073,0.4524768888950348,0.1840314120054245,0.7718216180801392,0.666671097278595,0.7964398860931396,0.18810081481933594,0.7243952751159668,-0.15553034842014313,0.9999896883964539,0.19472365081310272,0.7553326487541199,-0.1947457641363144,0.9931537508964539,0.1875627189874649,0.7873651385307312,-0.12102650105953217,0.991866409778595,defesa
shot_KS_6,3.984461784362793,0.19357185065746307,0.6637422442436218,-0.2820221781730652,0.9998750686645508,0.19004406034946442,0.6741834282875061,0.05521120876073837,0.9998495578765869,0.19437623023986816,0.6572924852371216,0.11464724689722061,0.19036927819252014,0.1944020390510559,0.6416709423065186,0.008919780142605305,0.3798428475856781,0.1886213719844818,0.6777487397193909,-0.3839726448059082,0.9997259378433228,0.19432134926319122,0.6627460718154907,-0.6198789477348328,0.9619360566139221,0.19522836804389954,0.6431550979614258,-0.8214601278305054,0.8851372003555298,0.18769694864749908,0.7211577296257019,0.15533937513828278,0.999986469745636,0.1912100464105606,0.7485212683677673,0.4098948538303375,0.4352772533893585,0.18505682051181793,0.7719745635986328,0.6773373484611511,0.7797364592552185,0.18806098401546478,0.7249872088432312,-0.15543918311595917,0.9999894499778748,0.194808229804039,0.7565489411354065,-0.1929604709148407,0.9925061464309692,0.18756289780139923,0.7875240445137024,-0.09387575834989548,0.9911355376243591,defesa
shot_KS_6,4.048421144485474,0.19351719319820404,0.664344847202301,-0.2566850185394287,0.9998487234115601,0.19002552330493927,0.6743605136871338,0.06246120482683182,0.9998345971107483,0.1943589150905609,0.6585143804550171,0.12597008049488068,0.18263214826583862,0.19479940831661224,0.6451677083969116,0.02509755827486515,0.36451709270477295,0.18804195523262024,0.6787327527999878,-0.3673054277896881,0.9997212886810303,0.19386938214302063,0.6673240065574646,-0.6079340577125549,0.9631057381629944,0.19529645144939423,0.6478821039199829,-0.8097020983695984,0.8902732133865356,0.1877870112657547,0.7214636206626892,0.15398071706295013,0.9999858736991882,0.19109056890010834,0.7486563920974731,0.40789222717285156,0.41957300901412964,0.18525393307209015,0.7723204493522644,0.6737495064735413,0.7643845081329346,0.18802882730960846,0.7254048585891724,-0.15407441556453705,0.9999891519546509,0.19475172460079193,0.7562468647956848,-0.19122004508972168,0.9918666481971741,0.18756942451000214,0.7875699996948242,-0.09042688459157944,0.9904383420944214,defesa
shot_KS_7,0.25470829010009766,0.1940375417470932,0.6559222340583801,-0.40735071897506714,0.9998713731765747,0.1881074756383896,0.6725597381591797,-0.054712969809770584,0.9999756813049316,0.18527330458164215,0.6971442103385925,0.08017110824584961,0.07345417886972427,0.18728607892990112,0.7179971933364868,0.012845555320382118,0.14552977681159973,0.1863514930009842,0.6742582321166992,-0.5614330172538757,0.9999934434890747,0.18299315869808197,0.696597158908844,-0.6936478614807129,0.9921106696128845,0.18483243882656097,0.7224081754684448,-0.7778883576393127,0.974311113357544,0.18476660549640656,0.7119704484939575,0.16979026794433594,0.999982476234436,0.1895214468240738,0.7473108768463135,0.372429758310318,0.27423253655433655,0.18553166091442108,0.7820240259170532,0.5530362725257874,0.7242842316627502,0.1850804090499878,0.7167436480522156,-0.1698412150144577,0.9999905824661255,0.18961486220359802,0.7479074001312256,-0.09348849207162857,0.9222947359085083,0.1857522428035736,0.784945011138916,0.026879509910941124,0.9697940349578857,defesa
shot_KS_7,0.3071417808532715,0.19405892491340637,0.6567361354827881,-0.36461010575294495,0.9998696446418762,0.1873001605272293,0.6724360585212708,-0.038101643323898315,0.9999738335609436,0.18413019180297852,0.6970291137695312,0.060523003339767456,0.07058611512184143,0.18605752289295197,0.7180123329162598,-0.04985329881310463,0.13737790286540985,0.18647707998752594,0.6742485165596008,-0.5488137006759644,0.9999933838844299,0.18300855159759521,0.696829617023468,-0.6699506044387817,0.9920970797538757,0.18427026271820068,0.7225240468978882,-0.7245257496833801,0.974798858165741,0.18483124673366547,0.7137724161148071,0.17023979127407074,0.9999818801879883,0.18944884836673737,0.7475205063819885,0.3684719502925873,0.2635801434516907,0.1855316311120987,0.7820214629173279,0.5274233818054199,0.7006766200065613,0.18563075363636017,0.718654990196228,-0.17029275000095367,0.9999904632568359,0.1897057592868805,0.7483718395233154,-0.12417782843112946,0.9174003601074219,0.18605740368366241,0.7851389646530151,-0.027819868177175522,0.9651978611946106,defesa
shot_KS_7,0.3732907772064209,0.1942075937986374,0.6568825244903564,-0.2989768981933594,0.9998663067817688,0.1873481571674347,0.6724697351455688,0.021506264805793762,0.9999728798866272,0.18316256999969482,0.6967929005622864,0.09198726713657379,0.0667121633887291,0.18348708748817444,0.7165325284004211,-0.0275699682533741,0.12790420651435852,0.18647439777851105,0.6743166446685791,-0.46962159872055054,0.9999930262565613,0.1825927048921585,0.6961787343025208,-0.5898273587226868,0.9910762310028076,0.1817142814397812,0.7192068696022034,-0.6416063904762268,0.9697136878967285,0.1850932091474533,0.7149395942687988,0.16937921941280365,0.9999826550483704,0.18907657265663147,0.7474827766418457,0.35675114393234253,0.2715871334075928,0.18535225093364716,0.7813667058944702,0.5012717247009277,0.7108380198478699,0.18593893945217133,0.7190912961959839,-0.16944321990013123,0.9999909400939941,0.1897982358932495,0.7484510540962219,-0.1838882714509964,0.9236270785331726,0.18620769679546356,0.785236120223999,-0.12072964757680893,0.9675856232643127,defesa
shot_KS_7,0.4346923828125,0.19433052837848663,0.6566678285598755,-0.22212699055671692,0.999872088432312,0.18753105401992798,0.6730442047119141,0.10624389350414276,0.9999692440032959,0.18188604712486267,0.6951997876167297,0.19108109176158905,0.06297723948955536,0.18139277398586273,0.7129352688789368,0.09376697987318039,0.11892258375883102,0.18568415939807892,0.6743136644363403,-0.39081597328186035,0.9999934434890747,0.1800069957971573,0.6943041682243347,-0.5100550651550293,0.9918594360351562,0.17692799866199493,0.7155951261520386,-0.5886164903640747,0.9725896120071411,0.18575383722782135,0.715362548828125,0.16876980662345886,0.9999836087226868,0.1889614313840866,0.7476491332054138,0.31933945417404175,0.2900969088077545,0.18528853356838226,0.781584620475769,0.4488798975944519,0.726990282535553,0.18594853579998016,0.718990683555603,-0.16883328557014465,0.9999916553497314,0.18979789316654205,0.7488138675689697,-0.22704587876796722,0.9308032989501953,0.18643902242183685,0.78573077917099,-0.22115632891654968,0.9705302715301514,defesa
shot_KS_7,0.4977729320526123,0.19448496401309967,0.6567608714103699,-0.15706847608089447,0.9998776316642761,0.18737883865833282,0.6733912229537964,0.13265307247638702,0.9999646544456482,0.1797705441713333,0.6927176117897034,0.20163856446743011,0.0613025538623333,0.1756284236907959,0.7135400772094727,0.10498016327619553,0.11195024847984314,0.18546558916568756,0.6741792559623718,-0.33185747265815735,0.9999938011169434,0.17865405976772308,0.6928328275680542,-0.4426347613334656,0.9926185011863708,0.1737360656261444,0.7127605676651001,-0.5031561851501465,0.9752494096755981,0.1861540675163269,0.7157728672027588,0.16036395728588104,0.9999839663505554,0.1889803260564804,0.7481057047843933,0.23702386021614075,0.31272050738334656,0.18552827835083008,0.782322347164154,0.31036117672920227,0.7404586672782898,0.18592368066310883,0.7189642786979675,-0.16046202182769775,0.9999921321868896,0.18970294296741486,0.749070405960083,-0.19885887205600739,0.9369610548019409,0.1862848550081253,0.7857033610343933,-0.18329063057899475,0.9728917479515076,defesa
shot_KS_7,0.5586943626403809,0.19454529881477356,0.6568953394889832,-0.13835731148719788,0.9998891353607178,0.18630339205265045,0.6738486886024475,0.14135847985744476,0.9999651312828064,0.17809276282787323,0.6913912892341614,0.2053086757659912,0.07955872267484665,0.17319534718990326,0.7136108875274658,0.12081610411405563,0.13224230706691742,0.18563854694366455,0.6740482449531555,-0.30846747756004333,0.9999942779541016,0.1789281815290451,0.6916153430938721,-0.4430857300758362,0.9933204054832458,0.17335288226604462,0.712069034576416,-0.5338925123214722,0.9776816964149475,0.18613462150096893,0.7156064510345459,0.15858323872089386,0.9999849796295166,0.18867914378643036,0.7480828166007996,0.28352218866348267,0.3404398262500763,0.1852550506591797,0.7814247608184814,0.4083203375339508,0.7574907541275024,0.18599559366703033,0.7183015942573547,-0.15868927538394928,0.9999927878379822,0.18980033695697784,0.7490854263305664,-0.1920856535434723,0.9431014060974121,0.18656304478645325,0.785638689994812,-0.18569612503051758,0.9754193425178528,defesa
shot_KS_7,0.6147966384887695,0.1947609931230545,0.6568849086761475,-0.09222867339849472,0.999899685382843,0.18433035910129547,0.6738129258155823,0.14877541363239288,0.9999673366546631,0.1765255182981491,0.6887195706367493,0.20202745497226715,0.11196213960647583,0.1701774150133133,0.7082445025444031,0.1183093786239624,0.17412418127059937,0.1863715946674347,0.6737291216850281,-0.29408809542655945,0.999994695186615,0.17941923439502716,0.6912250518798828,-0.4374985992908478,0.9939208626747131,0.17431791126728058,0.7113429307937622,-0.5232923030853271,0.9797924160957336,0.18566787242889404,0.7158097624778748,0.15940585732460022,0.9999862313270569,0.1878861039876938,0.7477681040763855,0.3095541298389435,0.367091566324234,0.18459010124206543,0.7792863845825195,0.47133398056030273,0.770767092704773,0.18631048500537872,0.7182658314704895,-0.15950825810432434,0.9999934434890747,0.19014249742031097,0.7492202520370483,-0.19048500061035156,0.9486899971961975,0.18724191188812256,0.7863105535507202,-0.21201291680335999,0.9777371287345886,defesa
shot_KS_7,0.6719434261322021,0.19496750831604004,0.6567494869232178,-0.10365176200866699,0.9999091029167175,0.18452207744121552,0.672743558883667,0.13561184704303741,0.9999692440032959,0.17700207233428955,0.6861250400543213,0.1953134983778,0.13591431081295013,0.1708310842514038,0.7024418711662292,0.12078043073415756,0.20323339104652405,0.18667125701904297,0.6736730933189392,-0.29758644104003906,0.9999950528144836,0.17964467406272888,0.6911050081253052,-0.43913504481315613,0.9944471716880798,0.17460818588733673,0.7107373476028442,-0.5305825471878052,0.9816417694091797,0.1852702647447586,0.7157944440841675,0.15725956857204437,0.9999873638153076,0.18730689585208893,0.7477664947509766,0.3067220151424408,0.40357673168182373,0.18413875997066498,0.7782388925552368,0.45376840233802795,0.7869471907615662,0.1863964945077896,0.7182509899139404,-0.15737073123455048,0.9999940395355225,0.19063644111156464,0.7495241165161133,-0.1940309852361679,0.9537630081176758,0.18764537572860718,0.7864392399787903,-0.21884001791477203,0.9798773527145386,defesa
shot_KS_7,0.7354874610900879,0.19537495076656342,0.6569754481315613,-0.10767301172018051,0.9999175667762756,0.18471938371658325,0.6725489497184753,0.11981575191020966,0.9999712705612183,0.17700262367725372,0.6858643293380737,0.18083247542381287,0.15681688487529755,0.17177331447601318,0.7060559391975403,0.10193061828613281,0.22927667200565338,0.18667279183864594,0.6734470129013062,-0.30070438981056213,0.9999954104423523,0.179392471909523,0.6904408931732178,-0.43429750204086304,0.9948843717575073,0.17280468344688416,0.7090077996253967,-0.5157553553581238,0.9832233786582947,0.18522605299949646,0.7158308029174805,0.1540733426809311,0.999988317489624,0.18739520013332367,0.7475226521492004,0.3113935589790344,0.4221218228340149,0.1839524358510971,0.7772431969642639,0.4580492079257965,0.7946672439575195,0.18640369176864624,0.7182687520980835,-0.15418902039527893,0.9999945163726807,0.1909991055727005,0.7495034337043762,-0.19270868599414825,0.9582683444023132,0.18800292909145355,0.7864006757736206,-0.20598995685577393,0.9816958904266357,defesa
shot_KS_7,0.7988529205322266,0.19550485908985138,0.6573190689086914,-0.10357240587472916,0.999925434589386,0.184921994805336,0.6725737452507019,0.12709562480449677,0.9999735355377197,0.17735980451107025,0.6860997676849365,0.18121619522571564,0.17707858979701996,0.17291532456874847,0.705050528049469,0.0919150784611702,0.2583790421485901,0.18661357462406158,0.6733999848365784,-0.28677549958229065,0.999995768070221,0.1787477731704712,0.6899423003196716,-0.41656938195228577,0.9952786564826965,0.1680525690317154,0.7048846483230591,-0.5107316374778748,0.9847116470336914,0.1853199601173401,0.7158374190330505,0.15395347774028778,0.9999892711639404,0.18750551342964172,0.7473030090332031,0.3128998577594757,0.4380034804344177,0.18382829427719116,0.7775059938430786,0.4655425250530243,0.79963618516922,0.1863819807767868,0.7182779312133789,-0.15406188368797302,0.9999949932098389,0.19119270145893097,0.7494548559188843,-0.22373607754707336,0.9623510837554932,0.18812595307826996,0.7863614559173584,-0.24231258034706116,0.9833340644836426,defesa
shot_KS_7,0.86258864402771,0.1959986835718155,0.6577502489089966,-0.10895495116710663,0.9999325275421143,0.18536376953125,0.6726004481315613,0.1286633163690567,0.9999750852584839,0.17762647569179535,0.6854529976844788,0.19502529501914978,0.18618565797805786,0.17367936670780182,0.7045581936836243,0.12531240284442902,0.2810082733631134,0.1865786761045456,0.6731614470481873,-0.2846737205982208,0.9999961256980896,0.17843560874462128,0.6885286569595337,-0.4148682653903961,0.9957193732261658,0.166391059756279,0.7004393935203552,-0.5154587626457214,0.9862184524536133,0.18547175824642181,0.7158569693565369,0.15083548426628113,0.9999900460243225,0.1874529868364334,0.7472492456436157,0.31163665652275085,0.4576523005962372,0.1837536096572876,0.7772449851036072,0.47116711735725403,0.8079246282577515,0.18637371063232422,0.7182742357254028,-0.1509401798248291,0.9999954104423523,0.19129030406475067,0.7494461536407471,-0.21198056638240814,0.9660488963127136,0.18832963705062866,0.7863295078277588,-0.22127926349639893,0.9848747849464417,defesa
shot_KS_7,0.9100122451782227,0.19638840854167938,0.658094048500061,-0.09532052278518677,0.9999377131462097,0.18542106449604034,0.6725638508796692,0.134108766913414,0.9999764561653137,0.17672793567180634,0.6844850778579712,0.18477852642536163,0.2162943333387375,0.16708490252494812,0.6985286474227905,0.11555645614862442,0.3199194669723511,0.18657730519771576,0.6731712222099304,-0.28102537989616394,0.9999959468841553,0.1785683035850525,0.6886674761772156,-0.39823225140571594,0.9956741333007812,0.16726557910442352,0.7044086456298828,-0.45119422674179077,0.9841803312301636,0.18543072044849396,0.7158272862434387,0.1523236483335495,0.999990701675415,0.18740148842334747,0.7472503781318665,0.31494054198265076,0.45153915882110596,0.18368099629878998,0.7771539688110352,0.47273996472358704,0.8011108040809631,0.18636520206928253,0.7182694673538208,-0.15248723328113556,0.9999957084655762,0.19151726365089417,0.7495032548904419,-0.20330210030078888,0.9691949486732483,0.1886015087366104,0.7863055467605591,-0.21892574429512024,0.9859591722488403,defesa
shot_KS_7,0.9733185768127441,0.19672039151191711,0.6585418581962585,-0.124901182949543,0.999943733215332,0.18548791110515594,0.672538161277771,0.1269204020500183,0.9999781847000122,0.1769873946905136,0.6846148371696472,0.1815701723098755,0.21967196464538574,0.16853205859661102,0.7022810578346252,0.10839777439832687,0.33096060156822205,0.1865704357624054,0.673180103302002,-0.3035426735877991,0.9999961853027344,0.17827995121479034,0.6880376935005188,-0.4310224950313568,0.9959317445755005,0.16515745222568512,0.6986002922058105,-0.5023404955863953,0.9853789210319519,0.18543435633182526,0.7158010005950928,0.15321223437786102,0.9999914169311523,0.18741078674793243,0.7471555471420288,0.3248535990715027,0.45869433879852295,0.18367110192775726,0.7769309282302856,0.5027253031730652,0.8045119047164917,0.18635638058185577,0.7182660102844238,-0.153356671333313,0.9999960660934448,0.1915561556816101,0.7494980096817017,-0.21485760807991028,0.972147524356842,0.1887357532978058,0.7862858772277832,-0.20996680855751038,0.9871082305908203,defesa
shot_KS_7,1.0206413269042969,0.1968483179807663,0.6588386297225952,-0.13096843659877777,0.9999489784240723,0.18550483882427216,0.6724821925163269,0.11068383604288101,0.9999796152114868,0.1769191175699234,0.6844040751457214,0.169354647397995,0.20630377531051636,0.17096491158008575,0.7026316523551941,0.0754198282957077,0.3174000382423401,0.18656419217586517,0.673187255859375,-0.3095128834247589,0.9999963641166687,0.1781056970357895,0.6879805326461792,-0.43464210629463196,0.9959150552749634,0.1649150252342224,0.6977366209030151,-0.5209230184555054,0.985713005065918,0.18543127179145813,0.7157813310623169,0.1527821123600006,0.9999919533729553,0.18725453317165375,0.7471346855163574,0.317195326089859,0.44905415177345276,0.18361489474773407,0.7771450877189636,0.49564188718795776,0.7895869016647339,0.18634434044361115,0.7181980013847351,-0.15290780365467072,0.9999963641166687,0.19153450429439545,0.7495480179786682,-0.21857602894306183,0.9744394421577454,0.18882466852664948,0.7863130569458008,-0.20966041088104248,0.9875285625457764,defesa
shot_KS_7,1.0868709087371826,0.1969890147447586,0.6590047478675842,-0.17543072998523712,0.99995356798172,0.18575774133205414,0.672477126121521,0.08025722205638885,0.9999802708625793,0.1769900768995285,0.684273362159729,0.14751259982585907,0.1891562044620514,0.17191307246685028,0.7024572491645813,0.05957748368382454,0.293265700340271,0.1865760087966919,0.6731564998626709,-0.32616525888442993,0.9999966025352478,0.1781536340713501,0.6876460313796997,-0.4423913359642029,0.99614417552948,0.16493944823741913,0.6976194977760315,-0.5244578719139099,0.9868573546409607,0.1855069398880005,0.7157678604125977,0.15119203925132751,0.9999924898147583,0.1872057169675827,0.7470752000808716,0.332756906747818,0.43998029828071594,0.1836489588022232,0.7767744660377502,0.5315937995910645,0.7764841318130493,0.18633653223514557,0.7181931734085083,-0.15129244327545166,0.9999966621398926,0.19149227440357208,0.7498986124992371,-0.2161247879266739,0.9766497015953064,0.18901735544204712,0.7864940166473389,-0.18222394585609436,0.9882036447525024,defesa
shot_KS_7,1.1318538188934326,0.19706930220127106,0.6590276956558228,-0.172024205327034,0.9999573230743408,0.18599937856197357,0.6724786162376404,0.07587095350027084,0.9999810457229614,0.1764380782842636,0.6829553246498108,0.113458052277565,0.19064630568027496,0.16681626439094543,0.6978105902671814,0.004185350611805916,0.29908397793769836,0.18657232820987701,0.6731603145599365,-0.3267959654331207,0.9999966621398926,0.17794905602931976,0.6869726777076721,-0.44568946957588196,0.9960963129997253,0.16509892046451569,0.6981915235519409,-0.5262919068336487,0.9862434267997742,0.18557052314281464,0.7157053351402283,0.15240783989429474,0.9999929070472717,0.18718233704566956,0.7467136383056641,0.3330366909503937,0.41017982363700867,0.1836610734462738,0.7765883207321167,0.5206697583198547,0.7390020489692688,0.18630625307559967,0.7181040644645691,-0.15253056585788727,0.9999969005584717,0.19124239683151245,0.7498843669891357,-0.21069255471229553,0.9784041047096252,0.18911831080913544,0.7864857316017151,-0.19808721542358398,0.9882203340530396,defesa
shot_KS_7,1.1955020427703857,0.19716015458106995,0.6590853929519653,-0.17417533695697784,0.9999606013298035,0.1863880306482315,0.6726331114768982,0.07631946355104446,0.9999808669090271,0.17659838497638702,0.6835197806358337,0.11869363486766815,0.1836802214384079,0.16816426813602448,0.6987932920455933,0.01601656712591648,0.2914254665374756,0.186536505818367,0.6731463074684143,-0.3282800614833832,0.9999967813491821,0.17788459360599518,0.6865761876106262,-0.4456879794597626,0.9962337017059326,0.16570737957954407,0.6981543898582458,-0.5270591974258423,0.9871147871017456,0.18580348789691925,0.7157413363456726,0.15267257392406464,0.9999932646751404,0.1871761679649353,0.7467136979103088,0.3486017882823944,0.3884495794773102,0.18368928134441376,0.7764638066291809,0.5498736500740051,0.7178906798362732,0.1863020956516266,0.7181101441383362,-0.15278854966163635,0.9999971389770508,0.1909608244895935,0.7499976754188538,-0.2088499516248703,0.9801895618438721,0.18921296298503876,0.7864968180656433,-0.19736218452453613,0.988688588142395,defesa
shot_KS_7,1.260561466217041,0.19724558293819427,0.6590420007705688,-0.11609195172786713,0.999963104724884,0.18665046989917755,0.6728019714355469,0.12093827873468399,0.9999802708625793,0.17725272476673126,0.6838799118995667,0.1595713198184967,0.17877653241157532,0.16860413551330566,0.6973613500595093,0.06303083896636963,0.2865649163722992,0.18650850653648376,0.6730283498764038,-0.2771915793418884,0.9999966621398926,0.17788399755954742,0.685334324836731,-0.3851650357246399,0.9961639046669006,0.16658496856689453,0.6980926394462585,-0.4482201933860779,0.9870777726173401,0.1858893483877182,0.716324508190155,0.1518678218126297,0.9999937415122986,0.18683232367038727,0.7472019195556641,0.343273401260376,0.37914296984672546,0.183710515499115,0.7765562534332275,0.5324913859367371,0.7180882096290588,0.1863614320755005,0.7184084057807922,-0.151993066072464,0.9999973773956299,0.19055892527103424,0.7508929371833801,-0.20003287494182587,0.9819511771202087,0.18917231261730194,0.7866878509521484,-0.19543825089931488,0.9894588589668274,defesa
shot_KS_7,1.3061919212341309,0.19732828438282013,0.6590228080749512,-0.10511060059070587,0.999954879283905,0.18779416382312775,0.6732922792434692,0.12303255498409271,0.9999768137931824,0.18045803904533386,0.6888235211372375,0.16692650318145752,0.16213609278202057,0.17175912857055664,0.7000807523727417,0.06984175741672516,0.26076003909111023,0.18639303743839264,0.6720798015594482,-0.2556711435317993,0.9999966025352478,0.17794111371040344,0.6858475208282471,-0.3428420126438141,0.995805025100708,0.1670425832271576,0.6987916827201843,-0.39941269159317017,0.9873479604721069,0.18597088754177094,0.7171418070793152,0.14055827260017395,0.9999940395355225,0.18643474578857422,0.7472707033157349,0.34133535623550415,0.35827571153640747,0.18372581899166107,0.7766255140304565,0.5346503257751465,0.7029058337211609,0.18635745346546173,0.7186428904533386,-0.14064668118953705,0.9999975562095642,0.18991222977638245,0.7511454224586487,-0.1998312920331955,0.9832286238670349,0.18913421034812927,0.7869007587432861,-0.1971188336610794,0.9899793863296509,defesa
shot_KS_7,1.3699679374694824,0.19729392230510712,0.6590479612350464,-0.08003968745470047,0.9999571442604065,0.18793046474456787,0.6737710237503052,0.1457364410161972,0.999976634979248,0.18049854040145874,0.6894415020942688,0.1870265156030655,0.17041592299938202,0.17076639831066132,0.7005885243415833,0.08676568418741226,0.27948930859565735,0.1863495409488678,0.6721404194831848,-0.2388426810503006,0.9999966025352478,0.17795027792453766,0.6859241724014282,-0.32793712615966797,0.9959654211997986,0.16775566339492798,0.6989274621009827,-0.3794529139995575,0.9880610704421997,0.18638572096824646,0.7174956202507019,0.1425682157278061,0.9999943375587463,0.1859874576330185,0.7474088668823242,0.32993847131729126,0.3443535566329956,0.18373842537403107,0.7766414284706116,0.5235231518745422,0.6937527060508728,0.18664513528347015,0.718911349773407,-0.14267052710056305,0.9999976754188538,0.18942098319530487,0.7514103651046753,-0.19976142048835754,0.9846614599227905,0.18910430371761322,0.7869771122932434,-0.2145790159702301,0.9905756115913391,defesa
shot_KS_7,1.4179749488830566,0.19742365181446075,0.6590319275856018,-0.1358737051486969,0.999958872795105,0.18847309052944183,0.674355149269104,0.12059397250413895,0.999976396560669,0.1803000122308731,0.6891897320747375,0.1858299970626831,0.18827210366725922,0.17087247967720032,0.700881838798523,0.12527750432491302,0.30276432633399963,0.18607376515865326,0.6724942326545715,-0.3135516047477722,0.9999967217445374,0.17839236557483673,0.6880611777305603,-0.4068134129047394,0.9963339567184448,0.18002386391162872,0.7199701070785522,-0.4336290657520294,0.98907870054245,0.186668261885643,0.7179995775222778,0.1440233439207077,0.9999944567680359,0.18657608330249786,0.7478408217430115,0.2677767872810364,0.3612295687198639,0.18425817787647247,0.7793208360671997,0.4105875790119171,0.708297848701477,0.18663790822029114,0.7192763090133667,-0.1441277265548706,0.9999977946281433,0.18825404345989227,0.7515564560890198,-0.12587648630142212,0.985762357711792,0.18798673152923584,0.7867650389671326,-0.10178910940885544,0.9910754561424255,defesa
shot_KS_7,1.4813940525054932,0.19741831719875336,0.6590257287025452,-0.18063509464263916,0.9999624490737915,0.18824608623981476,0.674448549747467,0.08859026432037354,0.999977707862854,0.1801174283027649,0.6903191208839417,0.17833571135997772,0.19894519448280334,0.1732015162706375,0.7030951380729675,0.1092405766248703,0.31242942810058594,0.18678873777389526,0.6739987134933472,-0.3466680943965912,0.9999969005584717,0.18161731958389282,0.6935065388679504,-0.4497765600681305,0.996581494808197,0.18426090478897095,0.7208554744720459,-0.480287104845047,0.9895294904708862,0.18600276112556458,0.7178328037261963,0.14908723533153534,0.9999945163726807,0.18653427064418793,0.747552752494812,0.31394240260124207,0.36902478337287903,0.18442988395690918,0.7792944312095642,0.42430755496025085,0.7240922451019287,0.1866217404603958,0.719167947769165,-0.14917601644992828,0.9999978542327881,0.18817083537578583,0.751488983631134,-0.14452555775642395,0.9869922399520874,0.18763285875320435,0.7867624163627625,-0.13217219710350037,0.991716742515564,defesa
shot_KS_7,1.5288951396942139,0.19738975167274475,0.6589797139167786,-0.17724838852882385,0.9999654293060303,0.18809930980205536,0.6749208569526672,0.08496671915054321,0.9999783635139465,0.18026421964168549,0.6912887096405029,0.1758512556552887,0.20960602164268494,0.1751297563314438,0.7046759128570557,0.11341401189565659,0.31489360332489014,0.18725214898586273,0.6750117540359497,-0.340375155210495,0.9999970197677612,0.18423579633235931,0.6980422139167786,-0.43698564171791077,0.9968422055244446,0.18608537316322327,0.7220630049705505,-0.46019700169563293,0.9900472164154053,0.18589068949222565,0.7177872657775879,0.14911310374736786,0.9999947547912598,0.186546191573143,0.7475414276123047,0.3229721486568451,0.3891002833843231,0.18442024290561676,0.7792800068855286,0.4483334422111511,0.7440258264541626,0.18658798933029175,0.7191407084465027,-0.1491999626159668,0.9999979734420776,0.18812702596187592,0.751282811164856,-0.15173447132110596,0.9881989359855652,0.18754658102989197,0.7867273092269897,-0.1426573246717453,0.992436408996582,defesa
shot_KS_7,1.5924935340881348,0.19736893475055695,0.6586920022964478,-0.2255232185125351,0.9999620914459229,0.18798784911632538,0.6750457882881165,0.05262767896056175,0.9999738335609436,0.18117450177669525,0.6936972141265869,0.140396386384964,0.19010788202285767,0.1805986613035202,0.7100180983543396,0.08190818130970001,0.28480324149131775,0.18841971457004547,0.6758415699005127,-0.37367478013038635,0.999997079372406,0.1858518272638321,0.7000515460968018,-0.45047810673713684,0.9970260858535767,0.1868242770433426,0.7238690853118896,-0.4614684581756592,0.9907131195068359,0.18572159111499786,0.7177742123603821,0.14617769420146942,0.9999947547912598,0.18654675781726837,0.7476102113723755,0.3596739172935486,0.38441091775894165,0.18440701067447662,0.7790566086769104,0.5595421195030212,0.7538062334060669,0.1864561140537262,0.7191336154937744,-0.14622850716114044,0.9999980926513672,0.18823230266571045,0.7512595057487488,-0.14736613631248474,0.9891226291656494,0.18759621679782867,0.7869548797607422,-0.11216509342193604,0.9930097460746765,defesa
shot_KS_7,1.6402695178985596,0.19738160073757172,0.6576574444770813,-0.20207996666431427,0.9999634027481079,0.18791700899600983,0.6750230193138123,0.06832872331142426,0.9999703168869019,0.18126221001148224,0.6940479278564453,0.14638404548168182,0.17362624406814575,0.18308962881565094,0.7131088972091675,0.07783651351928711,0.2593674659729004,0.19004249572753906,0.6772932410240173,-0.35333943367004395,0.9999971389770508,0.18751458823680878,0.7014114260673523,-0.4370550811290741,0.9972379207611084,0.1884305328130722,0.7241645455360413,-0.44639772176742554,0.9914367198944092,0.18510819971561432,0.7171410322189331,0.14265309274196625,0.999994158744812,0.18667156994342804,0.7477724552154541,0.2974225580692291,0.38046765327453613,0.18484799563884735,0.7798442840576172,0.4400896430015564,0.7548862099647522,0.18641436100006104,0.7190650701522827,-0.14269348978996277,0.9999980330467224,0.18813271820545197,0.75123530626297,-0.13559095561504364,0.9894322752952576,0.18758641183376312,0.7869738340377808,-0.09202403575181961,0.9930676221847534,defesa
shot_KS_7,1.6882967948913574,0.19737543165683746,0.6572628617286682,-0.21447406709194183,0.9999561905860901,0.18882210552692413,0.6750544905662537,0.0635225847363472,0.9999624490737915,0.18444401025772095,0.6952029466629028,0.14144904911518097,0.15851043164730072,0.18557937443256378,0.7166801691055298,0.06888718158006668,0.23493415117263794,0.18937455117702484,0.6770185232162476,-0.35473403334617615,0.9999970197677612,0.18744514882564545,0.7016158103942871,-0.4343642592430115,0.9973481297492981,0.18906188011169434,0.724284291267395,-0.45472973585128784,0.9919571876525879,0.1851852834224701,0.7183711528778076,0.1395316869020462,0.9999939799308777,0.18698547780513763,0.7484345436096191,0.3064803183078766,0.3756815493106842,0.18487121164798737,0.779670000076294,0.46426787972450256,0.7632572054862976,0.1862814575433731,0.719926118850708,-0.1395362913608551,0.9999980330467224,0.1880037784576416,0.7516762614250183,-0.130256786942482,0.9896499514579773,0.1878640055656433,0.787083089351654,-0.07602912932634354,0.9933573007583618,defesa
shot_KS_7,1.7519996166229248,0.19735409319400787,0.6572597622871399,-0.19899097084999084,0.9999526143074036,0.18879063427448273,0.675075352191925,0.06448211520910263,0.9999501705169678,0.18609674274921417,0.698222815990448,0.1518283188343048,0.14513243734836578,0.18542011082172394,0.7148749828338623,0.0842883437871933,0.21301428973674774,0.1894969940185547,0.6769878268241882,-0.35300901532173157,0.9999969601631165,0.187911257147789,0.7015665769577026,-0.42461085319519043,0.9975166320800781,0.19063504040241241,0.7243306040763855,-0.44799166917800903,0.992609441280365,0.18542487919330597,0.7183782458305359,0.1355934888124466,0.9999935626983643,0.18735073506832123,0.7488691210746765,0.2524731457233429,0.39978229999542236,0.18484219908714294,0.7798053622245789,0.36677733063697815,0.7791364789009094,0.18627193570137024,0.7198637127876282,-0.1356145292520523,0.9999980330467224,0.1877572387456894,0.7519683837890625,-0.09979575127363205,0.990018367767334,0.18807578086853027,0.7870904803276062,-0.05197279900312424,0.9937702417373657,defesa
shot_KS_7,1.7997126579284668,0.19734463095664978,0.6571437120437622,-0.19215233623981476,0.9999452829360962,0.18878526985645294,0.6750562787055969,0.08407993614673615,0.999937117099762,0.1861504763364792,0.7004081606864929,0.16096922755241394,0.13326287269592285,0.18694622814655304,0.7174692153930664,0.08428595960140228,0.19346921145915985,0.1895100623369217,0.676838755607605,-0.32668331265449524,0.9999966621398926,0.18850843608379364,0.7013604640960693,-0.3976413905620575,0.9976231455802917,0.1918487399816513,0.7238938808441162,-0.41508617997169495,0.9930797219276428,0.185507670044899,0.7184725403785706,0.1328989714384079,0.9999930262565613,0.1873929500579834,0.7491890788078308,0.25152912735939026,0.4232594072818756,0.18483032286167145,0.779796838760376,0.37197867035865784,0.7936054468154907,0.18627113103866577,0.7198200225830078,-0.13292385637760162,0.9999979138374329,0.18771785497665405,0.7520436644554138,-0.0845729261636734,0.990349292755127,0.18823738396167755,0.7870519161224365,-0.031316954642534256,0.9941494464874268,defesa
shot_KS_7,1.8633627891540527,0.19733798503875732,0.6571174263954163,-0.1660083681344986,0.999947726726532,0.18778662383556366,0.6746281981468201,0.10209562629461288,0.9999250173568726,0.18431872129440308,0.6970179677009583,0.20274485647678375,0.12158249318599701,0.18529044091701508,0.7154936790466309,0.16453659534454346,0.17590084671974182,0.19064538180828094,0.6773032546043396,-0.3090415596961975,0.9999966025352478,0.18952377140522003,0.7019459009170532,-0.3799969255924225,0.9977083206176758,0.19289998710155487,0.723750114440918,-0.3851037323474884,0.9936017990112305,0.18490220606327057,0.7184219360351562,0.13273859024047852,0.9999923706054688,0.18738959729671478,0.7491445541381836,0.25355392694473267,0.4538617730140686,0.1847599595785141,0.7797352075576782,0.36397257447242737,0.8090817332267761,0.18666371703147888,0.7198112607002258,-0.13281694054603577,0.9999978542327881,0.187746062874794,0.7520016431808472,-0.07056300342082977,0.9909085631370544,0.18838709592819214,0.787032961845398,-0.028279844671487808,0.9945918321609497,defesa
shot_KS_7,1.927081823348999,0.19733016192913055,0.657107949256897,-0.17733219265937805,0.9999517798423767,0.18716900050640106,0.6742472648620605,0.09441538900136948,0.9999167919158936,0.1830858290195465,0.6951152682304382,0.20532798767089844,0.11092348396778107,0.18446867167949677,0.712483286857605,0.19451068341732025,0.16007588803768158,0.19136376678943634,0.6776742339134216,-0.3147188723087311,0.9999967217445374,0.19049687683582306,0.7026723027229309,-0.38360634446144104,0.9978740215301514,0.19419117271900177,0.7246348857879639,-0.3843666911125183,0.9941824078559875,0.18461184203624725,0.7184243202209473,0.1318429708480835,0.9999919533729553,0.18738681077957153,0.7490916848182678,0.26879292726516724,0.4768851101398468,0.18465901911258698,0.7790520787239075,0.414490669965744,0.8225915431976318,0.18694625794887543,0.720149576663971,-0.1319415271282196,0.9999978542327881,0.1877828687429428,0.7523336410522461,-0.0399305634200573,0.9914727807044983,0.1889890879392624,0.787371814250946,0.031249353662133217,0.9950035810470581,defesa
shot_KS_7,1.9876899719238281,0.19732260704040527,0.6571277379989624,-0.1839061826467514,0.9999557733535767,0.1870627999305725,0.6740025281906128,0.09067156165838242,0.999913215637207,0.18289415538311005,0.6939270496368408,0.21099267899990082,0.10153451561927795,0.184599831700325,0.7107580304145813,0.20943276584148407,0.14619767665863037,0.19159942865371704,0.6778038144111633,-0.3177080750465393,0.9999969005584717,0.190808966755867,0.7029723525047302,-0.3849616050720215,0.9980207085609436,0.19451740384101868,0.7248848676681519,-0.38760906457901,0.994703471660614,0.18455103039741516,0.7183921933174133,0.1320336014032364,0.9999917149543762,0.18737758696079254,0.749047040939331,0.27649661898612976,0.4995380938053131,0.18458527326583862,0.7783378958702087,0.42088332772254944,0.8353250026702881,0.1872851699590683,0.7201594710350037,-0.13213884830474854,0.9999978542327881,0.18782417476177216,0.7522895336151123,-0.05867522954940796,0.9920725226402283,0.1892087310552597,0.7874911427497864,-0.0028138018678873777,0.995400071144104,defesa
shot_KS_7,2.0382139682769775,0.19731415808200836,0.6571395993232727,-0.18417155742645264,0.9999597668647766,0.18695135414600372,0.6738665699958801,0.09037171304225922,0.999914824962616,0.18269820511341095,0.6928611397743225,0.21764206886291504,0.09357620030641556,0.18501007556915283,0.7081263661384583,0.21886804699897766,0.13506388664245605,0.191903218626976,0.6779004335403442,-0.3193614184856415,0.999997079372406,0.19091887772083282,0.7027146220207214,-0.3893264830112457,0.9981452822685242,0.1945710927248001,0.7249224185943604,-0.3990755081176758,0.9951749444007874,0.18443453311920166,0.7181954979896545,0.13288988173007965,0.9999915957450867,0.1873856633901596,0.7488933205604553,0.2803393304347992,0.5182933807373047,0.18455630540847778,0.7777422070503235,0.4185916781425476,0.846684992313385,0.18753015995025635,0.7201498746871948,-0.13299043476581573,0.9999979138374329,0.18809230625629425,0.7522335052490234,-0.0764017328619957,0.9926415681838989,0.18918608129024506,0.7874794006347656,-0.012367193587124348,0.995754063129425,defesa
shot_KS_7,2.1013576984405518,0.19730904698371887,0.6571529507637024,-0.184173583984375,0.999963104724884,0.18698199093341827,0.6738227605819702,0.08593644946813583,0.999915361404419,0.1826881319284439,0.6928658485412598,0.2045709192752838,0.08621853590011597,0.1849086731672287,0.7083892226219177,0.18746189773082733,0.1243472769856453,0.19174928963184357,0.6778043508529663,-0.3249383270740509,0.9999972581863403,0.19071383774280548,0.7025377750396729,-0.3896593451499939,0.9982395172119141,0.19432878494262695,0.7245608568191528,-0.40644046664237976,0.9955902099609375,0.18448825180530548,0.7181066274642944,0.1334158033132553,0.9999914169311523,0.18744461238384247,0.7486580014228821,0.28161194920539856,0.5345121622085571,0.1844126433134079,0.7775278091430664,0.4233217239379883,0.8568013310432434,0.18775995075702667,0.720122218132019,-0.1335143893957138,0.9999979734420776,0.18831609189510345,0.7522161602973938,-0.08283235877752304,0.9931434988975525,0.18914695084095,0.7873726487159729,-0.024143846705555916,0.9960683584213257,defesa
shot_KS_7,2.1653738021850586,0.19730688631534576,0.6571798920631409,-0.20063206553459167,0.9999664425849915,0.18699756264686584,0.6737942099571228,0.061462659388780594,0.999919056892395,0.1826678067445755,0.6915614008903503,0.2238769680261612,0.08000785112380981,0.18496635556221008,0.7073432207107544,0.28155043721199036,0.11559152603149414,0.19186419248580933,0.6779214143753052,-0.3373052477836609,0.9999973773956299,0.1905505657196045,0.7026934027671814,-0.39728179574012756,0.9983423948287964,0.19397471845149994,0.7243101000785828,-0.40892741084098816,0.9958690404891968,0.18450526893138885,0.717746913433075,0.13161233067512512,0.9999914169311523,0.18747304379940033,0.7474261522293091,0.2881903052330017,0.5516651272773743,0.18435241281986237,0.7760754823684692,0.4315449595451355,0.8659408092498779,0.18801362812519073,0.7200612425804138,-0.13172142207622528,0.9999980330467224,0.1886259913444519,0.7518421411514282,-0.07064685225486755,0.9935986995697021,0.18912926316261292,0.7869697213172913,-0.018237458541989326,0.996358335018158,defesa
shot_KS_7,2.229369640350342,0.19730181992053986,0.6572485566139221,-0.2103106528520584,0.999969482421875,0.18696549534797668,0.6737979054450989,0.04794168472290039,0.9999228715896606,0.1826537847518921,0.6913706660270691,0.23741473257541656,0.07516364008188248,0.18619535863399506,0.7060596346855164,0.3272475600242615,0.10804233700037003,0.191849946975708,0.6782040596008301,-0.34676727652549744,0.9999974370002747,0.1903853565454483,0.7029803395271301,-0.4061751663684845,0.9984226822853088,0.19373096525669098,0.7242827415466309,-0.4099667966365814,0.996069610118866,0.18454138934612274,0.7175438404083252,0.13048149645328522,0.9999913573265076,0.18749716877937317,0.7473140358924866,0.29666584730148315,0.5649204254150391,0.18428100645542145,0.7757757902145386,0.4421997368335724,0.8740206956863403,0.18827688694000244,0.7200458645820618,-0.13060449063777924,0.9999980330467224,0.18889105319976807,0.7518097758293152,-0.06319554150104523,0.9939749240875244,0.1891116201877594,0.78681880235672,-0.012410551309585571,0.9966110587120056,defesa
shot_KS_7,2.2766575813293457,0.19729788601398468,0.6574701070785522,-0.30276164412498474,0.9999709725379944,0.18795917928218842,0.6742491722106934,0.0002531443606130779,0.9999241828918457,0.1837489753961563,0.6914951205253601,0.19728325307369232,0.06958738714456558,0.18851129710674286,0.703888475894928,0.25255563855171204,0.10075987875461578,0.19085894525051117,0.6781321167945862,-0.40401697158813477,0.9999973773956299,0.18974190950393677,0.7027193307876587,-0.46625396609306335,0.9984452128410339,0.19316674768924713,0.7241284847259521,-0.4864535629749298,0.9961360096931458,0.18594029545783997,0.7177079916000366,0.1308949887752533,0.9999912977218628,0.18774564564228058,0.7473076581954956,0.320303350687027,0.5687419772148132,0.18426789343357086,0.7757120728492737,0.5042509436607361,0.8815003633499146,0.18816561996936798,0.7202116250991821,-0.13099925220012665,0.9999979734420776,0.1891835778951645,0.751807689666748,-0.03918902948498726,0.9941597580909729,0.18909670412540436,0.7864963412284851,0.05482514947652817,0.9968242049217224,defesa
shot_KS_7,2.3401896953582764,0.19730155169963837,0.6575953960418701,-0.270844042301178,0.999971866607666,0.18888278305530548,0.6749506592750549,0.03332952782511711,0.9999250173568726,0.18408608436584473,0.6913555860519409,0.20184604823589325,0.06443871557712555,0.18772627413272858,0.7046535015106201,0.23112019896507263,0.09318266063928604,0.19011779129505157,0.6781156659126282,-0.37588074803352356,0.9999971985816956,0.1892029494047165,0.702425479888916,-0.4588102400302887,0.9983376264572144,0.19314776360988617,0.7232742309570312,-0.4991385340690613,0.9955242276191711,0.18663503229618073,0.7176998853683472,0.13433106243610382,0.9999916553497314,0.18788696825504303,0.7467318177223206,0.31460288166999817,0.5714876651763916,0.1842527538537979,0.7753788232803345,0.4938829839229584,0.888112485408783,0.18809281289577484,0.7201017141342163,-0.13438136875629425,0.9999980330467224,0.1895710974931717,0.7511128187179565,-0.13423901796340942,0.9946014881134033,0.18909373879432678,0.7858371734619141,-0.09323690086603165,0.9970815181732178,defesa
shot_KS_7,2.4038214683532715,0.1973133236169815,0.6576682329177856,-0.27281850576400757,0.9999703764915466,0.18939700722694397,0.6754463315010071,0.044121988117694855,0.9999233484268188,0.18409354984760284,0.6913487315177917,0.1841859519481659,0.05986736714839935,0.18727214634418488,0.7050422430038452,0.16232846677303314,0.08591024577617645,0.18959464132785797,0.6779659986495972,-0.37013596296310425,0.999997079372406,0.1883908063173294,0.7022643685340881,-0.4651396870613098,0.9982388615608215,0.19220681488513947,0.7224814295768738,-0.5242692828178406,0.9953184127807617,0.18677321076393127,0.717698335647583,0.13692334294319153,0.9999919533729553,0.18810397386550903,0.7463228702545166,0.32170945405960083,0.5628630518913269,0.18422268331050873,0.7755117416381836,0.5158805847167969,0.8918262720108032,0.18792378902435303,0.7198881506919861,-0.13693232834339142,0.9999980926513672,0.18999914824962616,0.7502618432044983,-0.1907617747783661,0.9950205683708191,0.18908679485321045,0.7856457233428955,-0.17238962650299072,0.9973124265670776,defesa
shot_KS_7,2.4675076007843018,0.1973419040441513,0.6576662659645081,-0.2673269510269165,0.9999669194221497,0.18948489427566528,0.6757060289382935,0.045437831431627274,0.99991774559021,0.18392235040664673,0.692266047000885,0.12644997239112854,0.05510370433330536,0.18742524087429047,0.7087493538856506,0.036132507026195526,0.07860247790813446,0.18965782225131989,0.6779292821884155,-0.3741910755634308,0.9999969601631165,0.18839207291603088,0.7024140357971191,-0.45924869179725647,0.9981915950775146,0.1921834945678711,0.7225247025489807,-0.4993381202220917,0.9954039454460144,0.18692563474178314,0.7180293202400208,0.13723616302013397,0.9999919533729553,0.18849216401576996,0.7464068531990051,0.32718318700790405,0.5559331178665161,0.18422693014144897,0.7756282687187195,0.5187455415725708,0.893983781337738,0.18795736134052277,0.7199121117591858,-0.13723479211330414,0.999998152256012,0.19070805609226227,0.7502543330192566,-0.15355493128299713,0.9952779412269592,0.1890196055173874,0.7855513095855713,-0.10787767171859741,0.9974563717842102,defesa
shot_KS_7,2.5154590606689453,0.19735652208328247,0.6577129364013672,-0.28176289796829224,0.9999642968177795,0.18975862860679626,0.6760387420654297,0.04020610451698303,0.9999171495437622,0.18433399498462677,0.692889392375946,0.1153559684753418,0.05061410367488861,0.18772903084754944,0.7119482755661011,0.019607989117503166,0.0715797170996666,0.18958686292171478,0.6779672503471375,-0.38699349761009216,0.9999969601631165,0.18799783289432526,0.7024012804031372,-0.4756196439266205,0.9980751872062683,0.19215689599514008,0.7225172519683838,-0.523425817489624,0.9951788187026978,0.18700045347213745,0.7181923389434814,0.13992202281951904,0.9999922513961792,0.18885882198810577,0.7465025186538696,0.3432322144508362,0.5403555035591125,0.18414480984210968,0.7758006453514099,0.5458280444145203,0.892690896987915,0.18795233964920044,0.7199629545211792,-0.13989175856113434,0.9999982118606567,0.1913263201713562,0.7501294612884521,-0.16489733755588531,0.9955458045005798,0.1889963299036026,0.7855786681175232,-0.1230936199426651,0.9975898265838623,defesa
shot_KS_7,2.588322162628174,0.1973680853843689,0.6577789783477783,-0.2656485140323639,0.9999615550041199,0.1899498701095581,0.676504373550415,0.0548529215157032,0.9999147057533264,0.18666639924049377,0.6968834400177002,0.13683442771434784,0.04627731442451477,0.1875637322664261,0.7130386233329773,0.04359694570302963,0.0649278461933136,0.18956802785396576,0.6781510710716248,-0.3817558288574219,0.9999964237213135,0.18786515295505524,0.7023460268974304,-0.4677051901817322,0.997560977935791,0.1920197457075119,0.7213271856307983,-0.49637699127197266,0.9921035766601562,0.18710900843143463,0.7186623811721802,0.14092323184013367,0.9999926090240479,0.1888214498758316,0.7471756339073181,0.35221368074417114,0.5495615005493164,0.18410561978816986,0.7759447693824768,0.5545452237129211,0.8990665078163147,0.18812310695648193,0.7208661437034607,-0.1409013420343399,0.9999982714653015,0.19280023872852325,0.7518288493156433,-0.1461573839187622,0.9958886504173279,0.1891840249300003,0.7857941389083862,-0.08157309144735336,0.9977707862854004,defesa
shot_KS_7,2.6429901123046875,0.19742466509342194,0.6583679914474487,-0.2436511516571045,0.9999592900276184,0.19003014266490936,0.676410436630249,0.07352780550718307,0.9999122023582458,0.18719634413719177,0.6978805661201477,0.1482435017824173,0.04236825555562973,0.18739496171474457,0.7134301662445068,0.08432076871395111,0.05889942869544029,0.1895856112241745,0.678645670413971,-0.36342769861221313,0.9999960064888,0.18772119283676147,0.7023063898086548,-0.4324322044849396,0.9973423480987549,0.19240516424179077,0.7199733853340149,-0.4358990788459778,0.990854024887085,0.18716521561145782,0.719517707824707,0.1421014964580536,0.9999929666519165,0.18876196444034576,0.7475407123565674,0.36846446990966797,0.5610402822494507,0.18346932530403137,0.7754852771759033,0.5682092308998108,0.9050561785697937,0.18833573162555695,0.7222791910171509,-0.14209474623203278,0.9999983310699463,0.19341324269771576,0.752816379070282,-0.13151077926158905,0.9962088465690613,0.1894982010126114,0.7859033942222595,-0.04654516652226448,0.9979392290115356,defesa
shot_KS_7,2.6905643939971924,0.19747434556484222,0.6591159701347351,-0.2483527958393097,0.9999584555625916,0.1903931349515915,0.6776711940765381,0.060606636106967926,0.9999099969863892,0.1865658313035965,0.7013521790504456,0.13760486245155334,0.03907288610935211,0.18816949427127838,0.7165921330451965,0.052851948887109756,0.053766172379255295,0.18955053389072418,0.679654598236084,-0.3737014830112457,0.9999959468841553,0.18757636845111847,0.7035375237464905,-0.43319621682167053,0.9974424839019775,0.1940426081418991,0.7201206684112549,-0.44525840878486633,0.9914247989654541,0.18731065094470978,0.7203596234321594,0.14230230450630188,0.999993085861206,0.18871594965457916,0.7478662133216858,0.3845531940460205,0.5769538879394531,0.18307068943977356,0.7753192186355591,0.5943698287010193,0.9115714430809021,0.18848787248134613,0.7234851121902466,-0.14229215681552887,0.9999983906745911,0.1941501349210739,0.7535765767097473,-0.11460377275943756,0.9965224266052246,0.19003842771053314,0.7863001227378845,-0.007219963241368532,0.9980998039245605,defesa
shot_KS_7,2.7552850246429443,0.1974703073501587,0.659977376461029,-0.24829940497875214,0.9999586939811707,0.1910451352596283,0.678529679775238,0.05856538936495781,0.9999160766601562,0.18796734511852264,0.6994622945785522,0.2573417127132416,0.038742344826459885,0.19542644917964935,0.7031188607215881,0.34527406096458435,0.06060133874416351,0.18929703533649445,0.6808642148971558,-0.36807361245155334,0.9999957084655762,0.18736715614795685,0.7054353356361389,-0.4210393726825714,0.9972817301750183,0.19607339799404144,0.7194862365722656,-0.43888163566589355,0.9915533065795898,0.18761645257472992,0.7211799621582031,0.1422281414270401,0.9999927282333374,0.1886962205171585,0.7486603260040283,0.3694506287574768,0.565655529499054,0.1828121393918991,0.7753540873527527,0.5739779472351074,0.9140917062759399,0.18852736055850983,0.7244529128074646,-0.14217500388622284,0.9999980926513672,0.19486859440803528,0.7547440528869629,-0.12221954017877579,0.9966946244239807,0.1903635412454605,0.7864930033683777,-0.012990375980734825,0.9981725811958313,defesa
shot_KS_7,2.8190996646881104,0.19736455380916595,0.6608883142471313,-0.23861920833587646,0.9999617338180542,0.1907627433538437,0.6785781979560852,0.052624475210905075,0.999923586845398,0.18883219361305237,0.6988898515701294,0.2797256112098694,0.045843761414289474,0.19646118581295013,0.700249195098877,0.4088265895843506,0.10893784463405609,0.1893276423215866,0.6821886301040649,-0.35437992215156555,0.9999957084655762,0.1874668449163437,0.7071273326873779,-0.4110645353794098,0.9972959160804749,0.19839675724506378,0.7160618901252747,-0.42025426030158997,0.9921677112579346,0.18732143938541412,0.7215443849563599,0.13731934130191803,0.999991774559021,0.188759908080101,0.7486538290977478,0.36237069964408875,0.5571141242980957,0.18266130983829498,0.7754161953926086,0.5597238540649414,0.9158439636230469,0.18851186335086823,0.7246299982070923,-0.1372695416212082,0.9999974370002747,0.19592000544071198,0.7549991607666016,-0.13357535004615784,0.9968501329421997,0.19049280881881714,0.7865991592407227,-0.02803906984627247,0.9982249736785889,defesa
shot_KS_7,2.8825109004974365,0.19726718962192535,0.6616764664649963,-0.24526767432689667,0.9999645948410034,0.1902925819158554,0.6790171265602112,0.04748137667775154,0.9999302625656128,0.18934251368045807,0.698275089263916,0.27536076307296753,0.05117156356573105,0.19745440781116486,0.6985876560211182,0.39416030049324036,0.1450631320476532,0.18972960114479065,0.6832700967788696,-0.35824963450431824,0.9999955296516418,0.18833965063095093,0.7077128291130066,-0.41805094480514526,0.9972536563873291,0.20067955553531647,0.7128546237945557,-0.43032607436180115,0.9925954937934875,0.1866852343082428,0.7217923402786255,0.1373850256204605,0.9999909996986389,0.1891748160123825,0.7485610842704773,0.3623749613761902,0.5416582226753235,0.18263374269008636,0.7754359841346741,0.5600773692131042,0.9131181240081787,0.1885419338941574,0.7250827550888062,-0.13733956217765808,0.9999969005584717,0.19660530984401703,0.7551429271697998,-0.1504821479320526,0.9969812631607056,0.19071929156780243,0.7868689894676208,-0.08318576961755753,0.9982598423957825,defesa
shot_KS_7,2.9304404258728027,0.19696252048015594,0.6619709134101868,-0.2922760546207428,0.9999673962593079,0.18900886178016663,0.6794447302818298,0.01584995910525322,0.9999362230300903,0.18965691328048706,0.6978419423103333,0.24548831582069397,0.05420880392193794,0.19814039766788483,0.6966016888618469,0.3555753231048584,0.1718520075082779,0.19047416746616364,0.683955729007721,-0.40487319231033325,0.9999952912330627,0.1903875321149826,0.7084319591522217,-0.45624086260795593,0.9967451691627502,0.20216426253318787,0.7080709338188171,-0.43296051025390625,0.9929994940757751,0.1862029880285263,0.7223351001739502,0.14179949462413788,0.9999900460243225,0.18949025869369507,0.7485420107841492,0.3893909752368927,0.5114281177520752,0.18251748383045197,0.775743305683136,0.6009820699691772,0.9085133075714111,0.18870997428894043,0.7256276607513428,-0.14181460440158844,0.9999962449073792,0.19734309613704681,0.7558789849281311,-0.16082166135311127,0.996916651725769,0.19077715277671814,0.7870579361915588,-0.0883442610502243,0.998210072517395,defesa
shot_KS_7,2.994074583053589,0.1968904286623001,0.6629998683929443,-0.3055579662322998,0.9999698996543884,0.18865004181861877,0.6803324818611145,0.008648457005620003,0.999941349029541,0.19084382057189941,0.697727620601654,0.23297293484210968,0.05148054286837578,0.19957955181598663,0.6944014430046082,0.3227231502532959,0.16594207286834717,0.19048596918582916,0.6856241226196289,-0.42084068059921265,0.9999943375587463,0.19281922280788422,0.7087715864181519,-0.4505339562892914,0.9955606460571289,0.20384803414344788,0.7039933800697327,-0.3921901285648346,0.9917507767677307,0.18622663617134094,0.7235864400863647,0.14707984030246735,0.9999896883964539,0.18962937593460083,0.748527467250824,0.439887672662735,0.46948879957199097,0.1824796050786972,0.7759705185890198,0.6770968437194824,0.8856388926506042,0.18890196084976196,0.727137565612793,-0.14708437025547028,0.9999958872795105,0.19780302047729492,0.7558397650718689,-0.15152527391910553,0.9965454339981079,0.1908523589372635,0.7871105074882507,-0.086146779358387,0.9977866411209106,defesa
shot_KS_7,3.0440523624420166,0.19677411019802094,0.6648627519607544,-0.2659619450569153,0.9999565482139587,0.18897323310375214,0.6814917325973511,0.02203933708369732,0.9999374747276306,0.1926283985376358,0.7023073434829712,0.10096394270658493,0.04810859635472298,0.20070847868919373,0.697808563709259,-0.0012055628467351198,0.15402276813983917,0.19046097993850708,0.685393214225769,-0.41802144050598145,0.9999875426292419,0.19516879320144653,0.7081204056739807,-0.4125336706638336,0.9931346774101257,0.2048095464706421,0.6979281306266785,-0.34364965558052063,0.9899911284446716,0.1867600381374359,0.7251416444778442,0.14274199306964874,0.9999890327453613,0.1897156536579132,0.7488501667976379,0.4022357165813446,0.4355620741844177,0.1823764443397522,0.7760916948318481,0.6172846555709839,0.8636989593505859,0.18899346888065338,0.7278600931167603,-0.1427282691001892,0.9999954700469971,0.19790832698345184,0.7556681632995605,-0.16571353375911713,0.9962466955184937,0.1908326894044876,0.7871057987213135,-0.08191294223070145,0.9971604347229004,defesa
shot_KS_7,3.1059765815734863,0.19665101170539856,0.6654309034347534,-0.23369848728179932,0.9999526143074036,0.18907347321510315,0.6815052032470703,0.04056674242019653,0.999936044216156,0.19458571076393127,0.7007968425750732,0.14311806857585907,0.046108417212963104,0.20305292308330536,0.6904903650283813,0.09674078226089478,0.14615589380264282,0.19067366421222687,0.6849604249000549,-0.376892626285553,0.9999818205833435,0.1975020319223404,0.7073181867599487,-0.3947233259677887,0.9905200600624084,0.20631761848926544,0.6922885775566101,-0.32733389735221863,0.9875852465629578,0.18676848709583282,0.7256026268005371,0.14269386231899261,0.9999891519546509,0.1897827833890915,0.7492247223854065,0.40709981322288513,0.4127582907676697,0.18231666088104248,0.7761732935905457,0.6285365223884583,0.8568509817123413,0.1890219748020172,0.728117823600769,-0.14268019795417786,0.9999954104423523,0.19811640679836273,0.7556229829788208,-0.16876567900180817,0.9963895082473755,0.19080357253551483,0.787040114402771,-0.10563475638628006,0.9971920251846313,defesa
shot_KS_7,3.153873920440674,0.19658263027668,0.6651032567024231,-0.22471287846565247,0.9999557733535767,0.18908055126667023,0.6813488006591797,0.054030366241931915,0.9999380707740784,0.19483043253421783,0.6976341605186462,0.19613368809223175,0.04521101713180542,0.20307697355747223,0.686063289642334,0.22543156147003174,0.14419977366924286,0.19138576090335846,0.6855231523513794,-0.36385446786880493,0.9999786615371704,0.2001429945230484,0.7063168883323669,-0.3657204210758209,0.9888858199119568,0.2068992257118225,0.6892895102500916,-0.26746299862861633,0.9866638779640198,0.18647827208042145,0.7255560755729675,0.14482232928276062,0.9999895095825195,0.18976320326328278,0.7493215203285217,0.43225938081741333,0.3939042091369629,0.1823529303073883,0.7760636210441589,0.6653937101364136,0.8544912934303284,0.18910270929336548,0.7283666729927063,-0.1448090374469757,0.9999954700469971,0.19839714467525482,0.7556228041648865,-0.1677803099155426,0.9966281652450562,0.19078247249126434,0.7868089079856873,-0.11633960902690887,0.9973470568656921,defesa
shot_KS_7,3.217858076095581,0.1965969204902649,0.6646830439567566,-0.23138482868671417,0.9999593496322632,0.18907418847084045,0.6811362504959106,0.04642161354422569,0.9999409914016724,0.19548067450523376,0.6951722502708435,0.17862477898597717,0.044345155358314514,0.20347678661346436,0.684906542301178,0.1875840127468109,0.13743488490581512,0.19204844534397125,0.6861302852630615,-0.3744843006134033,0.9999762773513794,0.20198316872119904,0.703946590423584,-0.3643033802509308,0.9878441691398621,0.2076856940984726,0.6856409311294556,-0.23771879076957703,0.9850028157234192,0.18608151376247406,0.7253859043121338,0.1458742320537567,0.9999901652336121,0.18976092338562012,0.7492951154708862,0.4482593834400177,0.37717968225479126,0.18236376345157623,0.77567458152771,0.6919269561767578,0.8463888764381409,0.18912075459957123,0.728276789188385,-0.14587655663490295,0.9999956488609314,0.1985245943069458,0.7556237578392029,-0.14394119381904602,0.9968243837356567,0.19083507359027863,0.7866551280021667,-0.09063182771205902,0.997448742389679,defesa
shot_KS_7,3.2813520431518555,0.19663861393928528,0.6644061207771301,-0.173474982380867,0.9999627470970154,0.1890784054994583,0.681022584438324,0.07955516129732132,0.9999430775642395,0.19711454212665558,0.6900723576545715,0.21665532886981964,0.050172995775938034,0.2043047994375229,0.6797735691070557,0.24406825006008148,0.14621272683143616,0.19261343777179718,0.685703456401825,-0.3321073651313782,0.9999735951423645,0.2034052461385727,0.7001550793647766,-0.31472963094711304,0.9875795245170593,0.20798996090888977,0.6817100048065186,-0.18145105242729187,0.9849499464035034,0.1859111338853836,0.7250545620918274,0.14556701481342316,0.999990701675415,0.1897713989019394,0.7492474317550659,0.42456987500190735,0.38213005661964417,0.1823793202638626,0.7755022048950195,0.6715704798698425,0.8483613729476929,0.189161017537117,0.7279539108276367,-0.14557714760303497,0.999995768070221,0.19865821301937103,0.7555705904960632,-0.14932212233543396,0.9970771074295044,0.19106817245483398,0.7863503098487854,-0.1142471507191658,0.9976251125335693,defesa
shot_KS_7,3.328881025314331,0.19687490165233612,0.6640343070030212,-0.19848191738128662,0.9999628067016602,0.19008682668209076,0.6805576086044312,0.07606718689203262,0.9999418258666992,0.20040155947208405,0.6864299178123474,0.0869038850069046,0.050309546291828156,0.2065228670835495,0.6735059022903442,-0.09484624862670898,0.14696623384952545,0.1923099309206009,0.6850345730781555,-0.3292507827281952,0.9999659657478333,0.2041376531124115,0.6943456530570984,-0.34909602999687195,0.9875918030738831,0.20811326801776886,0.6761350631713867,-0.27872234582901,0.9844300150871277,0.18616841733455658,0.7248368859291077,0.14096473157405853,0.9999911785125732,0.18975232541561127,0.7487391829490662,0.38596391677856445,0.367223858833313,0.1822970062494278,0.775449812412262,0.6035887002944946,0.8364618420600891,0.18918468058109283,0.7270976305007935,-0.14101065695285797,0.9999958276748657,0.1984497755765915,0.7553762197494507,-0.17989681661128998,0.9972408413887024,0.19113542139530182,0.7862257361412048,-0.14967642724514008,0.9976781606674194,defesa
shot_KS_7,3.392099618911743,0.19713245332241058,0.6629436016082764,-0.18866704404354095,0.9999653100967407,0.19106388092041016,0.6792142391204834,0.0807243138551712,0.999942421913147,0.2023678421974182,0.6815053820610046,0.08590243756771088,0.05495317652821541,0.20777425169944763,0.6685517430305481,-0.0952463150024414,0.15827889740467072,0.1922525316476822,0.683193564414978,-0.3222048580646515,0.9999613761901855,0.2045651227235794,0.6898626089096069,-0.3619546592235565,0.9877862334251404,0.2091899961233139,0.6717320084571838,-0.3126043975353241,0.9840729832649231,0.18655447661876678,0.7235769033432007,0.13877560198307037,0.9999914169311523,0.18969851732254028,0.7482795715332031,0.3435569405555725,0.35108667612075806,0.18226003646850586,0.7754511833190918,0.5310531854629517,0.8118361234664917,0.18922284245491028,0.7255872488021851,-0.1388106644153595,0.999995768070221,0.1983012706041336,0.7549251317977905,-0.19162271916866302,0.997307300567627,0.19117291271686554,0.7861793041229248,-0.16245277225971222,0.9975311160087585,defesa
shot_KS_7,3.4561829566955566,0.19769038259983063,0.6620063781738281,-0.19921906292438507,0.9999671578407288,0.19237728416919708,0.6760973930358887,0.07648221403360367,0.999944806098938,0.203397735953331,0.676028311252594,0.06343650817871094,0.07202798128128052,0.20949755609035492,0.664866030216217,-0.12558305263519287,0.1937604546546936,0.19243989884853363,0.6815011501312256,-0.32772183418273926,0.9999542236328125,0.20573990046977997,0.6859568357467651,-0.3686649203300476,0.9880454540252686,0.2104215770959854,0.6678744554519653,-0.3359210193157196,0.9838611483573914,0.18731896579265594,0.7218816876411438,0.13121603429317474,0.9999919533729553,0.18937046825885773,0.7477132678031921,0.3469791114330292,0.3726526200771332,0.18226490914821625,0.7741166949272156,0.5483352541923523,0.8183642029762268,0.18925106525421143,0.7237445712089539,-0.1312248706817627,0.9999958276748657,0.1981325000524521,0.7539740204811096,-0.1574513167142868,0.9974820017814636,0.19126784801483154,0.7857383489608765,-0.09173587709665298,0.997628927230835,defesa
shot_KS_7,3.503669023513794,0.19813278317451477,0.66099613904953,-0.24984124302864075,0.9999695420265198,0.19304156303405762,0.67244952917099,0.029548918828368187,0.9999485015869141,0.20496100187301636,0.6695753931999207,0.02776528336107731,0.1055355817079544,0.21154893934726715,0.6604253649711609,-0.15916657447814941,0.2407197803258896,0.19309763610363007,0.6806859374046326,-0.36095553636550903,0.9999464154243469,0.20664077997207642,0.6816822290420532,-0.46085110306739807,0.9877432584762573,0.21180202066898346,0.6643099188804626,-0.4965629279613495,0.9811293482780457,0.18789036571979523,0.7192164659500122,0.1313202679157257,0.9999926090240479,0.18871431052684784,0.7469523549079895,0.34451988339424133,0.40393194556236267,0.1822768896818161,0.7720633745193481,0.5485283732414246,0.8273087739944458,0.18957164883613586,0.7221596240997314,-0.13128529489040375,0.9999960064888,0.19807958602905273,0.7525588870048523,-0.15723611414432526,0.9976382255554199,0.19215720891952515,0.7846657037734985,-0.07446803152561188,0.9976918697357178,defesa
shot_KS_7,3.5713484287261963,0.1987508088350296,0.6589775681495667,-0.24981537461280823,0.9999708533287048,0.19448892772197723,0.6712630391120911,0.03339093178510666,0.9999505281448364,0.2066163271665573,0.6683477163314819,0.06972567737102509,0.13587427139282227,0.21456380188465118,0.6576614379882812,-0.05963018164038658,0.27560126781463623,0.19356957077980042,0.6788398027420044,-0.3718145787715912,0.9999368786811829,0.2065904289484024,0.6766874194145203,-0.5119547247886658,0.987302303314209,0.21458236873149872,0.6608872413635254,-0.592782199382782,0.9783342480659485,0.18853987753391266,0.7178613543510437,0.13157665729522705,0.999993085861206,0.18813346326351166,0.7458472847938538,0.34651798009872437,0.4310704171657562,0.18219272792339325,0.7720706462860107,0.5485556721687317,0.836898148059845,0.18968385457992554,0.720483660697937,-0.13161048293113708,0.9999961256980896,0.19781139492988586,0.7512051463127136,-0.15310589969158173,0.9977554082870483,0.19277329742908478,0.7837783694267273,-0.05812206119298935,0.9977484345436096,defesa
shot_KS_7,3.633011817932129,0.19907677173614502,0.6588971018791199,-0.2637431025505066,0.9999727606773376,0.19528894126415253,0.6698274612426758,0.021903429180383682,0.9999525547027588,0.20744596421718597,0.6658849120140076,0.048474617302417755,0.17809432744979858,0.2162262201309204,0.6569433212280273,-0.0905769020318985,0.31185781955718994,0.19414599239826202,0.6773104667663574,-0.39869576692581177,0.9999330043792725,0.2066134661436081,0.673122227191925,-0.5690172910690308,0.9875110983848572,0.21646277606487274,0.6601890325546265,-0.6745215058326721,0.9765785336494446,0.18897302448749542,0.7169663906097412,0.13564381003379822,0.9999935030937195,0.1871529072523117,0.7454235553741455,0.3508206903934479,0.4631218910217285,0.1819477677345276,0.7720832228660583,0.5510912537574768,0.846932053565979,0.1900785118341446,0.7199464440345764,-0.13560062646865845,0.9999962449073792,0.19776779413223267,0.7507583498954773,-0.15351735055446625,0.9978795051574707,0.19373686611652374,0.7836094498634338,-0.06740984320640564,0.9977974891662598,defesa
shot_KS_7,3.6935110092163086,0.19917245209217072,0.6581149101257324,-0.2585308849811554,0.9999741315841675,0.19581162929534912,0.6689206957817078,0.03345813602209091,0.999954879283905,0.20785991847515106,0.6647087931632996,0.07527969032526016,0.21575304865837097,0.2167593538761139,0.659800112247467,-0.06494753062725067,0.3508770167827606,0.19439812004566193,0.6761995553970337,-0.3947005271911621,0.9999315738677979,0.20645707845687866,0.6688279509544373,-0.5662675499916077,0.9880432486534119,0.21637995541095734,0.6585028767585754,-0.6726171374320984,0.9771524667739868,0.18934930860996246,0.7162148952484131,0.14407071471214294,0.9999938607215881,0.1866564005613327,0.7449080944061279,0.35611531138420105,0.49488046765327454,0.18167085945606232,0.7720711827278137,0.5573347806930542,0.8587741851806641,0.19034798443317413,0.7195915579795837,-0.14400310814380646,0.9999963045120239,0.19780242443084717,0.7499087452888489,-0.15856395661830902,0.9980388879776001,0.19500906765460968,0.7830583453178406,-0.06870540231466293,0.9979404211044312,defesa
shot_KS_7,3.7410075664520264,0.19962869584560394,0.6574881672859192,-0.2818925082683563,0.9999759197235107,0.19598089158535004,0.6674875617027283,0.03363816812634468,0.9999570250511169,0.2076086550951004,0.6643322706222534,0.08510244637727737,0.2592761218547821,0.21686916053295135,0.6589049100875854,-0.03622891753911972,0.3991043269634247,0.1947650909423828,0.6758528351783752,-0.41228175163269043,0.9999310970306396,0.20558205246925354,0.6696489453315735,-0.5912498235702515,0.9882938861846924,0.21599198877811432,0.6609269976615906,-0.7117692232131958,0.9770217537879944,0.1894974261522293,0.7162942290306091,0.14903949201107025,0.9999939799308777,0.18635424971580505,0.744190514087677,0.36071351170539856,0.5225189328193665,0.18158914148807526,0.7715135812759399,0.5828200578689575,0.8674782514572144,0.19079160690307617,0.7197297215461731,-0.14900265634059906,0.9999961256980896,0.1980590671300888,0.7493778467178345,-0.17367644608020782,0.99813312292099,0.19593828916549683,0.7823787331581116,-0.06963645666837692,0.9979782104492188,defesa
shot_KS_7,3.8045592308044434,0.20003189146518707,0.6578095555305481,-0.2757984399795532,0.9999758005142212,0.19654078781604767,0.6683087944984436,0.032644666731357574,0.9999567866325378,0.2077280580997467,0.6670345067977905,0.06611296534538269,0.2775677740573883,0.21604757010936737,0.6625151038169861,-0.0816221758723259,0.41643837094306946,0.19459272921085358,0.6760444045066833,-0.40160250663757324,0.9999299049377441,0.2052394449710846,0.6716675758361816,-0.5846959352493286,0.988664984703064,0.21562056243419647,0.663865327835083,-0.7126063704490662,0.9774726629257202,0.19018316268920898,0.7165383100509644,0.14841094613075256,0.9999940991401672,0.18644903600215912,0.7432282567024231,0.35010457038879395,0.5457526445388794,0.18162153661251068,0.7702612280845642,0.5678008198738098,0.8753311634063721,0.19106654822826385,0.7193295359611511,-0.14839914441108704,0.9999961256980896,0.19820664823055267,0.7489688992500305,-0.18369482457637787,0.9982062578201294,0.19688688218593597,0.7819940447807312,-0.09608536213636398,0.9980437755584717,defesa
shot_KS_7,3.867711067199707,0.20054681599140167,0.6578602194786072,-0.30745992064476013,0.9999778866767883,0.19780796766281128,0.6692387461662292,0.023414650931954384,0.999959409236908,0.20894253253936768,0.6694134473800659,0.04252805933356285,0.31340864300727844,0.21718311309814453,0.6668516993522644,-0.13520635664463043,0.44737064838409424,0.19468072056770325,0.6762675642967224,-0.4155931770801544,0.9999342560768127,0.20558451116085052,0.6739242672920227,-0.6054591536521912,0.9894356727600098,0.21601204574108124,0.6650724411010742,-0.7486585974693298,0.9787341952323914,0.19053618609905243,0.7165603637695312,0.14738918840885162,0.9999945163726807,0.18662644922733307,0.7421171069145203,0.35130810737609863,0.5758656859397888,0.1816437840461731,0.7696911692619324,0.5864955186843872,0.8845096826553345,0.19137822091579437,0.7190839052200317,-0.14737145602703094,0.9999963641166687,0.19882811605930328,0.7488538026809692,-0.193751260638237,0.9983429908752441,0.19794298708438873,0.7819512486457825,-0.09404683858156204,0.9981682896614075,defesa
shot_KS_7,3.931471824645996,0.20092560350894928,0.6580371856689453,-0.2930472195148468,0.999979555606842,0.1983865201473236,0.6697870492935181,0.032274387776851654,0.9999624490737915,0.20834873616695404,0.6733594536781311,0.22276756167411804,0.34388408064842224,0.21552088856697083,0.6760469675064087,0.26894769072532654,0.48276278376579285,0.19445903599262238,0.6762599349021912,-0.41257503628730774,0.99993896484375,0.205159530043602,0.6755832433700562,-0.5734019875526428,0.9902284741401672,0.2157677263021469,0.6754259467124939,-0.7154525518417358,0.9804111123085022,0.19142939150333405,0.7165364623069763,0.14379318058490753,0.9999948143959045,0.18688538670539856,0.7412962913513184,0.34328848123550415,0.6018577218055725,0.18165995180606842,0.7689660787582397,0.569887101650238,0.8931765556335449,0.19160096347332,0.7188729047775269,-0.14373981952667236,0.9999964833259583,0.19923155009746552,0.7488100528717041,-0.2267025262117386,0.9984647631645203,0.19850659370422363,0.7820078730583191,-0.13728414475917816,0.9982993602752686,defesa
shot_KS_7,3.995067596435547,0.201455757021904,0.658145546913147,-0.19515001773834229,0.9999768137931824,0.19912032783031464,0.6700142621994019,0.09415378421545029,0.9999637603759766,0.20828215777873993,0.678417980670929,0.1624249666929245,0.3722632825374603,0.21548128128051758,0.6849175691604614,0.09119410067796707,0.5112236738204956,0.19439469277858734,0.6760944128036499,-0.33664411306381226,0.9999415874481201,0.20512397587299347,0.6799470782279968,-0.49435630440711975,0.9908901453018188,0.2151355892419815,0.6851555705070496,-0.6024402976036072,0.9816773533821106,0.19196045398712158,0.7167585492134094,0.1411685049533844,0.9999951124191284,0.1878824084997177,0.7417612075805664,0.3065703213214874,0.6303257942199707,0.18175025284290314,0.7693853974342346,0.478035032749176,0.9018612504005432,0.1918572187423706,0.7188495993614197,-0.14106617867946625,0.9999966621398926,0.19949373602867126,0.7493221759796143,-0.21878476440906525,0.998557984828949,0.19885334372520447,0.7821012139320374,-0.1615006923675537,0.998405396938324,defesa
shot_KS_7,4.042426109313965,0.20214007794857025,0.6581916213035583,-0.2235613614320755,0.9999752640724182,0.20066487789154053,0.6711687445640564,0.0722113847732544,0.9999665021896362,0.20826786756515503,0.6826629042625427,0.08908078819513321,0.40952274203300476,0.21554894745349884,0.691361665725708,-0.08907979726791382,0.5462332367897034,0.19366492331027985,0.6765432357788086,-0.3441377282142639,0.9999459385871887,0.2021540105342865,0.6884282827377319,-0.4811064302921295,0.9915533661842346,0.2140858769416809,0.6953853368759155,-0.581745982170105,0.9829390048980713,0.19247370958328247,0.7169018387794495,0.13711179792881012,0.9999954104423523,0.18906715512275696,0.7419727444648743,0.2985381484031677,0.6480572819709778,0.1818971186876297,0.7696362137794495,0.4711429476737976,0.9077234864234924,0.19182167947292328,0.7188535928726196,-0.13694360852241516,0.9999968409538269,0.19944821298122406,0.7493555545806885,-0.25495395064353943,0.9986387491226196,0.19833508133888245,0.7828447818756104,-0.23837587237358093,0.9984893202781677,defesa
shot_KS_7,4.106074094772339,0.20249715447425842,0.6596263647079468,-0.22907626628875732,0.9999759793281555,0.20124292373657227,0.6728562712669373,0.07637875527143478,0.9999693036079407,0.20849774777889252,0.6862723231315613,0.16304190456867218,0.44660526514053345,0.21593381464481354,0.6988687515258789,0.06664266437292099,0.586704671382904,0.19357404112815857,0.6781102418899536,-0.3450815975666046,0.9999507665634155,0.20072348415851593,0.6933459043502808,-0.4606877863407135,0.992283284664154,0.2117455154657364,0.7050060629844666,-0.5512924194335938,0.9845029711723328,0.1933133900165558,0.7178294658660889,0.1374264657497406,0.9999955892562866,0.18972426652908325,0.7429441213607788,0.3185134828090668,0.6501044631004333,0.1820230633020401,0.7696815729141235,0.5116561055183411,0.9080027937889099,0.1921987682580948,0.7196933031082153,-0.13727650046348572,0.9999969601631165,0.19950103759765625,0.7514395117759705,-0.23241932690143585,0.9986610412597656,0.19785620272159576,0.7845640778541565,-0.20280693471431732,0.9985183477401733,defesa
shot_KS_7,4.153542757034302,0.20272746682167053,0.6623838543891907,-0.369158536195755,0.9999779462814331,0.20138958096504211,0.6746782064437866,-0.013224705122411251,0.9999721646308899,0.20808054506778717,0.6902180314064026,0.14515188336372375,0.48191723227500916,0.2155483514070511,0.7036018371582031,0.09438954293727875,0.625633716583252,0.19367431104183197,0.6802484393119812,-0.4291848838329315,0.999955415725708,0.19991809129714966,0.6993324160575867,-0.5081279873847961,0.9929666519165039,0.20917493104934692,0.7137994766235352,-0.5999761819839478,0.9860100746154785,0.194037526845932,0.718181312084198,0.13719940185546875,0.9999954700469971,0.19158019125461578,0.7434626817703247,0.32513564825057983,0.6335301399230957,0.182260662317276,0.7697001099586487,0.5407856106758118,0.8983259201049805,0.19275225698947906,0.7206791639328003,-0.1370735764503479,0.9999968409538269,0.19958274066448212,0.7522739171981812,-0.20979654788970947,0.9982311129570007,0.1977742314338684,0.7855929136276245,-0.13097195327281952,0.9980911612510681,defesa
shot_KS_7,4.201017618179321,0.20312733948230743,0.6640687584877014,-0.43831709027290344,0.999979555606842,0.20183055102825165,0.6767275333404541,-0.07564692199230194,0.9999747276306152,0.20797842741012573,0.6937202215194702,0.07716699689626694,0.4998660087585449,0.21500074863433838,0.7092186212539673,0.04027494043111801,0.6542200446128845,0.19348621368408203,0.6826198101043701,-0.485007107257843,0.9999596476554871,0.19850026071071625,0.7052443623542786,-0.5605133771896362,0.9935591220855713,0.2062414437532425,0.7213114500045776,-0.6517466306686401,0.9873197078704834,0.19478780031204224,0.7189902067184448,0.13604392111301422,0.9999954700469971,0.19274766743183136,0.7450833916664124,0.34231799840927124,0.6070374250411987,0.1824588179588318,0.7697533965110779,0.5963330268859863,0.8839352130889893,0.19290803372859955,0.7219188809394836,-0.1359025090932846,0.9999969005584717,0.1996355950832367,0.7522763013839722,-0.18631386756896973,0.9976993203163147,0.1976485252380371,0.7855039834976196,-0.06744567304849625,0.9976181387901306,defesa
shot_KS_7,4.264873743057251,0.20350952446460724,0.6649292707443237,-0.38294368982315063,0.9999811053276062,0.20220281183719635,0.6790309548377991,-0.045679327100515366,0.9999769926071167,0.20737457275390625,0.6972759366035461,0.0836930200457573,0.5072289705276489,0.21309174597263336,0.7148326635360718,0.03028101660311222,0.676822304725647,0.19295206665992737,0.6838970184326172,-0.443119615316391,0.9999635815620422,0.19593898952007294,0.7074679136276245,-0.5183700323104858,0.9941530227661133,0.20299488306045532,0.7265477180480957,-0.5917918086051941,0.9885386228561401,0.19563601911067963,0.7202383875846863,0.1311262547969818,0.9999957084655762,0.19347703456878662,0.7468715310096741,0.34831711649894714,0.6000833511352539,0.18263377249240875,0.769819974899292,0.6063013672828674,0.8842686414718628,0.19308482110500336,0.7233144044876099,-0.13096514344215393,0.999997079372406,0.20041047036647797,0.752780556678772,-0.1733631193637848,0.997694730758667,0.19757229089736938,0.7861123085021973,-0.05238979682326317,0.997681200504303,defesa
shot_KS_7,4.3123390674591064,0.20382356643676758,0.666793942451477,-0.4214988052845001,0.9999810457229614,0.2022520750761032,0.6809444427490234,-0.05961625650525093,0.9999788403511047,0.20630720257759094,0.6996231079101562,0.040958818048238754,0.5089549422264099,0.21142052114009857,0.7174128293991089,-0.06469327956438065,0.6887691020965576,0.19291046261787415,0.684265673160553,-0.4533978998661041,0.9999669194221497,0.19405117630958557,0.7071702480316162,-0.5287719964981079,0.9944490790367126,0.19906820356845856,0.7279460430145264,-0.6086429953575134,0.9892839789390564,0.19552414119243622,0.7215433120727539,0.1313314586877823,0.999995768070221,0.1948048323392868,0.7477517127990723,0.347242146730423,0.5894637107849121,0.18296782672405243,0.7698683738708496,0.5924733281135559,0.8827432990074158,0.1930842399597168,0.723703145980835,-0.13119378685951233,0.9999971389770508,0.20113550126552582,0.752993643283844,-0.2134770005941391,0.9975792765617371,0.19750326871871948,0.7864160537719727,-0.11943046748638153,0.9977107644081116,defesa
shot_KS_7,4.376269817352295,0.2039848119020462,0.667279839515686,-0.40764445066452026,0.9999819993972778,0.20242169499397278,0.6826403141021729,-0.057913657277822495,0.999980628490448,0.20545141398906708,0.7022741436958313,0.04222429171204567,0.5095829963684082,0.2101297527551651,0.7212799787521362,-0.051559749990701675,0.6991079449653625,0.19290031492710114,0.685331404209137,-0.4415244460105896,0.9999699592590332,0.19327715039253235,0.7091657519340515,-0.510368287563324,0.9947155117988586,0.19604024291038513,0.731162965297699,-0.5731856226921082,0.9898490309715271,0.19607798755168915,0.7229598164558411,0.12963458895683289,0.9999958276748657,0.1946745663881302,0.7497150301933289,0.3658886253833771,0.5761635303497314,0.18329495191574097,0.7698858976364136,0.6266207695007324,0.8836056590080261,0.19324910640716553,0.7248408794403076,-0.12949879467487335,0.9999972581863403,0.20118491351604462,0.7529000043869019,-0.19966484606266022,0.9975340366363525,0.19751854240894318,0.7864537835121155,-0.06882422417402267,0.9977443814277649,defesa
shot_KS_7,4.424682140350342,0.20438627898693085,0.6680063009262085,-0.3474830090999603,0.9999829530715942,0.20226168632507324,0.6835526823997498,-0.03824388235807419,0.9999824166297913,0.20423300564289093,0.7039428353309631,0.06233055144548416,0.5058978199958801,0.20844300091266632,0.7243443131446838,-0.028432268649339676,0.7017421126365662,0.19376660883426666,0.6855594515800476,-0.4129367172718048,0.9999725818634033,0.1921399086713791,0.7082661986351013,-0.4875887334346771,0.9942312240600586,0.19285406172275543,0.7290026545524597,-0.5501489043235779,0.9864455461502075,0.19590196013450623,0.7240453362464905,0.13021917641162872,0.9999960660934448,0.19540835916996002,0.7507563829421997,0.3310562074184418,0.5857006907463074,0.18370677530765533,0.7699471712112427,0.544239342212677,0.8896334767341614,0.19400693476200104,0.7260159850120544,-0.1300925761461258,0.9999973773956299,0.20154954493045807,0.753239095211029,-0.13482947647571564,0.9974312782287598,0.19748713076114655,0.786587655544281,0.002034691860899329,0.9977838397026062,defesa
shot_KS_7,4.472646713256836,0.2047787755727768,0.6680094003677368,-0.30385372042655945,0.9999838471412659,0.20214810967445374,0.683692455291748,-0.030632944777607918,0.9999839663505554,0.20253200829029083,0.7054224014282227,0.060454610735177994,0.4950399100780487,0.20584355294704437,0.7245388627052307,-0.02733760140836239,0.6837458610534668,0.19389353692531586,0.685555636882782,-0.38857296109199524,0.9999752044677734,0.19077537953853607,0.7080503106117249,-0.44346311688423157,0.9944301843643188,0.1895817220211029,0.7285345792770386,-0.4785182774066925,0.9866554737091064,0.19663362205028534,0.7239675521850586,0.12636934220790863,0.9999963045120239,0.19610682129859924,0.749993622303009,0.3191649615764618,0.5967263579368591,0.18454401195049286,0.7699713706970215,0.5187910199165344,0.8947728276252747,0.19458268582820892,0.7262417674064636,-0.1262938231229782,0.9999975562095642,0.20226307213306427,0.7536527514457703,-0.14087115228176117,0.9974262714385986,0.19748249650001526,0.7865246534347534,-0.01900443062186241,0.9978178143501282,defesa
shot_KS_7,4.536649942398071,0.2049926221370697,0.6677736639976501,-0.3167693018913269,0.9999849796295166,0.20209304988384247,0.6830257773399353,-0.0417056605219841,0.99998539686203,0.20132891833782196,0.7043062448501587,0.029921483248472214,0.49050670862197876,0.2025267332792282,0.7227991819381714,-0.0634273812174797,0.6700664758682251,0.1942206174135208,0.6854774355888367,-0.3907467722892761,0.9999776482582092,0.1897973120212555,0.7073357105255127,-0.4285987913608551,0.9949110746383667,0.1865040361881256,0.7291865348815918,-0.45319512486457825,0.987859308719635,0.19686061143875122,0.7234178781509399,0.12057224661111832,0.9999964833259583,0.19714276492595673,0.7497220635414124,0.2844817042350769,0.613843560218811,0.18519113957881927,0.7699871063232422,0.47589898109436035,0.8995057940483093,0.19438178837299347,0.7257083654403687,-0.12052583694458008,0.9999977350234985,0.2020144760608673,0.753403902053833,-0.15313585102558136,0.9975458383560181,0.19757716357707977,0.786466658115387,-0.04770990461111069,0.9978916049003601,defesa
shot_KS_7,4.5903401374816895,0.20528167486190796,0.6672858595848083,-0.29980137944221497,0.9999797940254211,0.20195284485816956,0.6823253631591797,-0.030526435002684593,0.9999828338623047,0.1982385516166687,0.7022150158882141,0.028443332761526108,0.44286561012268066,0.19543379545211792,0.7186132073402405,-0.09186197072267532,0.6038075089454651,0.19503891468048096,0.6851882934570312,-0.3595106899738312,0.9999796748161316,0.1897122710943222,0.7057715654373169,-0.3825758397579193,0.9948931932449341,0.18541067838668823,0.7241802215576172,-0.38936829566955566,0.987880527973175,0.19773371517658234,0.7231194972991943,0.11633367836475372,0.9999962449073792,0.19781441986560822,0.7495450973510742,0.25482943654060364,0.5992485284805298,0.18592174351215363,0.7704911828041077,0.4049183428287506,0.8904292583465576,0.19444744288921356,0.7254617810249329,-0.11632220447063446,0.9999977946281433,0.20181415975093842,0.7529407143592834,-0.1400211602449417,0.996687114238739,0.19759483635425568,0.7864418029785156,-0.03030676767230034,0.9971822500228882,defesa
shot_KS_7,4.632072925567627,0.2054794877767563,0.6672641634941101,-0.29245370626449585,0.9999787211418152,0.20191727578639984,0.6818910241127014,-0.023273497819900513,0.9999816417694092,0.19625456631183624,0.7032240033149719,0.029144318774342537,0.3996312618255615,0.1921614110469818,0.717056393623352,-0.08954471349716187,0.5440599918365479,0.19559639692306519,0.6849720478057861,-0.35327619314193726,0.9999815225601196,0.18901781737804413,0.7051482200622559,-0.35551074147224426,0.9948821067810059,0.18392087519168854,0.7231923937797546,-0.33333826065063477,0.987524151802063,0.19775806367397308,0.7229334712028503,0.1181221678853035,0.9999964237213135,0.19749674201011658,0.7495167255401611,0.28379887342453003,0.5789057016372681,0.18663270771503448,0.7707525491714478,0.44961100816726685,0.8825376629829407,0.19483859837055206,0.7252749800682068,-0.11811275035142899,0.9999979734420776,0.20179076492786407,0.7529225945472717,-0.14129804074764252,0.9965739846229553,0.19758209586143494,0.7863857746124268,-0.04797608405351639,0.9971536993980408,defesa
shot_KS_7,4.696198463439941,0.2056499868631363,0.6668919920921326,-0.30568090081214905,0.9999797940254211,0.20183683931827545,0.6809243559837341,-0.023089557886123657,0.9999806880950928,0.19673258066177368,0.7017221450805664,0.03941720351576805,0.3605383038520813,0.19280116260051727,0.7163344025611877,-0.06523645669221878,0.4903731048107147,0.19578759372234344,0.6842128038406372,-0.3599686026573181,0.9999833106994629,0.188449889421463,0.701703667640686,-0.37750884890556335,0.9951575398445129,0.18153230845928192,0.7203695178031921,-0.38118305802345276,0.9883440136909485,0.19801442325115204,0.7221511006355286,0.11839551478624344,0.9999966025352478,0.1974434107542038,0.7490643858909607,0.28528892993927,0.563351035118103,0.18718118965625763,0.7707489132881165,0.4574919641017914,0.8770407438278198,0.19488748908042908,0.7241159081459045,-0.11840131133794785,0.999998152256012,0.20175550878047943,0.7525001168251038,-0.13757261633872986,0.9965264797210693,0.19757233560085297,0.7863515615463257,-0.05975613370537758,0.9971742033958435,defesa
shot_KS_7,4.743919134140015,0.20591242611408234,0.6649935245513916,-0.3002319037914276,0.9999814033508301,0.20178838074207306,0.6794041991233826,-0.01389186643064022,0.9999810457229614,0.1965046375989914,0.6960038542747498,0.09359021484851837,0.3254525661468506,0.19294075667858124,0.7117394208908081,0.04745161533355713,0.4422328770160675,0.19608384370803833,0.6836207509040833,-0.3645690977573395,0.9999849200248718,0.18793223798274994,0.6988199353218079,-0.38612252473831177,0.9954875707626343,0.1808597296476364,0.7155116200447083,-0.3910036087036133,0.9892925024032593,0.19804790616035461,0.7209537625312805,0.1196242943406105,0.9999967813491821,0.197502002120018,0.7484675645828247,0.281777948141098,0.5447646975517273,0.1876557320356369,0.770993173122406,0.44038599729537964,0.8626914620399475,0.19497907161712646,0.7229591608047485,-0.11960238963365555,0.9999983310699463,0.20176762342453003,0.7521069645881653,-0.14560458064079285,0.9963757395744324,0.1976262480020523,0.7862014174461365,-0.08926437050104141,0.997018575668335,defesa
shot_KS_7,4.806993007659912,0.20606450736522675,0.662876546382904,-0.3132876455783844,0.9999831318855286,0.20115555822849274,0.6769008040428162,-0.020224135369062424,0.9999814033508301,0.19579578936100006,0.6928971409797668,0.11389964818954468,0.29403334856033325,0.1919146329164505,0.7077277302742004,0.10783713310956955,0.3989497125148773,0.19648118317127228,0.6824046969413757,-0.37068670988082886,0.9999863505363464,0.18812556564807892,0.6957342624664307,-0.35814210772514343,0.9957292675971985,0.1812281608581543,0.7102033495903015,-0.30709919333457947,0.9896200299263,0.1980595737695694,0.7199457883834839,0.12018104642629623,0.9999969601631165,0.19750343263149261,0.7477284073829651,0.2790387272834778,0.5246146321296692,0.18823672831058502,0.7709872722625732,0.43662968277931213,0.8486971259117126,0.19514499604701996,0.7220406532287598,-0.12018251419067383,0.9999984502792358,0.2017405778169632,0.7518153190612793,-0.1426088511943817,0.9961135387420654,0.19762955605983734,0.7859306335449219,-0.0908823236823082,0.996820330619812,defesa
shot_KS_7,4.854870796203613,0.20603172481060028,0.6616530418395996,-0.31174197793006897,0.9999847412109375,0.20030809938907623,0.6752499938011169,-0.020078981295228004,0.9999822378158569,0.19412918388843536,0.6908491849899292,0.09426898509263992,0.2680489122867584,0.18893027305603027,0.7034929394721985,0.04295327514410019,0.3622056841850281,0.19707022607326508,0.6819117069244385,-0.36812612414360046,0.9999876022338867,0.18833458423614502,0.6937445402145386,-0.3513863682746887,0.995780885219574,0.18146318197250366,0.7065720558166504,-0.2830817997455597,0.9884126782417297,0.19781222939491272,0.7192156314849854,0.12261120975017548,0.999997079372406,0.19751548767089844,0.7471780776977539,0.26703447103500366,0.5073100328445435,0.18856121599674225,0.771409273147583,0.3960826098918915,0.8359271883964539,0.1954079419374466,0.7212694883346558,-0.12271392345428467,0.9999985694885254,0.2017073631286621,0.7513615489006042,-0.14630743861198425,0.9959091544151306,0.19762606918811798,0.7858220934867859,-0.13852065801620483,0.9967547655105591,defesa
shot_KS_7,4.902454376220703,0.2059447020292282,0.6605675220489502,-0.27058786153793335,0.9999862313270569,0.19960333406925201,0.6750928163528442,0.004721854347735643,0.9999832510948181,0.19332706928253174,0.6890038847923279,0.0665152445435524,0.2552386224269867,0.18702082335948944,0.7005820274353027,-0.051797620952129364,0.3399036228656769,0.1968761533498764,0.6808200478553772,-0.3415646553039551,0.9999887347221375,0.18830689787864685,0.6923679113388062,-0.30531567335128784,0.9960759282112122,0.181587353348732,0.7045602202415466,-0.21428661048412323,0.988966166973114,0.19765709340572357,0.7187896966934204,0.1254471242427826,0.9999972581863403,0.19740015268325806,0.7468828558921814,0.2607632279396057,0.516116738319397,0.18893200159072876,0.7715650796890259,0.39082255959510803,0.8353034257888794,0.19559438526630402,0.720881998538971,-0.12557297945022583,0.9999986886978149,0.20154422521591187,0.7511995434761047,-0.1484062373638153,0.996186375617981,0.1976395845413208,0.785739541053772,-0.14749492704868317,0.996944785118103,defesa
shot_KS_9,0.2530360221862793,0.19939711689949036,0.6596570611000061,0.251867413520813,0.9538605213165283,0.1924377828836441,0.6740905046463013,0.058082014322280884,0.9997227787971497,0.1829121708869934,0.6875628232955933,-0.05787606164813042,0.7512821555137634,0.17864783108234406,0.6922726035118103,-0.1948445737361908,0.46437111496925354,0.20643864572048187,0.674841582775116,-0.07323245704174042,0.9996028542518616,0.21597470343112946,0.6767575144767761,-0.15586240589618683,0.7789463400840759,0.22711053490638733,0.668768048286438,-0.11957155168056488,0.6717867851257324,0.1955539733171463,0.724631667137146,0.06279347091913223,0.9999712705612183,0.2036111205816269,0.7455666065216064,0.13629819452762604,0.40338170528411865,0.19841423630714417,0.7775008082389832,0.06898357719182968,0.6944990158081055,0.20063865184783936,0.7269446849822998,-0.0630769431591034,0.9999693632125854,0.20469723641872406,0.7485257387161255,-0.11509514600038528,0.6963268518447876,0.1985023021697998,0.782908022403717,-0.22131094336509705,0.719167172908783,defesa
shot_KS_9,0.3343324661254883,0.19929273426532745,0.6599394083023071,0.2104925811290741,0.9583283066749573,0.19244880974292755,0.6749519109725952,0.0596468411386013,0.9997478723526001,0.1839403361082077,0.6886268258094788,0.0009421241120435297,0.7743752598762512,0.17889727652072906,0.6987603306770325,-0.07094962894916534,0.5081870555877686,0.2047882080078125,0.6749634146690369,-0.07321728765964508,0.999600350856781,0.2087988704442978,0.6839893460273743,-0.03140883892774582,0.7501462697982788,0.2042354941368103,0.6801688075065613,0.17533303797245026,0.6083623170852661,0.19552572071552277,0.7241463661193848,0.07463204860687256,0.9999727010726929,0.20317798852920532,0.7465434670448303,0.14168457686901093,0.4259432852268219,0.1983688324689865,0.7774997353553772,0.0694025307893753,0.7114689946174622,0.20063817501068115,0.7257220149040222,-0.0748506635427475,0.9999684691429138,0.20465342700481415,0.7491415739059448,-0.07415099442005157,0.71646648645401,0.19860045611858368,0.7830246090888977,-0.16066093742847443,0.7375448346138,defesa
shot_KS_9,0.3984246253967285,0.1990087777376175,0.6603509783744812,0.19786860048770905,0.9622739553451538,0.1921015828847885,0.6756227612495422,0.024806248024106026,0.9997711777687073,0.18411694467067719,0.6922725439071655,-0.053738925606012344,0.7965313792228699,0.17922626435756683,0.7067788243293762,-0.11959042400121689,0.5521331429481506,0.20444928109645844,0.6751440763473511,-0.07102126628160477,0.9995970129966736,0.20834441483020782,0.6893319487571716,-0.03581120818853378,0.7322147488594055,0.20290152728557587,0.685759425163269,0.1332823485136032,0.5486807823181152,0.19537676870822906,0.7243051528930664,0.07286162674427032,0.9999744892120361,0.20272883772850037,0.7466287016868591,0.23243148624897003,0.44343769550323486,0.1976499706506729,0.7766715288162231,0.2322688102722168,0.728619396686554,0.20074248313903809,0.7257755994796753,-0.07308749109506607,0.9999688267707825,0.20470045506954193,0.7503726482391357,-0.02749326452612877,0.7371852397918701,0.19885236024856567,0.783227264881134,-0.09620175510644913,0.7564288377761841,defesa
shot_KS_9,0.4620931148529053,0.1988622397184372,0.6605666279792786,0.16335859894752502,0.965883195400238,0.19138400256633759,0.6762755513191223,0.03030974231660366,0.9997932314872742,0.1847658008337021,0.6967970132827759,-0.04281359910964966,0.815192461013794,0.17995664477348328,0.7148107886314392,-0.13910451531410217,0.5862506628036499,0.2043958455324173,0.6754934191703796,-0.11826480180025101,0.9996184706687927,0.20761461555957794,0.6925222277641296,-0.2960675060749054,0.7125167846679688,0.202833890914917,0.6877956390380859,-0.39503762125968933,0.49564939737319946,0.1953427791595459,0.7243071794509888,0.08636488765478134,0.9999762773513794,0.20244240760803223,0.7467871308326721,0.28643229603767395,0.4333714544773102,0.19739003479480743,0.7766896486282349,0.3493199646472931,0.7252801060676575,0.20074383914470673,0.7253773212432861,-0.08650759607553482,0.9999701976776123,0.20478172600269318,0.7502716183662415,-0.04939670115709305,0.7477341890335083,0.19893820583820343,0.7832383513450623,-0.1049344390630722,0.7693067193031311,defesa
shot_KS_9,0.5279827117919922,0.19877275824546814,0.6603987812995911,0.12747837603092194,0.9692689776420593,0.19119204580783844,0.6767767071723938,0.03036169707775116,0.9998136758804321,0.18579505383968353,0.6988844275474548,-0.03469977527856827,0.832294225692749,0.1818331927061081,0.7186938524246216,-0.1364734172821045,0.6211108565330505,0.20453082025051117,0.6760298013687134,-0.14083252847194672,0.999652624130249,0.20698295533657074,0.6963629126548767,-0.3824562430381775,0.7120789289474487,0.2012052685022354,0.6939990520477295,-0.5753605961799622,0.4523574411869049,0.19519293308258057,0.724305272102356,0.09279441088438034,0.9999779462814331,0.20211172103881836,0.7467678785324097,0.2896385192871094,0.42799249291419983,0.19728396832942963,0.7765864133834839,0.37055084109306335,0.7200801968574524,0.20075760781764984,0.7248133420944214,-0.09292378276586533,0.999971866607666,0.20511694252490997,0.7501910328865051,-0.06370141357183456,0.7566105127334595,0.1992064118385315,0.7832385897636414,-0.1090582087635994,0.781549334526062,defesa
shot_KS_9,0.589428186416626,0.19859667122364044,0.6599528789520264,0.13220849633216858,0.972326934337616,0.1910001039505005,0.6768780946731567,0.03423352912068367,0.9998321533203125,0.18668080866336823,0.7005296349525452,-0.006413672119379044,0.8469399809837341,0.18414027988910675,0.7217110991477966,-0.09295783191919327,0.6478309035301208,0.20417235791683197,0.6760467886924744,-0.13893194496631622,0.9996849894523621,0.20636318624019623,0.6976093649864197,-0.35303789377212524,0.7083978652954102,0.19980891048908234,0.6968184113502502,-0.5150246024131775,0.41145387291908264,0.19509057700634003,0.7241462469100952,0.09429755061864853,0.9999797940254211,0.20192676782608032,0.7467591166496277,0.3175637722015381,0.42151370644569397,0.1972421109676361,0.7755675315856934,0.4361267685890198,0.7123892903327942,0.2007485181093216,0.7236769795417786,-0.09439091384410858,0.9999741315841675,0.20526926219463348,0.7501818537712097,-0.05541419982910156,0.7688215374946594,0.19938161969184875,0.7832528352737427,-0.07166197150945663,0.7948431968688965,defesa
shot_KS_9,0.6373462677001953,0.19842369854450226,0.6598937511444092,0.13956569135189056,0.9750815629959106,0.19068966805934906,0.6770464181900024,0.03589994087815285,0.9998487830162048,0.1872812956571579,0.7015815377235413,2.7035368475480936e-05,0.8595902919769287,0.18661656975746155,0.7235395908355713,-0.08039088547229767,0.6687052249908447,0.20381532609462738,0.6760669946670532,-0.1279931515455246,0.999714732170105,0.20625706017017365,0.6981320977210999,-0.32629159092903137,0.7118350267410278,0.1994563639163971,0.6995600461959839,-0.4782682955265045,0.3766895830631256,0.1946936398744583,0.7236410975456238,0.09046538174152374,0.9999814033508301,0.20155297219753265,0.746659517288208,0.28788432478904724,0.4212754964828491,0.19722872972488403,0.7755083441734314,0.3804335594177246,0.7089444994926453,0.20067735016345978,0.7223905324935913,-0.09057117998600006,0.9999760985374451,0.20531316101551056,0.7501590251922607,-0.06263607740402222,0.7815613150596619,0.19945333898067474,0.7832844853401184,-0.0985519140958786,0.8077046275138855,defesa
shot_KS_9,0.7007620334625244,0.1981276124715805,0.6596007347106934,0.1294466257095337,0.9775329828262329,0.1902385801076889,0.6771365404129028,0.03714638575911522,0.9998634457588196,0.1879655420780182,0.7017551064491272,0.0004285883333068341,0.864981472492218,0.18903622031211853,0.722177267074585,-0.08207542449235916,0.6463587880134583,0.2031855583190918,0.6760595440864563,-0.12471635639667511,0.9997409582138062,0.20599111914634705,0.6984253525733948,-0.3095785081386566,0.7189149856567383,0.20019078254699707,0.7000885605812073,-0.4525201618671417,0.34280893206596375,0.19452930986881256,0.7226825952529907,0.08907481282949448,0.9999826550483704,0.20167361199855804,0.7461001873016357,0.26604124903678894,0.41267070174217224,0.19725246727466583,0.7754389047622681,0.3184685707092285,0.7004977464675903,0.2005138248205185,0.7212751507759094,-0.08909022063016891,0.9999777674674988,0.2053041011095047,0.7499499917030334,-0.07578328996896744,0.7884750962257385,0.19944173097610474,0.7835007309913635,-0.11495314538478851,0.8185712695121765,defesa
shot_KS_9,0.7479202747344971,0.19788402318954468,0.6593790650367737,0.1694972664117813,0.9797543883323669,0.18999244272708893,0.6771342158317566,0.10883890092372894,0.9998764395713806,0.18904535472393036,0.7005967497825623,0.03330517187714577,0.8369185924530029,0.19194264709949493,0.7190322875976562,-0.09324374049901962,0.5943759679794312,0.20277437567710876,0.6759598851203918,-0.08431118726730347,0.9997652173042297,0.20470932126045227,0.6979729533195496,-0.28927475214004517,0.7303311228752136,0.20000265538692474,0.7009931802749634,-0.4460310935974121,0.31439295411109924,0.19454537332057953,0.7223309874534607,0.08740837872028351,0.9999838471412659,0.20149482786655426,0.7460926175117493,0.20524580776691437,0.4126110076904297,0.19727015495300293,0.7754927277565002,0.2595941424369812,0.696662187576294,0.20045606791973114,0.7210444211959839,-0.08747053146362305,0.9999794960021973,0.20511986315250397,0.7494083046913147,-0.08526305109262466,0.7962837815284729,0.19943447411060333,0.7835145592689514,-0.12840095162391663,0.8290775418281555,defesa
shot_KS_9,0.7955682277679443,0.19765955209732056,0.6586758494377136,0.19358153641223907,0.9817056059837341,0.18975494801998138,0.6772391200065613,0.12186141312122345,0.9998875260353088,0.18985749781131744,0.699729323387146,0.027532722800970078,0.7668496370315552,0.19348108768463135,0.7173238396644592,-0.10063283145427704,0.5401253700256348,0.20257256925106049,0.6756483912467957,-0.06615323573350906,0.9997859597206116,0.20381999015808105,0.697721540927887,-0.2626352906227112,0.6815381050109863,0.20042167603969574,0.7024652361869812,-0.3964858651161194,0.29474109411239624,0.19457049667835236,0.7220190763473511,0.08683743327856064,0.9999849796295166,0.20131832361221313,0.7459461688995361,0.17434196174144745,0.4006158709526062,0.19728565216064453,0.7755401134490967,0.21384547650814056,0.6793026328086853,0.20047976076602936,0.7210839986801147,-0.0868830531835556,0.999981164932251,0.20485900342464447,0.7489931583404541,-0.09354514628648758,0.8004469871520996,0.19937177002429962,0.7835059762001038,-0.14845015108585358,0.8367806673049927,defesa
shot_KS_9,0.8592989444732666,0.19749732315540314,0.6582150459289551,0.20007894933223724,0.9834700226783752,0.18944920599460602,0.6771889925003052,0.11019331961870193,0.9998976588249207,0.18957869708538055,0.6993768811225891,-0.0471089668571949,0.7196599841117859,0.19460761547088623,0.7131670117378235,-0.26570770144462585,0.5000105500221252,0.20241524279117584,0.6754911541938782,-0.06517986208200455,0.9998058676719666,0.20280666649341583,0.6965567469596863,-0.26715797185897827,0.6687639355659485,0.20072069764137268,0.705193042755127,-0.42465740442276,0.2940579354763031,0.19445078074932098,0.7213230133056641,0.08366753160953522,0.9999858140945435,0.20058690011501312,0.7454050779342651,0.19105377793312073,0.3845199942588806,0.19722627103328705,0.7755107283592224,0.22968629002571106,0.6613295078277588,0.2004798799753189,0.7209583520889282,-0.08378513157367706,0.9999825954437256,0.2043306678533554,0.7483698725700378,-0.09041326493024826,0.8021571040153503,0.19915832579135895,0.7833296060562134,-0.13802161812782288,0.8411351442337036,defesa
shot_KS_9,0.9066648483276367,0.19726994633674622,0.6575772762298584,0.23876045644283295,0.9850998520851135,0.18921209871768951,0.6771194934844971,0.1438806802034378,0.9999071359634399,0.18904948234558105,0.6987111568450928,-0.03429964557290077,0.6853232383728027,0.19548116624355316,0.7075478434562683,-0.27075251936912537,0.477596640586853,0.20193377137184143,0.6751921772956848,-0.04257158190011978,0.9998246431350708,0.20315153896808624,0.6960399746894836,-0.21662397682666779,0.6841081380844116,0.2013614922761917,0.7074468731880188,-0.34375086426734924,0.3195011615753174,0.19423849880695343,0.7194199562072754,0.08356325328350067,0.9999868273735046,0.19983117282390594,0.7451481223106384,0.19884923100471497,0.3984159529209137,0.19723008573055267,0.7755348086357117,0.2700364887714386,0.6694679856300354,0.20045334100723267,0.7191682457923889,-0.08366226404905319,0.999984085559845,0.2035442590713501,0.7477244734764099,-0.08422601968050003,0.8171371221542358,0.19883154332637787,0.7831769585609436,-0.10292278975248337,0.8525784015655518,defesa
shot_KS_9,0.9705770015716553,0.19709105789661407,0.6572180986404419,0.22922258079051971,0.9858960509300232,0.18901079893112183,0.6766685843467712,0.1300019770860672,0.9999096989631653,0.18874095380306244,0.6976542472839355,-0.014346526004374027,0.6280623078346252,0.19434817135334015,0.7035757899284363,-0.20662488043308258,0.4343429505825043,0.2019367516040802,0.6750863194465637,-0.0390295572578907,0.9998367428779602,0.2034347802400589,0.6956620812416077,-0.16004715859889984,0.6489686369895935,0.2020675539970398,0.7070643901824951,-0.21521785855293274,0.29783299565315247,0.1940792053937912,0.7189998030662537,0.07696855068206787,0.9999873638153076,0.1997043341398239,0.745047926902771,0.1711254119873047,0.39069828391075134,0.19758906960487366,0.7758853435516357,0.22741912305355072,0.6553100347518921,0.20035205781459808,0.7185484170913696,-0.07710138708353043,0.9999852180480957,0.202597513794899,0.747615396976471,-0.09809678047895432,0.8252636790275574,0.19830076396465302,0.7830955386161804,-0.1566627323627472,0.8587067723274231,defesa
shot_KS_9,1.0290069580078125,0.1970069259405136,0.6567153334617615,0.2398989349603653,0.9868941903114319,0.18872523307800293,0.6760733127593994,0.1361227184534073,0.9999125599861145,0.18844538927078247,0.6965205073356628,0.07312969863414764,0.5801485180854797,0.19403612613677979,0.70218825340271,-0.02271232008934021,0.3946355879306793,0.20158737897872925,0.6746682524681091,-0.02887597680091858,0.9998496174812317,0.20339401066303253,0.6954433917999268,-0.09542040526866913,0.6437520980834961,0.20252574980258942,0.7086607813835144,-0.09461275488138199,0.2897052466869354,0.1940131038427353,0.718588650226593,0.07174287736415863,0.9999877214431763,0.19955913722515106,0.744985044002533,0.15928836166858673,0.40267670154571533,0.1976235806941986,0.7761829495429993,0.20582328736782074,0.6575420498847961,0.20016346871852875,0.7177749276161194,-0.0718768909573555,0.9999862313270569,0.20206235349178314,0.7476803064346313,-0.09501739591360092,0.8369079828262329,0.19757060706615448,0.7829490303993225,-0.12494110316038132,0.8657444715499878,defesa
shot_KS_9,1.082144021987915,0.19687797129154205,0.6566286683082581,0.2458677440881729,0.988084614276886,0.18844793736934662,0.6757820248603821,0.13081306219100952,0.9999181628227234,0.18781021237373352,0.6956583857536316,0.07966460287570953,0.5560258030891418,0.19321127235889435,0.7011088132858276,-0.002927006920799613,0.36605238914489746,0.2013707309961319,0.6745463609695435,-0.0184498094022274,0.999862790107727,0.2036312222480774,0.6953395009040833,-0.07445334643125534,0.6595444083213806,0.20410944521427155,0.7094210386276245,-0.06969073414802551,0.31026870012283325,0.1936979591846466,0.7179530262947083,0.06397371739149094,0.9999881982803345,0.19937247037887573,0.7448936700820923,0.1525137722492218,0.43322139978408813,0.19771742820739746,0.7762159109115601,0.19393062591552734,0.6700513362884521,0.19986678659915924,0.7171475291252136,-0.06413615494966507,0.9999871850013733,0.20167295634746552,0.7476569414138794,-0.06835658848285675,0.8493018746376038,0.19687522947788239,0.7827439308166504,-0.08261428028345108,0.8731695413589478,defesa
shot_KS_9,1.1293373107910156,0.19693820178508759,0.6567555665969849,0.23464643955230713,0.9891951084136963,0.1884680688381195,0.6754999160766602,0.12165332585573196,0.9999229907989502,0.18718299269676208,0.6957331895828247,0.12350659817457199,0.5350378751754761,0.19323109090328217,0.7001855969429016,0.1337214559316635,0.3361228406429291,0.20098955929279327,0.6744164824485779,-0.022482845932245255,0.9998753666877747,0.20367369055747986,0.6951397657394409,-0.05324574187397957,0.6841670274734497,0.20506654679775238,0.7096158862113953,-0.02410084381699562,0.3510820269584656,0.19354559481143951,0.7179664373397827,0.056663721799850464,0.999988317489624,0.19890594482421875,0.7448989152908325,0.16461244225502014,0.4668983817100525,0.1977284848690033,0.7761754989624023,0.21406005322933197,0.6850356459617615,0.19964814186096191,0.7171224355697632,-0.056836847215890884,0.9999879598617554,0.20092381536960602,0.747695803642273,-0.026329535990953445,0.8600285649299622,0.19607916474342346,0.7825713157653809,-0.022038450464606285,0.8802709579467773,defesa
shot_KS_9,1.1922695636749268,0.19696350395679474,0.6568273305892944,0.2060292810201645,0.990249752998352,0.18843810260295868,0.675481379032135,0.09267879277467728,0.9999280571937561,0.18691977858543396,0.6958394050598145,0.15960432589054108,0.5144851207733154,0.19325359165668488,0.6986632943153381,0.253126859664917,0.30744093656539917,0.20060327649116516,0.6744444966316223,-0.03468757122755051,0.9998873472213745,0.20346619188785553,0.6951282620429993,-0.05967753008008003,0.7103161215782166,0.20564882457256317,0.7101356983184814,-0.022422537207603455,0.4017152786254883,0.1932636946439743,0.7182586789131165,0.05331772565841675,0.9999885559082031,0.19840805232524872,0.7449145317077637,0.19763986766338348,0.5015650391578674,0.19747589528560638,0.7758523225784302,0.2974534332752228,0.7012409567832947,0.19939923286437988,0.7174749374389648,-0.05346592515707016,0.9999887943267822,0.20044182240962982,0.7477394342422485,0.01066929567605257,0.8701829314231873,0.1954866200685501,0.7822941541671753,0.049671802669763565,0.8880791068077087,defesa
shot_KS_9,1.2555503845214844,0.19699431955814362,0.6572038531303406,0.1688864380121231,0.9912081360816956,0.18833956122398376,0.67549729347229,0.08398392051458359,0.9999327659606934,0.18666861951351166,0.6960686445236206,0.15031178295612335,0.49172884225845337,0.19364741444587708,0.6965997219085693,0.21700139343738556,0.28629249334335327,0.20012769103050232,0.6744595766067505,-0.08036581426858902,0.9998982548713684,0.2033255398273468,0.6950687170028687,-0.11012669652700424,0.7365912199020386,0.20628805458545685,0.709772527217865,-0.11008162796497345,0.4560737609863281,0.19320042431354523,0.7184476256370544,0.05762438848614693,0.9999885559082031,0.1983364373445511,0.7449467182159424,0.20151273906230927,0.5249094367027283,0.1973734200000763,0.7757247686386108,0.2904065251350403,0.7123103141784668,0.19917432963848114,0.717690110206604,-0.057777222245931625,0.9999895095825195,0.1998106837272644,0.7480621337890625,-0.011362271383404732,0.8788115978240967,0.1948954313993454,0.7823535203933716,0.016979796811938286,0.8949723839759827,defesa
shot_KS_9,1.303464412689209,0.19848357141017914,0.6575287580490112,0.1649409383535385,0.9920534491539001,0.18842363357543945,0.6754815578460693,0.1372198760509491,0.9999358057975769,0.18644285202026367,0.6960915327072144,0.25745052099227905,0.4583323299884796,0.19329212605953217,0.697098433971405,0.37848493456840515,0.26262444257736206,0.19950635731220245,0.6743491888046265,-0.10001707822084427,0.999907910823822,0.20306120812892914,0.6951522827148438,-0.12116701155900955,0.7612797021865845,0.20670896768569946,0.7108907699584961,-0.05151531100273132,0.5040751099586487,0.1930336058139801,0.7185530662536621,0.08226028829813004,0.9999867081642151,0.19797079265117645,0.7448624968528748,0.2219303548336029,0.5373486280441284,0.1974589079618454,0.776106595993042,0.28398996591567993,0.7151435017585754,0.19897940754890442,0.7178576588630676,-0.08240429311990738,0.9999895095825195,0.19939391314983368,0.7480728626251221,-0.08766155689954758,0.8894602060317993,0.1946510672569275,0.7825568914413452,-0.09606590121984482,0.9031582474708557,defesa
shot_KS_9,1.3509540557861328,0.19874094426631927,0.6577094197273254,0.16343042254447937,0.9928267002105713,0.18842972815036774,0.6755406260490417,0.1314690113067627,0.9999387264251709,0.18634656071662903,0.6961034536361694,0.2527971565723419,0.43158766627311707,0.1931046098470688,0.6975223422050476,0.3848329186439514,0.24218277633190155,0.19939826428890228,0.6743744611740112,-0.10008866339921951,0.9999167919158936,0.20322656631469727,0.6959224343299866,-0.11077176034450531,0.7843175530433655,0.2070128470659256,0.7117764353752136,-0.02524447999894619,0.5510873794555664,0.1927916407585144,0.7186388969421387,0.08214033395051956,0.9999855756759644,0.19794444739818573,0.7446097135543823,0.22776174545288086,0.5609652996063232,0.1974654197692871,0.774910569190979,0.2940879762172699,0.7275177240371704,0.19869989156723022,0.7179321050643921,-0.08228690177202225,0.9999897480010986,0.19913403689861298,0.7481805086135864,-0.07717428356409073,0.899395227432251,0.19431909918785095,0.7831074595451355,-0.05311830714344978,0.9112792611122131,defesa
shot_KS_9,1.4150164127349854,0.19910846650600433,0.6581196784973145,0.15128029882907867,0.9935248494148254,0.18853448331356049,0.6758387684822083,0.12540686130523682,0.9999412894248962,0.18613457679748535,0.6964133381843567,0.2676781415939331,0.4034843444824219,0.19247381389141083,0.6975363492965698,0.43792417645454407,0.22176404297351837,0.19928352534770966,0.6749361753463745,-0.11118134111166,0.9999246001243591,0.20311374962329865,0.6966094374656677,-0.10467099398374557,0.8038008213043213,0.20715315639972687,0.7119262218475342,0.012189661152660847,0.5886107683181763,0.19266942143440247,0.7188281416893005,0.08563514798879623,0.999984085559845,0.19806690514087677,0.7446210384368896,0.23591598868370056,0.5736656188964844,0.1973736584186554,0.7744038701057434,0.29672542214393616,0.7345067262649536,0.19832836091518402,0.7184610962867737,-0.08575797826051712,0.9999896883964539,0.19906462728977203,0.7482275366783142,-0.07494816929101944,0.9080477952957153,0.19431264698505402,0.7834177613258362,-0.061061978340148926,0.9184263944625854,defesa
shot_KS_9,1.4785559177398682,0.20077534019947052,0.6584215760231018,0.13475967943668365,0.994156002998352,0.1896161139011383,0.6756347417831421,0.1746079921722412,0.9999423027038574,0.1867493987083435,0.6937272548675537,0.3149881064891815,0.36879175901412964,0.19166582822799683,0.6985297203063965,0.4414091408252716,0.2015058547258377,0.1983613520860672,0.6749739646911621,-0.1311108022928238,0.9999317526817322,0.20270341634750366,0.6975081562995911,-0.16808661818504333,0.8228235840797424,0.2076682448387146,0.7139458656311035,-0.04450105503201485,0.6270249485969543,0.19229163229465485,0.7188634276390076,0.10255143791437149,0.9999834895133972,0.19811725616455078,0.7446149587631226,0.2253739982843399,0.5692373514175415,0.19730502367019653,0.7741124033927917,0.2811641991138458,0.7232393622398376,0.19764478504657745,0.7186718583106995,-0.1027233675122261,0.9999900460243225,0.19893978536128998,0.7483380436897278,-0.10465262085199356,0.9152287244796753,0.19432082772254944,0.7839093208312988,-0.12030476331710815,0.9239314198493958,defesa
shot_KS_9,1.5298235416412354,0.20179489254951477,0.6589164733886719,0.08199513703584671,0.9947258234024048,0.1902036815881729,0.6754767298698425,0.17418141663074493,0.9999426603317261,0.18685488402843475,0.6940411925315857,0.28369930386543274,0.3373986482620239,0.19162380695343018,0.7033289670944214,0.3418321907520294,0.18386933207511902,0.1977861523628235,0.674970805644989,-0.18319225311279297,0.9999380707740784,0.20235465466976166,0.698188066482544,-0.25454235076904297,0.8400970101356506,0.20805993676185608,0.7162352800369263,-0.20871330797672272,0.6615704298019409,0.1919800341129303,0.7192850112915039,0.11760210990905762,0.9999833703041077,0.19811920821666718,0.7445728182792664,0.2570454180240631,0.551596462726593,0.19729463756084442,0.7738584876060486,0.3341805934906006,0.7049661874771118,0.19697286188602448,0.719524085521698,-0.11779028922319412,0.9999905228614807,0.1988644152879715,0.7485136389732361,-0.1015765443444252,0.9219688177108765,0.19441695511341095,0.7843368053436279,-0.12009831517934799,0.9293990731239319,defesa
shot_KS_9,1.5906708240509033,0.20149143040180206,0.6589463353157043,0.05343714728951454,0.9952079057693481,0.1904866099357605,0.6754658818244934,0.16837739944458008,0.9999415874481201,0.18767903745174408,0.693560004234314,0.2582003176212311,0.3083312511444092,0.19147610664367676,0.7069767117500305,0.3445022702217102,0.16671620309352875,0.19798754155635834,0.6768280267715454,-0.20458190143108368,0.9999436736106873,0.2023635357618332,0.7002558708190918,-0.2670697569847107,0.8555594682693481,0.20893031358718872,0.7202234268188477,-0.22460678219795227,0.6927761435508728,0.19202029705047607,0.7196916937828064,0.1160503700375557,0.9999834895133972,0.19813115894794464,0.744661271572113,0.3009745180606842,0.5351982116699219,0.1972295194864273,0.7739487886428833,0.4065575897693634,0.6994649171829224,0.19708216190338135,0.7207537889480591,-0.11621751636266708,0.9999910593032837,0.1987035572528839,0.749031126499176,-0.09850400686264038,0.9287541508674622,0.19442255795001984,0.7846723794937134,-0.1252216249704361,0.9355195164680481,defesa
shot_KS_9,1.6384897232055664,0.20245997607707977,0.6593257784843445,-0.08533169329166412,0.9956675171852112,0.1911950707435608,0.6754807233810425,0.12654264271259308,0.9999417662620544,0.18819941580295563,0.6939980983734131,0.19850589334964752,0.28080612421035767,0.1906057447195053,0.7116796970367432,0.15712003409862518,0.15275809168815613,0.1968540996313095,0.6769198179244995,-0.282064825296402,0.9999489188194275,0.20162518322467804,0.7009277939796448,-0.34970802068710327,0.8699117302894592,0.2090044617652893,0.7221820950508118,-0.3245244324207306,0.7232893109321594,0.192377969622612,0.7200092077255249,0.1306237280368805,0.9999839663505554,0.19813676178455353,0.7449336647987366,0.33697906136512756,0.511461079120636,0.19710414111614227,0.7738056778907776,0.5041311979293823,0.706322431564331,0.19679677486419678,0.7211233973503113,-0.13076773285865784,0.9999917149543762,0.19851909577846527,0.749177098274231,-0.13261264562606812,0.9356405138969421,0.194520965218544,0.7846075296401978,-0.15280656516551971,0.9418120384216309,defesa
shot_KS_9,1.7025172710418701,0.2027261108160019,0.659494161605835,-0.10803134739398956,0.996085524559021,0.19144514203071594,0.6754840016365051,0.10501798242330551,0.999942421913147,0.18834686279296875,0.6942391991615295,0.17905069887638092,0.2547825574874878,0.18998070061206818,0.7124598622322083,0.14051054418087006,0.1393008977174759,0.19648988544940948,0.67734295129776,-0.29704049229621887,0.9999536871910095,0.20109768211841583,0.7013139724731445,-0.35971763730049133,0.8827860951423645,0.20867259800434113,0.7221021056175232,-0.32888978719711304,0.7506727576255798,0.19240990281105042,0.7200016379356384,0.13253934681415558,0.9999845027923584,0.19796954095363617,0.7449536323547363,0.3420734703540802,0.4873756468296051,0.19694331288337708,0.7733937501907349,0.5144229531288147,0.7094412446022034,0.1960972398519516,0.7210804224014282,-0.1326856017112732,0.999992311000824,0.1982935518026352,0.7492504715919495,-0.14519058167934418,0.9418337345123291,0.19450046122074127,0.7848569750785828,-0.1619853526353836,0.9474532008171082,defesa
shot_KS_9,1.7663922309875488,0.20288537442684174,0.6598517894744873,-0.12829574942588806,0.9964730739593506,0.19173529744148254,0.675488293170929,0.08230704814195633,0.9999454021453857,0.18837137520313263,0.6949530243873596,0.18712063133716583,0.234239861369133,0.18766635656356812,0.7126842737197876,0.19223788380622864,0.13021209836006165,0.1968095302581787,0.6781958341598511,-0.313762903213501,0.9999580979347229,0.20084483921527863,0.701805055141449,-0.3645925223827362,0.894460916519165,0.20846472680568695,0.7228295803070068,-0.3246552646160126,0.7754564881324768,0.1922122985124588,0.7198064923286438,0.13097915053367615,0.9999852776527405,0.19782352447509766,0.7450054883956909,0.33563515543937683,0.48921889066696167,0.19682538509368896,0.7734317183494568,0.5105523467063904,0.7248329520225525,0.19524909555912018,0.7211523056030273,-0.13111238181591034,0.9999929070472717,0.19814719259738922,0.7500014305114746,-0.08543290942907333,0.9474157094955444,0.19446836411952972,0.7851381897926331,-0.035651709884405136,0.9525448083877563,defesa
shot_KS_9,1.8300347328186035,0.20296992361545563,0.6600779891014099,-0.14246433973312378,0.9968222379684448,0.1917700320482254,0.6755057573318481,0.07807798683643341,0.9999472498893738,0.18832027912139893,0.6952342391014099,0.1800319254398346,0.21325556933879852,0.18686234951019287,0.7130266427993774,0.16990816593170166,0.11956581473350525,0.19675247371196747,0.6781700849533081,-0.3197975158691406,0.9999621510505676,0.20036838948726654,0.702110230922699,-0.37143558263778687,0.9049603343009949,0.20808520913124084,0.7232648134231567,-0.33550330996513367,0.7977656722068787,0.19209444522857666,0.7188211679458618,0.1322900652885437,0.999985933303833,0.19751931726932526,0.7442817687988281,0.33622580766677856,0.47436049580574036,0.19674557447433472,0.7725180387496948,0.5073617100715637,0.7304473519325256,0.19482821226119995,0.7204639911651611,-0.13242609798908234,0.9999934434890747,0.19790644943714142,0.7499931454658508,-0.09392726421356201,0.9523435235023499,0.1944766640663147,0.7850737571716309,-0.06892100721597672,0.9570578932762146,defesa
shot_KS_9,1.897209882736206,0.2029547542333603,0.6602280735969543,-0.15130506455898285,0.9971375465393066,0.19179321825504303,0.6755642294883728,0.07058300077915192,0.9999499917030334,0.18829135596752167,0.6955690979957581,0.17170803248882294,0.19684362411499023,0.18578466773033142,0.7143764495849609,0.15130546689033508,0.11350415647029877,0.19648028910160065,0.6786214709281921,-0.32723769545555115,0.9999657869338989,0.19961686432361603,0.7025576233863831,-0.37316054105758667,0.914420485496521,0.207100972533226,0.7230021357536316,-0.3330997824668884,0.8178772926330566,0.19211526215076447,0.7187105417251587,0.13327184319496155,0.9999865889549255,0.19745786488056183,0.744464099407196,0.3348514139652252,0.4671822786331177,0.19643598794937134,0.7726794481277466,0.5107775926589966,0.7375429272651672,0.19450800120830536,0.7201176285743713,-0.13339094817638397,0.9999939203262329,0.19768257439136505,0.7499438524246216,-0.08899218589067459,0.9567821621894836,0.19438748061656952,0.7851259112358093,-0.04176584258675575,0.9610848426818848,defesa
shot_KS_9,1.9572958946228027,0.2027464658021927,0.660800039768219,-0.18238668143749237,0.997422993183136,0.19252367317676544,0.6754754781723022,0.05347561091184616,0.9999513626098633,0.18828071653842926,0.6960574984550476,0.17002356052398682,0.1799083650112152,0.18624481558799744,0.7136425375938416,0.16371777653694153,0.10504361987113953,0.19638709723949432,0.678948163986206,-0.3400753438472748,0.9999690651893616,0.19885556399822235,0.7034170031547546,-0.3798941671848297,0.9229487180709839,0.20583051443099976,0.7231120467185974,-0.342010498046875,0.8359962105751038,0.19214539229869843,0.7183324098587036,0.13127467036247253,0.999987006187439,0.1974710077047348,0.7455824017524719,0.2968822419643402,0.4795236885547638,0.19615745544433594,0.7744171619415283,0.46256741881370544,0.7475976943969727,0.19409431517124176,0.7199473977088928,-0.1313917189836502,0.9999942779541016,0.1974027454853058,0.7503369450569153,-0.05721723288297653,0.9605574011802673,0.19428788125514984,0.7850919961929321,0.024576889351010323,0.9644511342048645,defesa
shot_KS_9,2.0209789276123047,0.20266377925872803,0.6607693433761597,-0.19339166581630707,0.9976792335510254,0.1923426240682602,0.6756227612495422,0.058801691979169846,0.9999518990516663,0.18825335800647736,0.6969014406204224,0.17050305008888245,0.16429121792316437,0.18586263060569763,0.7143906354904175,0.14808353781700134,0.09768228977918625,0.19612319767475128,0.679510235786438,-0.34795141220092773,0.9999719858169556,0.19781404733657837,0.7035294771194458,-0.39497774839401245,0.9306209683418274,0.205318883061409,0.7230271697044373,-0.366606205701828,0.8523033261299133,0.1921757012605667,0.7181990742683411,0.13449151813983917,0.999987006187439,0.1973964273929596,0.7460560202598572,0.2888493239879608,0.4813588857650757,0.19589488208293915,0.7755776643753052,0.432073175907135,0.7573171257972717,0.19392727315425873,0.7198964953422546,-0.1346036046743393,0.9999945163726807,0.19721224904060364,0.7502766847610474,-0.052837539464235306,0.9637131094932556,0.1941673308610916,0.7850696444511414,0.03309169411659241,0.967396080493927,defesa
shot_KS_9,2.068603754043579,0.20273761451244354,0.6607107520103455,-0.22962358593940735,0.9979094862937927,0.194336399435997,0.6755884885787964,0.03289499506354332,0.9999522566795349,0.1885509490966797,0.6977609992027283,0.140050008893013,0.1501457244157791,0.1858208328485489,0.7143993973731995,0.09686047583818436,0.09049780666828156,0.19553051888942719,0.6797986626625061,-0.36810678243637085,0.9999746084213257,0.19661173224449158,0.7040480375289917,-0.40652555227279663,0.9375293254852295,0.20463325083255768,0.7227073907852173,-0.38393017649650574,0.8669647574424744,0.19274401664733887,0.7182517051696777,0.13231419026851654,0.9999868273735046,0.19731007516384125,0.7482793927192688,0.25657615065574646,0.4820888042449951,0.19543151557445526,0.7794780135154724,0.3878651559352875,0.7610639929771423,0.1938081830739975,0.7201583981513977,-0.132404163479805,0.9999946355819702,0.19718681275844574,0.7508678436279297,-0.032326456159353256,0.9657192826271057,0.19404076039791107,0.784976065158844,0.08727233856916428,0.9693313837051392,defesa
shot_KS_9,2.1324238777160645,0.2029014378786087,0.6606584191322327,-0.2605522572994232,0.9981120824813843,0.19615833461284637,0.675582230091095,0.026709238067269325,0.9999504685401917,0.19067375361919403,0.6980984210968018,0.14207789301872253,0.13597340881824493,0.18584498763084412,0.7137101292610168,0.10306370258331299,0.08254554867744446,0.1945689469575882,0.6800349950790405,-0.3697640895843506,0.9999768733978271,0.1952374428510666,0.7046453356742859,-0.40825551748275757,0.9436749219894409,0.20350587368011475,0.7224117517471313,-0.3988288938999176,0.8799688816070557,0.19384129345417023,0.7182719707489014,0.13185694813728333,0.9999853372573853,0.19713318347930908,0.7478888630867004,0.23966507613658905,0.44792869687080383,0.19471503794193268,0.7793259024620056,0.3623461425304413,0.7280067801475525,0.19344957172870636,0.7203876972198486,-0.1319328397512436,0.9999944567680359,0.19724880158901215,0.7504948377609253,-0.10237322002649307,0.9639957547187805,0.19406799972057343,0.7842429876327515,0.03309190645813942,0.9671366214752197,defesa
shot_KS_9,2.1958868503570557,0.20306529104709625,0.6603856086730957,-0.2440309077501297,0.9982946515083313,0.19599565863609314,0.6755704283714294,0.029161540791392326,0.9999498128890991,0.1904614269733429,0.697970449924469,0.14511661231517792,0.12318486720323563,0.18634580075740814,0.7133986353874207,0.10876194387674332,0.07529648393392563,0.19403918087482452,0.6798282265663147,-0.3736378848552704,0.9999788999557495,0.19312945008277893,0.7044559717178345,-0.4152243137359619,0.9491954445838928,0.2022818773984909,0.7221770286560059,-0.4041147828102112,0.8915277123451233,0.19382217526435852,0.7182984352111816,0.13414259254932404,0.9999853372573853,0.19697462022304535,0.7476215362548828,0.26615476608276367,0.42240872979164124,0.19408364593982697,0.7785397171974182,0.4314391314983368,0.713128387928009,0.1934431493282318,0.7205056548118591,-0.1342015415430069,0.9999946355819702,0.19723834097385406,0.7503762245178223,-0.08391392976045609,0.9647102952003479,0.19405680894851685,0.7841671109199524,0.039323169738054276,0.9679965376853943,defesa
shot_KS_9,2.243600606918335,0.20316937565803528,0.6607792973518372,-0.2616463899612427,0.998421311378479,0.1962958127260208,0.6755259037017822,0.014898905530571938,0.9999477863311768,0.19190613925457,0.6984350681304932,0.11043693870306015,0.11141801625490189,0.19028829038143158,0.7173931002616882,0.04353466257452965,0.06838271766901016,0.19338057935237885,0.6797910332679749,-0.3801250457763672,0.9999806880950928,0.19203995168209076,0.7045305967330933,-0.4235224723815918,0.9540696740150452,0.20102733373641968,0.7220689654350281,-0.42513689398765564,0.901870846748352,0.19376738369464874,0.7183390855789185,0.1337529867887497,0.9999856352806091,0.19637010991573334,0.7475513219833374,0.34072479605674744,0.3921951353549957,0.19293780624866486,0.7764616012573242,0.5533410906791687,0.6975505948066711,0.19314219057559967,0.7207236289978027,-0.1337861269712448,0.9999948740005493,0.19729097187519073,0.7501129508018494,-0.1304900348186493,0.9671412110328674,0.19407157599925995,0.7840821743011475,-0.0355801098048687,0.9701272249221802,defesa
shot_KS_9,2.3077785968780518,0.2031303197145462,0.6607968211174011,-0.2593866288661957,0.9985686540603638,0.1958155781030655,0.6753565669059753,0.0064652785658836365,0.9999489784240723,0.19306202232837677,0.7005632519721985,0.10064132511615753,0.10113521665334702,0.19502578675746918,0.7197155356407166,0.04318317025899887,0.06254774332046509,0.19373181462287903,0.6797040700912476,-0.38451963663101196,0.9999824166297913,0.19213078916072845,0.7043511271476746,-0.42242011427879333,0.9584805965423584,0.19983704388141632,0.7219719290733337,-0.41894885897636414,0.9112619757652283,0.19375962018966675,0.7184303998947144,0.13356992602348328,0.9999861121177673,0.19625245034694672,0.746480405330658,0.39566561579704285,0.37076765298843384,0.19184739887714386,0.7725682258605957,0.634768545627594,0.6977304220199585,0.19338196516036987,0.7209194898605347,-0.13358362019062042,0.9999951720237732,0.1972774714231491,0.7498083114624023,-0.08383357524871826,0.9698005318641663,0.19392676651477814,0.7840516567230225,0.03979768976569176,0.9726276993751526,defesa
shot_KS_9,2.3620505332946777,0.2031630128622055,0.6607884168624878,-0.2435092180967331,0.9987008571624756,0.19553051888942719,0.675305962562561,0.015287262387573719,0.9999482035636902,0.19275198876857758,0.7016413807868958,0.10904756933450699,0.09158273786306381,0.19479866325855255,0.7180494070053101,0.05739033967256546,0.0569356344640255,0.19406618177890778,0.6795549392700195,-0.37048956751823425,0.9999839067459106,0.19252826273441315,0.7038456201553345,-0.40823253989219666,0.962418258190155,0.19892245531082153,0.7219105958938599,-0.3972468078136444,0.919664204120636,0.1937115490436554,0.7186611294746399,0.1330404132604599,0.999986469745636,0.1959099918603897,0.7461378574371338,0.3970184028148651,0.35137754678726196,0.1913338452577591,0.771854043006897,0.6300680041313171,0.6950322985649109,0.19349922239780426,0.7210612893104553,-0.1330646127462387,0.9999954700469971,0.19719350337982178,0.7495834231376648,-0.08046384155750275,0.9722511172294617,0.19381211698055267,0.7837288975715637,0.02093839831650257,0.9749044179916382,defesa
shot_KS_9,2.409468650817871,0.2031732201576233,0.6607704162597656,-0.2351771742105484,0.9988199472427368,0.19548867642879486,0.6751134395599365,0.02140134759247303,0.999949038028717,0.19264991581439972,0.7011484503746033,0.10731980949640274,0.08308535814285278,0.19482287764549255,0.7173487544059753,0.0455969013273716,0.0520847849547863,0.1941734403371811,0.6793851256370544,-0.36434462666511536,0.9999852776527405,0.19204655289649963,0.703154444694519,-0.40569716691970825,0.9658921957015991,0.1975569874048233,0.7216400504112244,-0.4007280766963959,0.9270111322402954,0.1937285214662552,0.7186663150787354,0.13332507014274597,0.9999871850013733,0.19566728174686432,0.7461715340614319,0.3880162835121155,0.3305376470088959,0.19083701074123383,0.7724564075469971,0.6134833097457886,0.6885643005371094,0.1935727447271347,0.7210150957107544,-0.1333441436290741,0.999995768070221,0.19709499180316925,0.7497156262397766,-0.11722026765346527,0.9745669364929199,0.19360415637493134,0.7840078473091125,-0.062264520674943924,0.9770223498344421,defesa
shot_KS_9,2.475883960723877,0.20322966575622559,0.6605244874954224,-0.2259778529405594,0.9989286661148071,0.1954963356256485,0.6747103333473206,0.022761674597859383,0.9999504685401917,0.19258998334407806,0.7002556920051575,0.11754361540079117,0.07575704157352448,0.19462506473064423,0.7168290615081787,0.055861931294202805,0.048529017716646194,0.1941155046224594,0.6792596578598022,-0.3621254861354828,0.9999865889549255,0.19111377000808716,0.7026135325431824,-0.40007802844047546,0.9691267609596252,0.19675840437412262,0.7207077145576477,-0.40140408277511597,0.9339788556098938,0.1937425583600998,0.7185458540916443,0.13299135863780975,0.9999877214431763,0.19530528783798218,0.7462050318717957,0.36120301485061646,0.3125237226486206,0.19027183949947357,0.7739477157592773,0.562602698802948,0.6841381192207336,0.19361083209514618,0.7208511829376221,-0.13301631808280945,0.9999960064888,0.1968284696340561,0.7497143149375916,-0.14066453278064728,0.9765891432762146,0.19339874386787415,0.7842406630516052,-0.10412019491195679,0.9789007902145386,defesa
shot_KS_9,2.530517816543579,0.20322281122207642,0.6602783203125,-0.22883200645446777,0.9990327954292297,0.19537876546382904,0.6740953326225281,0.02703537605702877,0.9999525547027588,0.19232527911663055,0.7000871896743774,0.12052297592163086,0.06919717788696289,0.19428478181362152,0.7159989476203918,0.05945218354463577,0.04558860883116722,0.1941535770893097,0.6791586875915527,-0.36025020480155945,0.999987781047821,0.19071462750434875,0.7019606232643127,-0.40539827942848206,0.9720917344093323,0.19641271233558655,0.720032274723053,-0.40757831931114197,0.9403155446052551,0.19372127950191498,0.717893123626709,0.13397513329982758,0.9999881386756897,0.19477804005146027,0.7462044954299927,0.35229840874671936,0.3010743260383606,0.18995444476604462,0.7744213938713074,0.5453762412071228,0.6825305223464966,0.19364307820796967,0.7203150987625122,-0.1340065449476242,0.9999962449073792,0.196483314037323,0.7496786713600159,-0.13260199129581451,0.9784615635871887,0.1932239681482315,0.7842409014701843,-0.09099546819925308,0.980567991733551,defesa
shot_KS_9,2.5869452953338623,0.20322737097740173,0.6601080894470215,-0.22549986839294434,0.999127209186554,0.19533883035182953,0.6738166213035583,0.03693259134888649,0.9999544024467468,0.19216321408748627,0.698307991027832,0.12100160121917725,0.06358715891838074,0.19405284523963928,0.7154055833816528,0.06692730635404587,0.04401307925581932,0.1942143589258194,0.6789732575416565,-0.35530805587768555,0.9999889135360718,0.19046373665332794,0.7014764547348022,-0.404774010181427,0.9747835397720337,0.1963340789079666,0.7196874022483826,-0.39840736985206604,0.9461431503295898,0.19357752799987793,0.7174760699272156,0.1337130218744278,0.9999884366989136,0.1944153755903244,0.7462331056594849,0.32773178815841675,0.3048967123031616,0.18965564668178558,0.7753129005432129,0.5023599863052368,0.6967557668685913,0.1936478465795517,0.7197469472885132,-0.13374805450439453,0.9999964237213135,0.1962793618440628,0.7495453357696533,-0.12461168318986893,0.9802616834640503,0.19320733845233917,0.7839226722717285,-0.07554318010807037,0.9822345972061157,defesa
shot_KS_9,2.6542022228240967,0.2032156139612198,0.6598239541053772,-0.18629074096679688,0.9992120265960693,0.195132315158844,0.6734333634376526,0.07021278887987137,0.9999557733535767,0.19159965217113495,0.6986267566680908,0.147866889834404,0.05829506739974022,0.19380943477153778,0.7142412662506104,0.07695365697145462,0.04228978604078293,0.19430695474147797,0.6787595152854919,-0.3340289890766144,0.999989926815033,0.19074171781539917,0.7009370923042297,-0.3929833769798279,0.9771808385848999,0.19648711383342743,0.7194435000419617,-0.3968372046947479,0.951394259929657,0.19334937632083893,0.716887891292572,0.13520953059196472,0.9999886155128479,0.1941646784543991,0.74613356590271,0.3107298016548157,0.3019416630268097,0.18939344584941864,0.7759706974029541,0.46811145544052124,0.7044074535369873,0.19366244971752167,0.7189686894416809,-0.13527344167232513,0.9999966025352478,0.19608749449253082,0.7494181990623474,-0.1396094113588333,0.9818176627159119,0.19319035112857819,0.7839006781578064,-0.11681551486253738,0.983683168888092,defesa
shot_KS_9,2.713704824447632,0.20320697128772736,0.659572958946228,-0.21391376852989197,0.9992889761924744,0.1950129270553589,0.6731416583061218,0.06231798976659775,0.9999578595161438,0.19161728024482727,0.6980100274085999,0.14040502905845642,0.05389568954706192,0.1940481960773468,0.7138844132423401,0.06146753206849098,0.04163357987999916,0.1943431943655014,0.6786729097366333,-0.3465336263179779,0.9999908208847046,0.19043993949890137,0.700671911239624,-0.4084133207798004,0.979344367980957,0.19659607112407684,0.7193036675453186,-0.42066994309425354,0.9561015367507935,0.1930752545595169,0.716420590877533,0.1361425817012787,0.9999889135360718,0.19386886060237885,0.746099591255188,0.3108362853527069,0.30091050267219543,0.18931280076503754,0.7766530513763428,0.4745956063270569,0.7133533954620361,0.1936466544866562,0.7187589406967163,-0.13620789349079132,0.9999967813491821,0.19592787325382233,0.7493348121643066,-0.14995530247688293,0.9832408428192139,0.1932046264410019,0.7839807271957397,-0.13021406531333923,0.9850302934646606,defesa
shot_KS_9,2.767970323562622,0.2031792402267456,0.6594370007514954,-0.28942108154296875,0.9993588924407959,0.19499188661575317,0.6727296710014343,-0.010153026320040226,0.9999615550041199,0.19422124326229095,0.6933944821357727,0.19128897786140442,0.060734447091817856,0.19971202313899994,0.6997196674346924,0.28525984287261963,0.08837252855300903,0.19433626532554626,0.6786664128303528,-0.40724965929985046,0.9999915957450867,0.1900344043970108,0.7007500529289246,-0.4619876444339752,0.9813084602355957,0.19660383462905884,0.7193629741668701,-0.48436278104782104,0.9602296948432922,0.1927383691072464,0.7162051200866699,0.1358908712863922,0.9999887943267822,0.19341495633125305,0.7458025813102722,0.31283044815063477,0.2901742160320282,0.1891484260559082,0.7769680619239807,0.48739030957221985,0.7106913924217224,0.19360940158367157,0.7188034057617188,-0.13596424460411072,0.9999966025352478,0.19569534063339233,0.7490116357803345,-0.1381143182516098,0.9839066863059998,0.19311372935771942,0.7840050458908081,-0.1005823090672493,0.9859222769737244,defesa
shot_KS_9,2.81613826751709,0.20317192375659943,0.6591939330101013,-0.27904683351516724,0.9994223713874817,0.19494794309139252,0.6723308563232422,-0.003377908142283559,0.9999650120735168,0.19445152580738068,0.6901244521141052,0.2188432514667511,0.06903330981731415,0.20128343999385834,0.6975008249282837,0.3310452103614807,0.14006757736206055,0.19435349106788635,0.678648054599762,-0.4012400507926941,0.999992311000824,0.19024096429347992,0.7007313370704651,-0.4613463580608368,0.9831061959266663,0.196529820561409,0.719444751739502,-0.4925670325756073,0.9640601873397827,0.1922953724861145,0.7162615060806274,0.1356697380542755,0.9999889135360718,0.19298771023750305,0.7454844117164612,0.3205484449863434,0.2830212116241455,0.18913845717906952,0.777282178401947,0.5096851587295532,0.7124621868133545,0.19354133307933807,0.718834638595581,-0.1357363611459732,0.999996542930603,0.19556240737438202,0.7487781643867493,-0.13348525762557983,0.9848708510398865,0.1930999606847763,0.7840859889984131,-0.08933302015066147,0.9869161248207092,defesa
shot_KS_9,2.87998366355896,0.20315678417682648,0.6590333580970764,-0.29038920998573303,0.9994797110557556,0.19493059813976288,0.6720902919769287,-0.006719456519931555,0.9999681711196899,0.19488289952278137,0.6896664500236511,0.20805156230926514,0.08068932592868805,0.20233042538166046,0.6977851986885071,0.29978933930397034,0.19250768423080444,0.19436021149158478,0.6783444881439209,-0.41016846895217896,0.9999930262565613,0.19044636189937592,0.7004249095916748,-0.48079797625541687,0.9847418069839478,0.19652779400348663,0.7194814085960388,-0.5265079736709595,0.9675386548042297,0.19215035438537598,0.7163479328155518,0.1359885185956955,0.9999890327453613,0.19257934391498566,0.7454735040664673,0.3338158130645752,0.28023770451545715,0.18910138309001923,0.7776744961738586,0.5246970653533936,0.7178831100463867,0.19354410469532013,0.7188838720321655,-0.13604013621807098,0.9999964833259583,0.19551077485084534,0.7487823963165283,-0.11912663280963898,0.9857617020606995,0.19310362637043,0.7843100428581238,-0.05983257666230202,0.9877827763557434,defesa
shot_KS_9,2.930636167526245,0.20293234288692474,0.658993661403656,-0.276131808757782,0.999531090259552,0.19492073357105255,0.6720002293586731,-0.000946587766520679,0.9999709129333496,0.19558720290660858,0.6911186575889587,0.1960093230009079,0.09276946634054184,0.20274858176708221,0.697898268699646,0.26305264234542847,0.2398301362991333,0.1943674087524414,0.6778057217597961,-0.40424326062202454,0.999993622303009,0.19046898186206818,0.7002090215682983,-0.48173823952674866,0.9862169027328491,0.1965055614709854,0.7194885611534119,-0.5311517715454102,0.9706666469573975,0.19202877581119537,0.716404139995575,0.1359279602766037,0.9999891519546509,0.19241484999656677,0.7453837990760803,0.3361895680427551,0.2792067527770996,0.18890203535556793,0.7778958082199097,0.5288296937942505,0.7229739427566528,0.19353730976581573,0.7189282178878784,-0.13597369194030762,0.9999964833259583,0.19544075429439545,0.7487768530845642,-0.11157915741205215,0.9864947199821472,0.1931115686893463,0.784330427646637,-0.04156774282455444,0.9884998202323914,defesa
shot_KS_9,2.9920525550842285,0.2028021365404129,0.6589987277984619,-0.2736370861530304,0.9995772838592529,0.19485488533973694,0.6719866991043091,7.387619552901015e-05,0.9999733567237854,0.195697620511055,0.6918774247169495,0.19437801837921143,0.10232517123222351,0.20273219048976898,0.6982015371322632,0.2609442174434662,0.27917638421058655,0.19434089958667755,0.6775133013725281,-0.40535035729408264,0.9999940991401672,0.19058464467525482,0.7002179622650146,-0.483435720205307,0.9875456690788269,0.19656570255756378,0.7196972370147705,-0.529971182346344,0.9734728932380676,0.1918451339006424,0.7166295051574707,0.1358419507741928,0.99998939037323,0.19221575558185577,0.7457022070884705,0.3363984525203705,0.28411996364593506,0.18869289755821228,0.7783910632133484,0.5300201177597046,0.7319110035896301,0.19351188838481903,0.7196694016456604,-0.13588742911815643,0.9999964833259583,0.19552138447761536,0.7493041157722473,-0.07761795073747635,0.9869932532310486,0.19316600263118744,0.7843950986862183,0.0205963384360075,0.9890792369842529,defesa
shot_KS_9,3.039931297302246,0.20262998342514038,0.6590062379837036,-0.26674574613571167,0.9996188879013062,0.1948479413986206,0.6720444560050964,0.004762792494148016,0.9999755024909973,0.19586855173110962,0.6922906637191772,0.18892332911491394,0.11124211549758911,0.20283381640911102,0.6987170577049255,0.23708082735538483,0.310312956571579,0.19434623420238495,0.6771175861358643,-0.40326327085494995,0.9999945759773254,0.19061461091041565,0.700103223323822,-0.4839168190956116,0.9887493252754211,0.1965653896331787,0.7198746204376221,-0.531828761100769,0.9760221838951111,0.19173839688301086,0.717240035533905,0.13649265468120575,0.9999897480010986,0.1921587884426117,0.7460929751396179,0.34229573607444763,0.2949927747249603,0.1887066513299942,0.7785846590995789,0.5397217869758606,0.7445144057273865,0.19346708059310913,0.7202439308166504,-0.1365247219800949,0.9999966025352478,0.19608770310878754,0.749605119228363,-0.08521095663309097,0.987812340259552,0.1932940036058426,0.7845191359519958,0.005826111417263746,0.9898264408111572,defesa
shot_KS_9,3.103137969970703,0.2025250941514969,0.6589915752410889,-0.2657952606678009,0.9996564984321594,0.19486133754253387,0.6720801591873169,0.006827772129327059,0.9999775290489197,0.19560006260871887,0.6925414204597473,0.18647192418575287,0.11927393823862076,0.20328262448310852,0.6993962526321411,0.22690817713737488,0.3431795537471771,0.1943463683128357,0.6768714785575867,-0.4061146676540375,0.9999950528144836,0.19063800573349,0.7001087069511414,-0.4860770106315613,0.989821195602417,0.19663947820663452,0.7203235030174255,-0.532271146774292,0.9783517122268677,0.1913699060678482,0.7174003720283508,0.13728953897953033,0.9999898076057434,0.19189263880252838,0.7467048764228821,0.3406667709350586,0.30586910247802734,0.18854761123657227,0.7789014577865601,0.5230149030685425,0.75755375623703,0.193233922123909,0.7203233242034912,-0.13733334839344025,0.999996542930603,0.19742973148822784,0.7498576641082764,-0.08198928087949753,0.9883099794387817,0.19351889193058014,0.7845196723937988,0.027363760396838188,0.9903412461280823,defesa
shot_KS_9,3.1511478424072266,0.20248515903949738,0.6587091088294983,-0.24915073812007904,0.9996897578239441,0.19490942358970642,0.6721135377883911,0.01595337875187397,0.9999786615371704,0.1955566555261612,0.693139910697937,0.18832947313785553,0.12001140415668488,0.2029612958431244,0.7000887989997864,0.23428583145141602,0.3553423285484314,0.19443927705287933,0.676418662071228,-0.4034392535686493,0.9999954104423523,0.1907373070716858,0.7000494003295898,-0.4807233512401581,0.9907942414283752,0.1966683268547058,0.720864474773407,-0.5271810293197632,0.9804515242576599,0.1911371797323227,0.7175729274749756,0.1372121274471283,0.9999896883964539,0.19174019992351532,0.7472506761550903,0.3528102934360504,0.3293996751308441,0.18850944936275482,0.7789113521575928,0.543423056602478,0.7760999202728271,0.19317220151424408,0.7204416394233704,-0.1372547596693039,0.9999964833259583,0.19850069284439087,0.7500985264778137,-0.05989718437194824,0.9890131950378418,0.19379915297031403,0.7837169170379639,0.09696858376264572,0.9909600019454956,defesa
shot_KS_9,3.231459856033325,0.2024863213300705,0.658510148525238,-0.2670312821865082,0.999719500541687,0.1949048489332199,0.6721624135971069,0.009889320470392704,0.9999790191650391,0.19499948620796204,0.6942446231842041,0.1461082547903061,0.11528828740119934,0.2024211436510086,0.7001639604568481,0.13773582875728607,0.3467375636100769,0.19465745985507965,0.6764695048332214,-0.41248220205307007,0.9999957084655762,0.19113263487815857,0.7001890540122986,-0.497764527797699,0.991659939289093,0.19681870937347412,0.7215641736984253,-0.545021116733551,0.9823047518730164,0.19115491211414337,0.7177907228469849,0.137355774641037,0.9999896287918091,0.19177845120429993,0.7472810745239258,0.35122379660606384,0.3491363227367401,0.1885487586259842,0.7788102626800537,0.5423993468284607,0.7914115190505981,0.19317561388015747,0.72055983543396,-0.13739250600337982,0.9999964833259583,0.1992124617099762,0.7501543760299683,-0.06986129283905029,0.9894853234291077,0.19401443004608154,0.7831594944000244,0.0884411409497261,0.9913904666900635,defesa
shot_KS_9,3.2941389083862305,0.20248915255069733,0.6585096716880798,-0.2751259207725525,0.9997454881668091,0.19490112364292145,0.6722965836524963,0.005782092455774546,0.9999791979789734,0.19444261491298676,0.694968581199646,0.13798795640468597,0.11084628105163574,0.20208805799484253,0.701674222946167,0.1256343424320221,0.3326827883720398,0.19472366571426392,0.6765139102935791,-0.4172685146331787,0.9999959468841553,0.19136309623718262,0.700421154499054,-0.49928638339042664,0.992427408695221,0.19708186388015747,0.7217881679534912,-0.5380480885505676,0.9839134812355042,0.19096803665161133,0.7178865075111389,0.13738293945789337,0.9999898672103882,0.19180965423583984,0.7472277879714966,0.3488951027393341,0.368173211812973,0.1885964274406433,0.778745174407959,0.5381707549095154,0.8062379360198975,0.19311664998531342,0.7205703854560852,-0.13742242753505707,0.999996542930603,0.19995632767677307,0.7500427961349487,-0.07067263871431351,0.9900254607200623,0.1942923218011856,0.782716691493988,0.06971059739589691,0.9918472170829773,defesa
shot_KS_9,3.3458261489868164,0.20248527824878693,0.6585204601287842,-0.25123581290245056,0.9997663497924805,0.1951744556427002,0.6727694869041443,0.036896318197250366,0.9999773502349854,0.19423532485961914,0.695501446723938,0.1492992490530014,0.10694887489080429,0.2018590122461319,0.7039551734924316,0.12852032482624054,0.31867527961730957,0.19466696679592133,0.6762487888336182,-0.3930635154247284,0.9999960660934448,0.19143380224704742,0.7004247307777405,-0.48113155364990234,0.99312424659729,0.19771091639995575,0.7207717299461365,-0.516044557094574,0.9853928685188293,0.19096995890140533,0.7184504270553589,0.13814176619052887,0.9999898672103882,0.19188836216926575,0.747855007648468,0.3482819199562073,0.39243605732917786,0.1885492354631424,0.7789996266365051,0.527527391910553,0.8216454982757568,0.19310325384140015,0.7207173705101013,-0.1381816565990448,0.999996542930603,0.2005155384540558,0.750031590461731,-0.11750494688749313,0.9907585978507996,0.19459010660648346,0.7826276421546936,0.05097432807087898,0.9924104809761047,defesa
shot_KS_9,3.409210443496704,0.20250914990901947,0.6585140824317932,-0.2223132848739624,0.9997847080230713,0.19532711803913116,0.6734017133712769,0.06336621940135956,0.9999758005142212,0.1941128671169281,0.6962820887565613,0.18059372901916504,0.10233210027217865,0.20165643095970154,0.7045851349830627,0.15289287269115448,0.30394166707992554,0.1946030706167221,0.6761260032653809,-0.3651576042175293,0.9999960064888,0.1914711743593216,0.7002612948417664,-0.4563947021961212,0.9936971664428711,0.19809821248054504,0.7189550399780273,-0.49546441435813904,0.9865243434906006,0.1910201609134674,0.7186058759689331,0.13924899697303772,0.9999896287918091,0.19190147519111633,0.748272180557251,0.31760773062705994,0.4084305167198181,0.18857616186141968,0.7791309952735901,0.46794605255126953,0.8341258764266968,0.19311654567718506,0.7207580804824829,-0.13929729163646698,0.9999964237213135,0.2007296234369278,0.7500206828117371,-0.1378202736377716,0.9913194179534912,0.19478435814380646,0.7825827598571777,-0.008794879540801048,0.9928591847419739,defesa
shot_KS_9,3.4589028358459473,0.20252154767513275,0.6585075855255127,-0.21368488669395447,0.9997930526733398,0.19587202370166779,0.6739981174468994,0.06834132969379425,0.9999731779098511,0.194101020693779,0.6974622011184692,0.17806324362754822,0.09852809458971024,0.20155952870845795,0.7046558260917664,0.1286720186471939,0.2919636070728302,0.19434411823749542,0.6760975122451782,-0.35654452443122864,0.9999958276748657,0.19138771295547485,0.7002390623092651,-0.4425811469554901,0.9941923022270203,0.19871924817562103,0.7175864577293396,-0.48328083753585815,0.987521767616272,0.191442608833313,0.7188553810119629,0.1396920531988144,0.9999892115592957,0.1923791617155075,0.7481666207313538,0.32313233613967896,0.4144211709499359,0.1885923147201538,0.7791222929954529,0.49087244272232056,0.8430280685424805,0.19317826628684998,0.7210585474967957,-0.13972178101539612,0.9999962449073792,0.20083898305892944,0.7500603199005127,-0.15118901431560516,0.9918617010116577,0.19564516842365265,0.7826411128044128,-0.02508820965886116,0.9932369589805603,defesa
shot_KS_9,3.540712833404541,0.20255230367183685,0.6585071086883545,-0.21939422190189362,0.9997963309288025,0.19588924944400787,0.6742178797721863,0.06890852749347687,0.9999692440032959,0.1939769983291626,0.6981805562973022,0.16637684404850006,0.09286767989397049,0.20148907601833344,0.7045966386795044,0.08511336147785187,0.2743755578994751,0.19434764981269836,0.676249086856842,-0.365574449300766,0.9999954104423523,0.19161947071552277,0.7003433704376221,-0.4487949311733246,0.9946088790893555,0.20040147006511688,0.715757429599762,-0.48374125361442566,0.9883684515953064,0.19154374301433563,0.7191997766494751,0.14276793599128723,0.9999886155128479,0.1927841752767563,0.7481656074523926,0.32539838552474976,0.41886842250823975,0.18856149911880493,0.7790740132331848,0.49570515751838684,0.8502943515777588,0.19318197667598724,0.7212712168693542,-0.14277365803718567,0.9999960064888,0.20081885159015656,0.7501387596130371,-0.15244974195957184,0.9923739433288574,0.1960359364748001,0.782981276512146,-0.030368637293577194,0.9935784935951233,defesa
shot_KS_9,3.6023969650268555,0.2025894969701767,0.6585035920143127,-0.20681023597717285,0.999800443649292,0.1958693116903305,0.6743456125259399,0.06877682358026505,0.9999669790267944,0.19357888400554657,0.6984316110610962,0.17687936127185822,0.0857561007142067,0.2013818770647049,0.7045585513114929,0.121470145881176,0.2545885443687439,0.19474180042743683,0.6768254041671753,-0.35973337292671204,0.9999951124191284,0.1923569291830063,0.7008599042892456,-0.43070387840270996,0.9948911666870117,0.20203787088394165,0.7133203148841858,-0.44372794032096863,0.989144504070282,0.191506490111351,0.7192333340644836,0.14276227355003357,0.9999880790710449,0.19313883781433105,0.7481124997138977,0.33610501885414124,0.4080755412578583,0.18854698538780212,0.7788740992546082,0.5006439089775085,0.8531637787818909,0.1932067722082138,0.7212720513343811,-0.14277485013008118,0.9999958276748657,0.20064185559749603,0.7501351833343506,-0.13899663090705872,0.9927142262458801,0.19671165943145752,0.7838243842124939,-0.02656400203704834,0.9938371777534485,defesa
shot_KS_9,3.6698482036590576,0.20258790254592896,0.6585204005241394,-0.18547460436820984,0.9998040199279785,0.1950627714395523,0.674441397190094,0.07570947706699371,0.9999632239341736,0.19314567744731903,0.698288083076477,0.19228433072566986,0.07929876446723938,0.20100274682044983,0.7044986486434937,0.16174694895744324,0.23586513102054596,0.1954222023487091,0.6770172119140625,-0.34601858258247375,0.9999945759773254,0.1935959905385971,0.7009005546569824,-0.41360801458358765,0.9950152635574341,0.20352929830551147,0.7096959352493286,-0.4118862748146057,0.9899311065673828,0.1914764642715454,0.7193568348884583,0.14247800409793854,0.9999861717224121,0.19369061291217804,0.7480788826942444,0.334581196308136,0.3995424807071686,0.18852512538433075,0.7784914970397949,0.48575708270072937,0.8517047762870789,0.1934470683336258,0.7212944030761719,-0.1424965262413025,0.9999951124191284,0.2004726082086563,0.7507966756820679,-0.123208187520504,0.9926884770393372,0.197420135140419,0.7852895259857178,-0.026005862280726433,0.9938173294067383,defesa
shot_KS_9,3.733419895172119,0.2025965452194214,0.6585253477096558,-0.20288319885730743,0.9998034238815308,0.1943100392818451,0.6747386455535889,0.06532961875200272,0.999954879283905,0.19288885593414307,0.6980588436126709,0.14706553518772125,0.07258118689060211,0.20190829038619995,0.704373300075531,0.06711653620004654,0.215241938829422,0.19602079689502716,0.6774534583091736,-0.3515107035636902,0.9999935030937195,0.19483919441699982,0.7012844681739807,-0.4287271797657013,0.9951791763305664,0.2049059420824051,0.7061241865158081,-0.4226689040660858,0.9905394315719604,0.1914977878332138,0.7198346853256226,0.14273320138454437,0.9999849796295166,0.19409824907779694,0.7481363415718079,0.33589524030685425,0.39041948318481445,0.18843509256839752,0.7784900665283203,0.49247434735298157,0.8471006751060486,0.19389310479164124,0.7218191623687744,-0.14276333153247833,0.9999947547912598,0.20038624107837677,0.7517108917236328,-0.1160205751657486,0.9927635788917542,0.19760768115520477,0.7864661812782288,-0.02341671846807003,0.9937089085578918,defesa
shot_KS_9,3.7971231937408447,0.20264194905757904,0.6584851145744324,-0.23249506950378418,0.9998127818107605,0.1939321756362915,0.6750164031982422,0.04386639595031738,0.9999533891677856,0.1927681714296341,0.6981368660926819,0.1792193353176117,0.06735753268003464,0.20193232595920563,0.7004099488258362,0.1921149492263794,0.19941754639148712,0.1964063197374344,0.6776895523071289,-0.3941764831542969,0.9999927282333374,0.19606398046016693,0.7020713686943054,-0.45466703176498413,0.9952757954597473,0.2073492407798767,0.7043985724449158,-0.4418986141681671,0.991180956363678,0.1914895921945572,0.7203634977340698,0.1457979381084442,0.9999824166297913,0.19421473145484924,0.7488351464271545,0.36778703331947327,0.3764277398586273,0.18834351003170013,0.7787112593650818,0.5429327487945557,0.8436998128890991,0.19424740970134735,0.7224162220954895,-0.14583346247673035,0.9999936819076538,0.20026083290576935,0.7524497509002686,-0.10075666010379791,0.9924662113189697,0.1972333788871765,0.7877470254898071,0.007445123046636581,0.9931533932685852,defesa
shot_KS_9,3.8680903911590576,0.20266123116016388,0.6585068702697754,-0.2472982257604599,0.9998285174369812,0.19362173974514008,0.6751959919929504,0.03900907561182976,0.9999554753303528,0.1928332895040512,0.6980207562446594,0.21079890429973602,0.06592535972595215,0.20205996930599213,0.697988748550415,0.25977271795272827,0.1990719586610794,0.19667232036590576,0.6781001687049866,-0.4151455760002136,0.9999920129776001,0.197191059589386,0.7022697329521179,-0.4590704143047333,0.9953082799911499,0.20851166546344757,0.7016549706459045,-0.4107325077056885,0.9918134808540344,0.19149930775165558,0.7210943102836609,0.15187333524227142,0.9999774098396301,0.1945076435804367,0.7499163746833801,0.33681154251098633,0.36137014627456665,0.18818220496177673,0.7794373035430908,0.46449539065361023,0.8337214589118958,0.19454677402973175,0.7227769494056702,-0.151956707239151,0.9999906420707703,0.19979669153690338,0.7530238032341003,-0.13201764225959778,0.9909893274307251,0.19713842868804932,0.7887325882911682,-0.04581167548894882,0.9908498525619507,defesa
shot_KS_9,3.9325075149536133,0.20262186229228973,0.6591846346855164,-0.24955680966377258,0.999840497970581,0.19301900267601013,0.675957977771759,0.02712966315448284,0.9999529719352722,0.19296936690807343,0.6979414820671082,0.20729194581508636,0.062154561281204224,0.20199109613895416,0.6963441371917725,0.2136199176311493,0.18514926731586456,0.19718338549137115,0.679329514503479,-0.4105481207370758,0.9999890327453613,0.19979260861873627,0.7026681303977966,-0.4136808216571808,0.9946779012680054,0.20976196229457855,0.6989573240280151,-0.29966744780540466,0.9917056560516357,0.19149203598499298,0.7214243412017822,0.15074531733989716,0.9999746084213257,0.19451840221881866,0.7501763701438904,0.3838958144187927,0.34208494424819946,0.18821293115615845,0.7793887257575989,0.5667768716812134,0.819464385509491,0.19485177099704742,0.7233779430389404,-0.15080523490905762,0.9999890327453613,0.19975316524505615,0.7541290521621704,-0.129865363240242,0.9904278516769409,0.19697439670562744,0.7889562249183655,-0.03679400309920311,0.9895199537277222,defesa
shot_KS_9,3.987900733947754,0.20260964334011078,0.6595790386199951,-0.24750976264476776,0.9998202919960022,0.19321106374263763,0.6769909858703613,0.030087152495980263,0.9999421238899231,0.19612179696559906,0.6995058655738831,0.008023896254599094,0.05681635066866875,0.204398050904274,0.6975539326667786,-0.23013435304164886,0.16881828010082245,0.19713489711284637,0.6792823076248169,-0.4127452075481415,0.9999845623970032,0.20162521302700043,0.7025759816169739,-0.42630091309547424,0.9934038519859314,0.21087490022182465,0.6946198344230652,-0.34922322630882263,0.9908217787742615,0.19191986322402954,0.7217324376106262,0.1506374180316925,0.9999752640724182,0.19487251341342926,0.7510983347892761,0.3672786056995392,0.3156028091907501,0.18823875486850739,0.7795419096946716,0.5439581274986267,0.7826414704322815,0.19484098255634308,0.7234217524528503,-0.1506621390581131,0.9999892711639404,0.19969700276851654,0.7544494867324829,-0.18297640979290009,0.9901405572891235,0.19694997370243073,0.7889221906661987,-0.11280190944671631,0.9877221584320068,defesa
shot_KS_9,4.052951097488403,0.20253820717334747,0.6598295569419861,-0.2058667689561844,0.9997997879981995,0.1933615356683731,0.6776511073112488,0.04885648563504219,0.9999287128448486,0.19728350639343262,0.6992218494415283,0.05463468283414841,0.0519949235022068,0.20568852126598358,0.6957573294639587,-0.12759888172149658,0.15349096059799194,0.1970992237329483,0.6795756220817566,-0.38341420888900757,0.9999777674674988,0.20294761657714844,0.7025529742240906,-0.38623812794685364,0.9912317991256714,0.21151898801326752,0.6905566453933716,-0.28143519163131714,0.988571286201477,0.19218116998672485,0.7222120761871338,0.14977939426898956,0.9999762773513794,0.19530104100704193,0.751337468624115,0.3679952025413513,0.29350972175598145,0.18835166096687317,0.7795166969299316,0.5565866827964783,0.7586713433265686,0.19484908878803253,0.7236596345901489,-0.14977756142616272,0.9999896287918091,0.19969813525676727,0.7542760372161865,-0.17358636856079102,0.9901189208030701,0.19693046808242798,0.7887946367263794,-0.1036568358540535,0.9871534109115601,defesa
shot_KS_9,4.1148152351379395,0.20237775146961212,0.6601859331130981,-0.13471165299415588,0.9997923970222473,0.19344985485076904,0.6778197884559631,0.09470833837985992,0.9999110698699951,0.19767187535762787,0.698052167892456,0.09635680168867111,0.04774244502186775,0.20601840317249298,0.6938590407371521,-0.05707303434610367,0.13956381380558014,0.19759513437747955,0.6796914935112,-0.3206086754798889,0.9999677538871765,0.20463119447231293,0.7008311152458191,-0.3128962218761444,0.9901381731033325,0.2120264321565628,0.6881478428840637,-0.17551691830158234,0.9847254753112793,0.19216890633106232,0.7224882245063782,0.1449534147977829,0.9999775886535645,0.19596020877361298,0.7517737150192261,0.3461383283138275,0.27742114663124084,0.18845471739768982,0.7794854044914246,0.5083953142166138,0.7429645657539368,0.19492390751838684,0.723859429359436,-0.14496825635433197,0.9999901056289673,0.20007552206516266,0.7543192505836487,-0.16511580348014832,0.9903140068054199,0.19681382179260254,0.7886316776275635,-0.08789432048797607,0.9874189496040344,defesa
shot_KS_9,4.178154706954956,0.20225583016872406,0.6601313352584839,-0.12108075618743896,0.9997690320014954,0.19368435442447662,0.6777642965316772,0.11248912662267685,0.9998886585235596,0.19971784949302673,0.6966971158981323,0.10868918150663376,0.04428113251924515,0.2079019397497177,0.6893837451934814,-0.03903710097074509,0.12783919274806976,0.1977851390838623,0.6795869469642639,-0.3104405105113983,0.9999573826789856,0.20650601387023926,0.6995432376861572,-0.3086129128932953,0.9890197515487671,0.21275632083415985,0.6858286261558533,-0.17853723466396332,0.9831483960151672,0.19214677810668945,0.7226273417472839,0.14483429491519928,0.9999787211418152,0.19656039774417877,0.751579761505127,0.3452996611595154,0.262107253074646,0.1887190341949463,0.7793052792549133,0.509763777256012,0.7288307547569275,0.19491730630397797,0.7240432500839233,-0.14484868943691254,0.9999905228614807,0.20051902532577515,0.754285991191864,-0.1759541779756546,0.990719199180603,0.19680097699165344,0.7884707450866699,-0.12812593579292297,0.9878858923912048,defesa
shot_KS_9,4.2323832511901855,0.20221661031246185,0.6601071357727051,-0.09918873757123947,0.9997639656066895,0.19393613934516907,0.6776933073997498,0.12341456860303879,0.9998799562454224,0.20203302800655365,0.694361686706543,0.1136314794421196,0.0425601527094841,0.2101731300354004,0.6850833892822266,-0.052940599620342255,0.11932088434696198,0.19812138378620148,0.679388701915741,-0.2909782826900482,0.9999516606330872,0.20767368376255035,0.6983287930488586,-0.286949098110199,0.9878711104393005,0.21312732994556427,0.6832211017608643,-0.1529460996389389,0.9815123081207275,0.19212715327739716,0.7226200699806213,0.1437983512878418,0.9999800324440002,0.19684791564941406,0.7514227032661438,0.35147032141685486,0.2476573884487152,0.18896730244159698,0.7788737416267395,0.5137067437171936,0.7108308672904968,0.19489003717899323,0.7240652441978455,-0.14382266998291016,0.9999910593032837,0.20066304504871368,0.7541292905807495,-0.16504636406898499,0.9910815358161926,0.19677282869815826,0.7885279059410095,-0.13355858623981476,0.9884241819381714,defesa
shot_KS_9,4.289300918579102,0.2022155374288559,0.6603823900222778,-0.08149998635053635,0.9997648000717163,0.19488824903964996,0.6780827641487122,0.1291782557964325,0.9998774528503418,0.20440120995044708,0.6933298110961914,0.11177152395248413,0.04257343336939812,0.2114897519350052,0.6830287575721741,-0.06728672236204147,0.11308416724205017,0.19822700321674347,0.6793405413627625,-0.2766017019748688,0.9999452829360962,0.2085251659154892,0.6964024901390076,-0.25944679975509644,0.9865380525588989,0.21349993348121643,0.6814832091331482,-0.10224287956953049,0.9772775769233704,0.19218017160892487,0.7227748036384583,0.14129191637039185,0.9999814629554749,0.19702287018299103,0.7513136863708496,0.3451504409313202,0.2360762506723404,0.18940375745296478,0.7788429856300354,0.49987345933914185,0.6967635750770569,0.19486995041370392,0.7241899967193604,-0.14132340252399445,0.9999915957450867,0.20089395344257355,0.7541646361351013,-0.1657562553882599,0.9914920926094055,0.19680912792682648,0.7886828184127808,-0.15693451464176178,0.9890230298042297,defesa
shot_KS_9,4.33711051940918,0.20222680270671844,0.6609255075454712,-0.09112940728664398,0.9997664093971252,0.19589515030384064,0.6785863041877747,0.1280456930398941,0.9998735189437866,0.20575886964797974,0.6926398277282715,0.1137937530875206,0.04332975670695305,0.21127702295780182,0.6826397180557251,-0.057748012244701385,0.10816135257482529,0.19829922914505005,0.679595947265625,-0.280716210603714,0.9999412894248962,0.20911185443401337,0.6944696307182312,-0.2608318030834198,0.9868018627166748,0.21352921426296234,0.6804848313331604,-0.10488913208246231,0.9767531156539917,0.1922852098941803,0.7234338521957397,0.14083382487297058,0.9999827146530151,0.19714005291461945,0.7512616515159607,0.35147494077682495,0.2293233573436737,0.18992583453655243,0.7786020040512085,0.5083368420600891,0.6940839290618896,0.19485260546207428,0.7249685525894165,-0.14086435735225677,0.9999920725822449,0.20097048580646515,0.7546674013137817,-0.14972557127475739,0.9920613765716553,0.19684229791164398,0.7886658310890198,-0.13143065571784973,0.9897910952568054,defesa
shot_KS_9,4.400553941726685,0.20222848653793335,0.6617259979248047,-0.09644706547260284,0.9997550249099731,0.19641996920108795,0.6790908575057983,0.12974950671195984,0.9998757243156433,0.2065180391073227,0.6919257044792175,0.09971950948238373,0.04680977389216423,0.21180270612239838,0.681378185749054,-0.10461972653865814,0.10982801020145416,0.19817353785037994,0.6796316504478455,-0.28102025389671326,0.9999400973320007,0.20886337757110596,0.6922131180763245,-0.26845577359199524,0.9873712062835693,0.21367739140987396,0.6797763705253601,-0.12686976790428162,0.9773705005645752,0.1923651248216629,0.7241058945655823,0.14094659686088562,0.9999838471412659,0.19742058217525482,0.7512465119361877,0.3679725229740143,0.21730861067771912,0.19033046066761017,0.7784501314163208,0.5444546937942505,0.680178165435791,0.19472360610961914,0.7255973219871521,-0.14097969233989716,0.9999924898147583,0.20109577476978302,0.7550731897354126,-0.1590798944234848,0.992612361907959,0.19682152569293976,0.788634717464447,-0.1565178632736206,0.9904404878616333,defesa
shot_KS_9,4.448482275009155,0.20219318568706512,0.6623039245605469,-0.07936704903841019,0.9997500777244568,0.1968054324388504,0.6799388527870178,0.14141498506069183,0.9998739957809448,0.2059144824743271,0.6913324594497681,0.10695087164640427,0.0528334341943264,0.21168343722820282,0.6818127036094666,-0.07344935834407806,0.11489720642566681,0.19842524826526642,0.6801993250846863,-0.2587912976741791,0.9999358057975769,0.20937196910381317,0.6906024813652039,-0.24587038159370422,0.9877417683601379,0.21406640112400055,0.6795786619186401,-0.10613691806793213,0.9770011305809021,0.1923542320728302,0.7248606085777283,0.13939568400382996,0.9999849200248718,0.19749721884727478,0.7514156699180603,0.3539731502532959,0.22265902161598206,0.19035008549690247,0.778438150882721,0.5194712281227112,0.6858474016189575,0.19455109536647797,0.7262243032455444,-0.13941873610019684,0.999992847442627,0.20136119425296783,0.7551593780517578,-0.15023744106292725,0.993202269077301,0.19682739675045013,0.7886198163032532,-0.1359816938638687,0.9911859631538391,defesa
shot_KS_9,4.511942625045776,0.20219238102436066,0.6640764474868774,-0.10155779123306274,0.9997641444206238,0.1977732926607132,0.6808910369873047,0.1471501737833023,0.9998729825019836,0.20782913267612457,0.6907543540000916,0.10208884626626968,0.057680703699588776,0.21324682235717773,0.6805689930915833,-0.14725948870182037,0.13630887866020203,0.19837535917758942,0.6814974546432495,-0.2714798152446747,0.9999323487281799,0.20843897759914398,0.6891219019889832,-0.30934908986091614,0.9872783422470093,0.21369552612304688,0.6801313161849976,-0.28157731890678406,0.9768304824829102,0.19233949482440948,0.7257496118545532,0.1394951194524765,0.999985933303833,0.19759367406368256,0.7522091269493103,0.32473692297935486,0.2304827719926834,0.19032974541187286,0.7783758044242859,0.5108471512794495,0.6824866533279419,0.19382137060165405,0.7269233465194702,-0.13948802649974823,0.9999932050704956,0.2012915015220642,0.7551435828208923,-0.18475262820720673,0.9936402440071106,0.19659726321697235,0.7883554697036743,-0.14548572897911072,0.9916117191314697,defesa
shot_KS_9,4.559995651245117,0.20223714411258698,0.6658422350883484,-0.10427021980285645,0.9997828006744385,0.19762109220027924,0.6818613409996033,0.1458757072687149,0.999871551990509,0.2078947275876999,0.6913888454437256,0.09344179183244705,0.05672280490398407,0.2139885425567627,0.6802894473075867,-0.15373870730400085,0.13500070571899414,0.19846104085445404,0.6829425692558289,-0.2665683627128601,0.9999346137046814,0.20870350301265717,0.688356339931488,-0.3158404231071472,0.9879099130630493,0.21400563418865204,0.6803222894668579,-0.2839776873588562,0.9784616231918335,0.19216643273830414,0.726514995098114,0.13723643124103546,0.9999868869781494,0.19804026186466217,0.7525559067726135,0.3047613501548767,0.236079141497612,0.19073736667633057,0.7782836556434631,0.4785251021385193,0.6751270294189453,0.19302120804786682,0.727491557598114,-0.1372203677892685,0.999993622303009,0.20125655829906464,0.7550824284553528,-0.17374542355537415,0.993971049785614,0.1961727738380432,0.7882749438285828,-0.13805608451366425,0.9919353723526001,defesa
shot_KS_9,4.629489183425903,0.20224648714065552,0.6668341159820557,-0.08577989786863327,0.9997813701629639,0.19938957691192627,0.683437705039978,0.16709348559379578,0.9998777508735657,0.21149158477783203,0.688317596912384,0.09846697747707367,0.0681203082203865,0.21621496975421906,0.6778464317321777,-0.16497370600700378,0.17731304466724396,0.19839388132095337,0.6835397481918335,-0.25301316380500793,0.999925971031189,0.20828726887702942,0.6870113611221313,-0.28359514474868774,0.986234724521637,0.214856818318367,0.6797962188720703,-0.20299425721168518,0.9706011414527893,0.19206087291240692,0.7271628975868225,0.140549436211586,0.9999879598617554,0.19785450398921967,0.752510666847229,0.31119221448898315,0.2288178950548172,0.19107376039028168,0.7771452069282532,0.5036713480949402,0.6586302518844604,0.19214840233325958,0.7277988791465759,-0.14048291742801666,0.9999939799308777,0.20133723318576813,0.7552419900894165,-0.18259204924106598,0.9942736029624939,0.19618608057498932,0.7881590723991394,-0.1412329375743866,0.9921589493751526,defesa
shot_KS_9,4.679434776306152,0.20240062475204468,0.6683205962181091,-0.044373851269483566,0.9997630715370178,0.1988309621810913,0.684246838092804,0.19411639869213104,0.9998670816421509,0.21060164272785187,0.6868777871131897,0.15787720680236816,0.0669383704662323,0.2175188511610031,0.6776848435401917,-0.07754679024219513,0.1767672598361969,0.1985902041196823,0.6843235492706299,-0.2346079796552658,0.9999150037765503,0.20919658243656158,0.6863297820091248,-0.28413596749305725,0.9829289317131042,0.2167809158563614,0.6783543825149536,-0.2118319422006607,0.9630481004714966,0.19140468537807465,0.7278221845626831,0.14387165009975433,0.999988853931427,0.19818998873233795,0.7524409890174866,0.316087931394577,0.22477981448173523,0.19112582504749298,0.7763808369636536,0.49594005942344666,0.6400427222251892,0.1915692687034607,0.7283027768135071,-0.14379529654979706,0.9999943375587463,0.2014128416776657,0.7554492950439453,-0.17897941172122955,0.9945610165596008,0.19630467891693115,0.7882604002952576,-0.15397275984287262,0.9924798607826233,defesa
shot_KS_9,4.743389368057251,0.20254644751548767,0.6696066856384277,-0.016959723085165024,0.9997704029083252,0.19842036068439484,0.6844916343688965,0.2121991366147995,0.999849259853363,0.20942479372024536,0.6863906383514404,0.2181689292192459,0.06760405749082565,0.21818657219409943,0.6786131262779236,0.054055120795965195,0.17333254218101501,0.19890326261520386,0.6852756142616272,-0.2200230211019516,0.9999117851257324,0.20971660315990448,0.6862792372703552,-0.29080837965011597,0.982111930847168,0.21822038292884827,0.6786023378372192,-0.2598927319049835,0.9613939523696899,0.19049115478992462,0.7282562851905823,0.14515545964241028,0.9999895095825195,0.19808636605739594,0.7524207830429077,0.3103705048561096,0.24090738594532013,0.19106465578079224,0.7765559554100037,0.4790270924568176,0.6406750082969666,0.19122721254825592,0.7287338376045227,-0.14511153101921082,0.999994695186615,0.2013762891292572,0.7556542754173279,-0.16326408088207245,0.9948289394378662,0.19627313315868378,0.7877322435379028,-0.12378858029842377,0.9927822947502136,defesa
shot_KS_9,4.806591033935547,0.20280128717422485,0.6710964441299438,-0.019088927656412125,0.9997926354408264,0.1985001415014267,0.6853584051132202,0.1809535026550293,0.9998636245727539,0.20976027846336365,0.6867232918739319,0.2472817748785019,0.13480807840824127,0.21726880967617035,0.6776378154754639,0.20971187949180603,0.24872547388076782,0.1990254819393158,0.6865316033363342,-0.19476541876792908,0.9999153017997742,0.19884802401065826,0.702195405960083,-0.2603132724761963,0.9409693479537964,0.19594179093837738,0.7147124409675598,-0.24710913002490997,0.8743939995765686,0.18988634645938873,0.7288843989372253,0.14224989712238312,0.9999903440475464,0.19742870330810547,0.7537117600440979,0.31505900621414185,0.27724894881248474,0.19098658859729767,0.776477575302124,0.44697442650794983,0.6616972088813782,0.19107894599437714,0.7295786142349243,-0.14223602414131165,0.9999948740005493,0.20133210718631744,0.756031334400177,-0.14267759025096893,0.9951565265655518,0.19569699466228485,0.7867357134819031,-0.10198680311441422,0.9932771325111389,defesa
shot_KS_9,4.854449272155762,0.20285560190677643,0.671954333782196,-0.036030616611242294,0.9998132586479187,0.19853098690509796,0.6866188049316406,0.17634795606136322,0.9998770356178284,0.20891736447811127,0.6875026226043701,0.2960974872112274,0.19527842104434967,0.21620722115039825,0.6787281632423401,0.32102862000465393,0.31737133860588074,0.1989605575799942,0.6870908737182617,-0.19936060905456543,0.9999227523803711,0.19576382637023926,0.7027703523635864,-0.29109451174736023,0.927429735660553,0.19477565586566925,0.7162392139434814,-0.35097041726112366,0.8131791353225708,0.18911607563495636,0.729522168636322,0.1422804445028305,0.999991238117218,0.19594962894916534,0.7525620460510254,0.33508434891700745,0.3305623531341553,0.19083701074123383,0.7756925821304321,0.4965216815471649,0.6891283392906189,0.19101421535015106,0.7306324243545532,-0.1422613561153412,0.9999952912330627,0.20133166015148163,0.7565209269523621,-0.1481279879808426,0.995609700679779,0.19573752582073212,0.7869887351989746,-0.10646311193704605,0.9939112663269043,defesa
shot_KS_9,4.918119430541992,0.2028452455997467,0.6727596521377563,-0.01667720638215542,0.9998317360877991,0.19813577830791473,0.6876369118690491,0.17875953018665314,0.9998889565467834,0.20856161415576935,0.6879372596740723,0.2986293137073517,0.24048806726932526,0.2157772183418274,0.6822540760040283,0.3274909555912018,0.3741661310195923,0.19924747943878174,0.6879956126213074,-0.19475020468235016,0.99992835521698,0.1969667673110962,0.7043977379798889,-0.2873636782169342,0.8945800065994263,0.19539648294448853,0.7144178748130798,-0.3075438141822815,0.7442037463188171,0.18826329708099365,0.7295781373977661,0.14265212416648865,0.9999920129776001,0.19451692700386047,0.7519081830978394,0.34497901797294617,0.3736148476600647,0.1906246691942215,0.775084912776947,0.5020114183425903,0.7123225927352905,0.1912590116262436,0.7313210368156433,-0.1426229476928711,0.9999956488609314,0.20148523151874542,0.7576895356178284,-0.15070709586143494,0.9959977865219116,0.19576621055603027,0.7869999408721924,-0.10673819482326508,0.9944453239440918,defesa
shot_KS_9,4.9818596839904785,0.20305846631526947,0.6732884645462036,-0.03344881162047386,0.9998480677604675,0.19737611711025238,0.687589704990387,0.17349021136760712,0.9998993873596191,0.20669618248939514,0.6910262703895569,0.28519394993782043,0.2649396061897278,0.21380682289600372,0.6883146166801453,0.29234740138053894,0.4182577431201935,0.19923923909664154,0.6876454949378967,-0.20785388350486755,0.9999307990074158,0.1968946009874344,0.7024171352386475,-0.32411402463912964,0.8526186943054199,0.19540457427501678,0.7077795267105103,-0.37397098541259766,0.6794614195823669,0.18785198032855988,0.7294134497642517,0.14265833795070648,0.9999925494194031,0.19402699172496796,0.7511390447616577,0.34315112233161926,0.3790428042411804,0.19061894714832306,0.774132490158081,0.5009140372276306,0.7130311727523804,0.19138668477535248,0.7312156558036804,-0.14263314008712769,0.9999957084655762,0.20139536261558533,0.7575994729995728,-0.14336778223514557,0.9959988594055176,0.19586093723773956,0.787039577960968,-0.10919348150491714,0.9945787787437439,defesa
